:020000020000FC
:2000000000400034084060140800683A000000000000000000000000000000000000000006
:20000800DEFFED04DFC00015D8400215D8800315D8C00415D9000515D9400615D98007156A
:20001000D9C00815000B307ADA000915DA400A15DA800B15DAC00C15DB000D15DB400E15C4
:20001800DB800F15DBC01015D9401115EBFFFF04DBC012150009313A2880004C10000326FA
:200020002000022600000FC000000706DF401215E8BFFF17E93FFF04000015C01000021E69
:20002800EBFFFF04DBC01215D9401117DF401217DFC000172801707AD8400217D880031714
:20003000D8C00417D9000517D9400617D9800717D9C00817DA000917DA400A17DA800B17F2
:20003800DAC00C17DB000D17DB400E17DB800F17DBC01017DEC01304EF80083ADEFFFE0424
:20004000DFC00115DC0000150009313A040000F4843713040005883A00C0004420CA703A5D
:2000480028000B26100490FA8085883A10C0001711000117183EE83A0009313A203FF51E6C
:20005000DFC00117DC000017DEC00204F800283A18C7883A10800044003FF006D0A3D217E2
:2000580010000426200B883A000D883A013FFFC41000683A003DA03A0005883AF800283AA5
:2000600006C000F4DEFA0014068000F4D68EC014008000B410B27F1400C000B418F75314B5
:2000680010C00326100000151080010410FFFD360029164000292840003FFF06DEFFFE0450
:20007000D80B883ADFC0011500003F40D9400017010000F42125870400136E800005883AD9
:20007800DFC00117DEC00204F800283ADEFFFF04DFC0001500003E400005883ADFC0001724
:20008000DEC00104F800283ADEFFFE04D9C0001531FFFFCC280D883A01400084DFC001156A
:2000880000003E000005883ADFC00117DEC00204F800283ADEFFFE04D9C0001531FFFFCC16
:20009000280D883A000B883ADFC00115000030800005883ADFC00117DEC00204F800283AAB
:20009800DEFFFF04DFC00015000041C00005883ADFC00017DEC00104F800283ADEFFFD045B
:2000A000DC000115DFC002152021883AD8000015D80B883A8009883A00005900D8800017F0
:2000A800103FFB260005883ADFC00217DC000117DEC00304F800283A214008150005883A11
:2000B00011C0052620C00017108000443180010430FFFF15003FFA060005883AF800283A10
:2000B800214008150005883A11C0052630C00017108000443180010420C00415003FFA061E
:2000C0000005883AF800283ADEFFFB04DCC00315DC0000153827883A2C003FCC01C0004421
:2000C80081CB883ADC8002153025883AD9800504DFC00415DC4001152023883A00002E0001
:2000D00099FFFFCC900D883A800B883A8809883A00002B800005883ADFC00417DCC00317CC
:2000D800DC800217DC400117DC000017DEC00504F800283ADEFFFB04DCC00315DC000015EA
:2000E0003827883A2C003FCC01C0004481CB883ADC8002153025883AD9800504DFC00415F1
:2000E800DC4001152023883A00002E0099FFFFCC900D883A800B883A8809883A00002E0003
:2000F0000005883ADFC00417DCC00317DC800217DC400117DC000017DEC00504F800283A1C
:2000F800000037410080004420800C150005883AF800283ADEFFFF04280D883A01C00044EE
:20010000014007C4DFC0001500002B800005883ADFC00017DEC00104F800283ADEFFFF041A
:20010800280D883A01C0004401400784DFC0001500002B800005883ADFC00017DEC0010490
:20011000F800283ADEFFFA04DC800315DC4002150480078404400044DC000115880F883A11
:20011800D80D883A2821883A900B883ADFC00515DCC00415D80000152027883A84003FCCC5
:2001200000002B80D8800017840004048C20983A10803FEC880F883A1420B03AD80D883AC2
:20012800900B883A9809883ADC00001500002E000005883ADFC00517DCC00417DC80031729
:20013000DC400217DC000117DEC00604F800283ADEFFFA04DC800315DC400215DC00011510
:2001380004400044048007842821883A880F883AD80D883A900B883A84003FCCDFC0051560
:20014000DCC00415D80000152027883A8400040400002B80D88000178C20983A880F883A77
:2001480010803FEC0420303A80A0703AD80D883A900B883A9809883ADC00001500002E00FE
:200150000005883ADFC00517DCC00417DC800317DC400217DC000117DEC00604F800283AB5
:20015800DEFFFE0400BFFFC401C00044D80D883A01400784DFC00115D880001500002E005E
:200160000005883ADFC00117DEC00204F800283ADEFFFD04DC00011501C000442821883A23
:20016800D80D883A01400784DFC00215D800001500002B80D8800017808000050005883A7B
:20017000DFC00217DC000117DEC00304F800283ADEFFFD04DC00011501C000442821883AE4
:20017800D80D883A01400784DFC00215D800001500002B800005883A80000005DFC00217A2
:20018000DC000117DEC00304F800283A0080013410982B0410C0003720C00015100000359F
:2001880000800044D0A3BF15F800283ADEFFFE0400800134DFC001150140004410982A044E
:20019000114000350080013410982B041000003501800034D8000015D1E3C00431818304A5
:200198000009883A00290640DFC00117DEC00204F800283ADEFF5E04DFC0A115DD009E1534
:2001A000DCC09D15DC409B15DD80A015DD409F15DC809C15DC009A15D023BF15000062C0C1
:2001A80001000134211400040000C5800440004401000134880B883A211400040000CB402C
:2001B00001000134880D883A000F883AD940990421140004DC4099150000D60001000074CD
:2001B800213BDC040006A6001009883A1023883A0009A380014001048809883A00099D40C4
:2001C000010000F421258B040500003404D05F7400137E40A501E3049CD30004D0A3BF175B
:2001C800103FFE2600BFE004D8809805008005C4D880984500800444D8809885018000448C
:2001D00000800CC401400104D9009804D88098C5000EF38001000134000F883A0180200422
:2001D800D80B883A2117000400002340DC80001700C00604908007CC1880D236100490BAA5
:2001E0001505883A108000171000683A00000AD400000AD4000007F0000007FC0000080804
:2001E800000008140000082400000AB400000834000008AC000008BC000008CC000008FC65
:2001F0000000091800000950000009840000099C000009AC000009C4000009F800000A1C9A
:2001F80000000A3400000A5800000A9000000AB4D9000117000F27C000008906D900011788
:20020000000F27C00000AC06D9000117000F284000000606D8800117D8808415D8800217F0
:2002080000006606D88001171004C03AD88084050000A206D8800117D9000217D880841510
:20021000000F27C00140FA041009883A102D883A00261300014019041009883A102B883A50
:20021800002613000140FA04B009883A1021883A00260AC001401904A809883AD88088152A
:2002200000260AC0014002848009883AD880891500260AC0014002848009883AD8808A15CD
:2002280000261300D8808B1500008006D88001171004C03AD880840500005A06D8800117D0
:20023000D8808415D880021700005E06D9400417D9000317D8008415DCC08515000F238068
:20023800D9809604D8808815D8C08915D9808C15D9400617D900051700006206D88001178B
:20024000D9400417D9000317D8808415D8800217D880881500003406D8800117D900031783
:2002480004000184D8808415D8800217D8808815000F27C0D9000517D8808C15000F27C0DC
:20025000D8809415D8800604D880901500006206D8800117D9400517D9000417D88084153C
:20025800D8008815DCC08915000F2380D8808C15D8809404D8C08D15D880901504000144BC
:2002600000005506D8800117D8808415D88002171004C03AD880880500004406D8800117A4
:20026800D8808415D880021700002006D8800117D9000217D8808415000F27C0D8808815B0
:2002700000001206D8800117D9400317D9000217D8808415000F2380D9400517D9000417F5
:20027800D8808815D8C08915000F2380D8808C15D8C08D1500002406D8800117D8808415CB
:20028000D88002171004C03AD8808805D9000317000F27C0D8808C1500001B06D880011787
:20028800D8808415D9000217000F27C0D880881500001E06D8800117D9000217D880841511
:20029000000F27C0D8808815D88003171004C03AD8808C0500000C06D8800117D940031745
:20029800D9000217D8808415000F2380D9400517D9000417D9809604D8808815D8C089156A
:2002A000D9808C15000F24400400010400001206D8800117D9400317D9000217D88084152A
:2002A800000F2380D8808815D8C08915040000C400000906D8800117D88084150400008499
:2002B00000000506010000F421258F0400137E400000010604000044010000F42125960460
:2002B80000137E40800F883AD9808004900B883A8809883A0000E3C0D023BF15003F0706C1
:2002C00031803FCC0080013431800044109815041180003500C0013418D8130400810004B0
:2002C8001880003501800134319810043080003702000134028001342005883A29403FCC86
:2002D000421812045298110402400134110FC83A4A58120439400C2E41C0003739C0100C4E
:2002D800383FFD2611C0000351C0003541C0003739C0200C383FFD2631C0003711C000055D
:2002E00010800044003FF006488000371080080C103FFD26180000350005883AF800283A72
:2002E800DEFFF604DC400615DC0005152823883A3021883A000B883A01800504D809883AD8
:2002F000DCC00815DC800715DFC009153825883ADCC00B17001353000007883A18803FCC51
:2002F8001400062ED889883A8885883A1080000318C0004420800005003FF806D8800A17A2
:200300008023883A99803FCC80A1883A81403FCCD809883A0000B00088803FCC1400062EF7
:200308009087883AD885883A108000038C40004418800005003FF8060005883ADFC00917DA
:20031000DCC00817DC800717DC400617DC000517DEC00A04F800283ADEFFFC04DC80021511
:20031800DC400115DC000015DFC003152023883A0021883A04800204800B883A8809883AD9
:2003200000004D00800B883A8809883A840000440000560084BFF81E0005883ADFC00317D9
:20032800DC800217DC400117DC000017DEC00404F800283ADEFFFC04D940011501C0004408
:20033000D9800104D800001501400184DFC00315DC0002152021883A00003740000B883AAB
:200338008009883A000044400005883ADFC00317DC000217DEC00404F800283ADEFFFC0484
:2003400001C00044D9400115D9C00015D980010401400184DFC00315DC0002152021883AEA
:2003480000003740000B883A8009883A000044400005883ADFC00317DC000217DEC0040467
:20035000F800283ADEFFFF04DFC0001500003E400005883ADFC00017DEC00104F800283AA7
:20035800DEFFFE04D9C00015300F883A280D883A000B883ADFC0011500003E000005883A79
:20036000DFC00117DEC00204F800283ADEFFFE04D9C00015300F883A280D883A014000847E
:20036800DFC00115000030800005883ADFC00117DEC00204F800283ADEFFFE04D9C0001507
:20037000300F883A280D883A01400104DFC00115000030800005883ADFC00117DEC00204A8
:20037800F800283ADEFFFF04DFC00015000041C00005883ADFC00017DEC00104F800283AFC
:20038000DEFFFD04DC000115DFC002152021883AD8000005D80B883A8009883A00005900AE
:20038800D8800003103FFB260005883ADFC00217DC000117DEC00304F800283ADEFFF70440
:20039000DC8006152025883A2809883ADCC00715DC400515DC000415DFC008152821883A32
:200398003023883A3827883A00013D401000081ED0A00417014000F4800D883A1100031721
:2003A00029659C040011780000BFFFC400014A061180021734C00A26D0A00417014000F425
:2003A800300F883A11000317800D883ADCC000152965A4040011780000BFFF8400013E06C3
:2003B000108004171000081ED0A00417014000F4800D883A110003172965B7040011780040
:2003B80000BFFF440001340630FFFFC40100014420C12836180690BA010000342103C304E9
:2003C0001907883A18C000171800683A00000F2400000F8C00001094000011F40000132CDC
:2003C8000000136400C0184480C015261C00073600C0004480C0122680000E2600C0084472
:2003D00080C00F2600C010440000080600C0284480C00B261C00023600C020440000030658
:2003D80000C0304480C0062600C0384480C1111E000003060009883A103EE83A00010D0661
:2003E0009009883A103EE83A00010A0600C009C480C03C261C001F3600C001C480C039265D
:2003E8001C00063600C0010480C0302600C0018480C0322600C000C400002B0600C008C424
:2003F00080C030261C000E3600C0060480C0F91E894004179009883A103EE83A01000134F1
:2003F80010BFFFCC000F883A01800044D940030421170004D8800315000020800000ED0656
:2004000000C0090480C0192600C0098480C01B260000E80600C0198480C018261C000A369D
:2004080000C0118480C015261C00023600C010C40000030600C011C480C0122600C018C46A
:2004100080C010260000DB0600C021C480C00D261C00023600C019C4003FF90600C029C481
:2004180080C0022600C031C480C0D21E894004179009883A103EE83A0000CE068940040324
:2004200000000106894004179009883A103EE83A0000C80600C015C480C040261C00203687
:2004280000C005C480C048261C000F3600C0024480C040261C00063600C0008480C0482626
:2004300000C0020480C0BB1E898008040000450600C0040480C0422600C0050480C040268E
:2004380000C003C40000250600C00D0480C03C261C00043600C00BC480C0312600C00C0433
:200440000000100600C013C480C02D2600C0150480C0332600C00DC480C02B260000A5061D
:2004480000C02BC480C026261C000E3600C01DC480C01A261C00053600C01BC480C020265C
:2004500000C01D0480C0262600009A0600C0250480C0232600C025C480C0102600C023C447
:200458000000060600C035C480C00C261C00053600C02DC480C0092600C033C480C01026A9
:2004600000008C0600C03DC480C0042600C043C480C00B2600C03BC4003FF8068980081763
:2004680089C00917894004179009883A103EE83A00008006898008178940040300000A06CE
:2004700089800803000007068980081789C00917894004179009883A103EE83A0000750690
:2004780089800817894004179009883A103EE83A0000700600C004C480C03C261C00153686
:2004800000C002C480C022261C00053600C0014480C0332600C0028480C02F260000650613
:2004880000C0044480C02E261C00363600C0030480C0601E88C00D1789C00C1789800817AB
:2004900089400417D8C000159009883A103EE83A0000580600C00C4480C021261C000536A4
:2004980000C0054480C01C2600C0058480C012260000500600C00D8480C00F2600C0148484
:2004A00080C0202600C00C8480C04A1E00001D0689000C1788C0091789C00817894004173B
:2004A80089800517D9000115D8C000159009883A103EE83A00003F0688C00C1789800817D0
:2004B00089C0091789400417D8C000159009883A103EE83A0000370689C00C0300000106CB
:2004B80089C00C17898008170000020689C00C1789800803894004179009883A103EE83A59
:2004C00000002C0688C00C178980081789C00917D8C0001588C00D17894004179009883A96
:2004C800D8C00115103EE83A0000220600C0038480C0201E88C010178980081789C0091709
:2004D000D8C0021588C00C17894004179009883AD8C0001588C00D17D8C00115103EE83A7C
:2004D8000000140600C0034480C0121E88C0141789C00C1789800817D8C0011588C0100F57
:2004E000894004179009883AD8C00015103EE83A00000806D0A00417014000F4800F883A81
:2004E800110003172965C3040011780000BFFF04000001060005883ADFC00817DCC00717E3
:2004F000DC800617DC400517DC000417DEC00904F800283A2006D17A208007CC0100060450
:2004F800208013361085883A010000F41085883A212B25042089883ADEFFFE04DC000015A8
:200500002400001719003FCC00C000F418E5D3041885883A10800017DFC001152080062E65
:2005080001400504002626008085883A000003060005883AF800283A0005883ADFC00117CE
:20051000DC000017DEC00204F800283ADEFFFB04DCC00315DC800215DC000015DFC004152E
:20051800DC400115008010C42025883A2827883A3821883A30800F1E3C003FCC800F883A95
:2005200001801044000144C0800F883A01801084980B883A9009883ADFC00417DCC003174B
:20052800DC800217DC400117DC000017DEC00504000144C1100B883A3023883A000994409B
:200530009084691700C0004410C06915100061151000641598C0061E00C0104488C00C1EB4
:200538008400005C84003FCC1400671500000D0600C0008498C00B1E00C0104488C0121E40
:200540008400005C84003FCC140065150000050600C0108488C0031E8400005C84003FCC67
:2005480014006815014020849009883ADFC00417DCC00317DC800217DC400117DC000017B6
:20055000DEC005040006B84100C0108488FFF51E8400005C84003FCC14006615003FF106C3
:20055800DEFFF004D8801017DC8007152825883A01401044DF000D15DDC00C15DC40061521
:20056000DC000515DFC00E15DD800B15DD400A15DD000915DCC00815202F883A3023883A30
:20056800D9C00F153839883AD88004150400808400099440843FFF848000BA268009883A3C
:200570000028B400D9C00417E00D883A1009883A180B883AD8800215D8C003150027958011
:20057800900D883A880F883A1009883A180B883A102D883A182B883A0026D300000D883A1F
:2005800001D004341009883A180B883A1029883A1827883A002786401000A216000D883A12
:2005880001D02034A009883A980B883A0027788000BFE01601D077B4000D883A39F35944F6
:20059000B009883AA80B883A00278640103FD91601D079340198003439C775C4B009883A31
:20059800A80B883A0027788000BFD216D9000417B9447517BF046A15B9046B15B9047417C4
:2005A000BC847015BC447115000D883A000F883A002770001000021EBC847415BC44751536
:2005A800B9047217B9447317000D883A000F883A002770001000021EBC847215BC447315B0
:2005B000B884691701402184B809883A10007B150006B840B884691705400044014021843D
:2005B80015407B15B809883A0006B840B884691701402184B809883A15407F1515408615BF
:2005C00015407A1510007E15100080151000811510008215100083151000841510008515A7
:2005C80010007D15100097150006B840980B883AA009883A0028AC001009883A1039883A2D
:2005D0000028B400980B883A100D883A180F883AA009883A102D883A182B883A00281C400F
:2005D800000D883A01D04C341009883A180B883A00279580180B883A1009883A0028AC0053
:2005E0001027883AB884691798FFFFCCE73FFFC410C087159807D43A17008815014021C408
:2005E80010C08915B809883A0006B84001402204B809883A0006B8408021D07AB884691775
:2005F00001402244843FFFC414008E1510008B15B809883A0006B840B944691700802304B2
:2005F800D880011528809B0429C09A04D8800015018022C429409604B809883A000EB4404B
:200600001021883A10000626014000F429661B04010000C4000A1340043FFF4400002206F8
:20060800B884691701402184B809883A10007A150006B840D880111710001B269809883ADC
:200610000028B400000D883A01CFAC341009883A180B883A00279580B00D883AA80F883A7B
:200618001009883A180B883A00264840900D883A880F883A1009883A180B883A00279580A0
:20062000D9800217D9C003171009883A180B883A0026D300D90011172080001520C0011530
:2006280000000106043FFFC48005883ADFC00E17DF000D17DDC00C17DD800B17DD400A171A
:20063000DD000917DCC00817DC800717DC400617DC000517DEC01004F800283ADEFFFD045D
:20063800DFC00215DC400115DC0000152823883A2021883A000CED000180FA04000F883A70
:200640001009883A180B883A0024E940180B883A1009883A000CF900010000F421261F0469
:2006480000137E40880B883A8009883ADFC00217DC400117DC000017DEC00304000C274129
:20065000DEFFF704DDC00715DD800615DD400515DD000415DCC00315DC800215DC400115FB
:20065800DFC00815DC0000152025883A3023883A382F883A04C00804000994400500084492
:2006600005400884058008C4BC48A6168CC107268D00C6268D40F9268D80FA2600800904FF
:200668008880FA2688BFF6C400C000441880F92E008009C48880F52688BFF6041880F52E1A
:2006700000800A848880F52600800AC48880F52600800B048880F52600800B8488815B267D
:2006780000800BC48880F3260080204488815726008020848880F12600802104888137263A
:20068000008021448880F526008021848880ED26008021C488813126008022048881312647
:200688000080224488814326008022848880E726008022C48880E72600802304888133263B
:200690000080234488814126008024848880E32688BFDB4400C0014418813C2E0080264462
:200698008880E426008026848880DE26008026C48880E026008027048880DA2600802744E4
:2006A0008880DC2688BFD88400C000441880D52E88BFD804010001442080D62E00802984B4
:2006A8008880D226008029C48880D22600802A048881262688BFD5841881242E00802B4448
:2006B0008880CE2600802B848880CE26008040048880CE26008040448880CE2600804084FF
:2006B8008880CE26008040C48880CE26008041048880CE26008041448880CE2688BFBE845B
:2006C0001880CE2E008042048880CE26008042448880CE26008042848880CE26008042C4FA
:2006C80088810A26008043048880CC26008043448880CC26008043848880CC26008043C44F
:2006D0008880CC26008044048880CC26008044448880CC26008044848880CC26008044C482
:2006D8008880CC26008045048880CC26008045448880CC26008045848880CC26008045C476
:2006E0008880CC26008046048880CC26008046448880CC26008046848880CC26008046C46A
:2006E8008880EA26008047048880CA26008047448880CA26008047848880CA26008047C446
:2006F0008880CA26008048048880CA26008048448880CA26008048848880CA26008048C45A
:2006F8008880CA26008049048880D826008049448880C826008049848880C82600808004CD
:200700008880C82688BF7FC41880C82E88BF7F44010001C42080CD2E008083048880CB2660
:20070800008090048880C32688BF6FC4010000842080C62E008100048880BA2688BEFFC4C3
:200710001880BA2E88BEFF4400C002441880BF2E008103848880BD26008110048880B526CA
:2007180088BEEFC42080B92E88BE900400C003041880B62E008180048880B02600818044FC
:200720008880B226008180848880AE2688BE7F4400C000C41880AD2E008190048880AD2688
:20072800008190448880AD26000032060403A7C49009883A000934C08CC0AA1E8007D3FA17
:2007300010C000158007D3BA18C0004C10C001158007D37A18C0004C10C002158007D33A33
:2007380018C0004C10C003158007D2FA18C0004C10C004158007D2BA18C0004C10C0051514
:200740008007D27A18C0004C10C006158007D23A18C0004C10C007158007D1FA18C0004C9E
:2007480010C008158007D1BA18C0004C10C009158007D17A18C0004C10C00A158007D13A09
:2007500018C0004C10C00B158007D0FA18C0004C10C00C158007D0BA840000CC14000E1577
:2007580018C0004C10C00D15880B883A9009883A0006B8408C400044003F03060401F7C4A5
:20076000003FCB0604155644003FC90604393914003FC70604004044003FC50604002184D7
:20076800003FC30604000404003FC106043FFFD4003FBF06040E1004003FBD06042002D41B
:20077000003FBB0604124044003FB90604014504003FB70604084004003FB50604000044F5
:20077800003FB30604196304003FB106040003C4003FAF0604195944003FAD060400FFC4BD
:20078000003FAB06043C0014003FA906040D0244003FA706041E0004003FA506040C600460
:20078800003FA30604028484003FA10604002204003F9F06040001C4003F9D06040C630445
:20079000003F9B0604250994003F990604187044003F970604041304003F950604223F5467
:20079800003F930604002784003F910604081004003F8F06040C1084003F8D060402FD0473
:2007A000003F8B06040020C4003F890604303994003F87060400F0C4003F850604002344F9
:2007A800003F830604000244003F810604206014003F7F06040A0304003F7D0604006304BB
:2007B000003F7B06040632C4003F7906040B8084003F7706042B50D4003F750604010004C6
:2007B800003F73060401E004003F7106040D9004003F6F06042E7FD4003F6D06040D010424
:2007C000003F6B060400CFC4003F690604019EC4003F670604250014003F65060404BFC49F
:2007C800003F630604002044003F61060401FFC4003F5F0604000804003F5D060403C00472
:2007D000003F5B0604080004003F59060021883A003F570604002804003F5506040408045E
:2007D800003F53068D00241E8007D2FA18C0004C10C00F158007D2BA18C0004C10C0101503
:2007E0008007D27A18C0004C10C011158007D23A18C0004C10C012158007D1FA18C0004CE8
:2007E80010C013158007D1BA18C0004C10C014158007D17A18C0004C10C015158007D13A48
:2007F00018C0004C10C016158007D0FA18C0004C10C017158007D0BA18C0004C10C0181527
:2007F8008007D07A8400004C14001A1518C0004C10C01915003F5C068D40241E8007D2FAD8
:2008000018C0004C10C01B158007D2BA18C0004C10C01C158007D27A18C0004C10C01D1583
:200808008007D23A18C0004C10C01E158007D1FA18C0004C10C01F158007D1BA18C0004C66
:2008100010C020158007D17A18C0004C10C021158007D13A18C0004C10C022158007D0FAB9
:2008180018C0004C10C023158007D0BA18C0004C10C024158007D07A8400004C1400261566
:2008200018C0004C10C02515003F37068D802C1E8007D3FA10C027158007D3BA18C0004C1F
:2008280010C028158007D37A18C0004C10C029158007D33A18C0004C10C02A158007D2FA83
:2008300018C0004C10C02B158007D2BA18C0004C10C02C158007D27A18C0004C10C02D1523
:200838008007D23A18C0004C10C02E158007D1BA18C0004C10C02F158007D17A18C0004C96
:2008400010C030158007D13A18C0004C10C031158007D0FA18C0004C10C032158007D0BA1A
:2008480018C0004C10C033158007D07A8400004C1400351518C0004C10C03415003F0A06C9
:2008500000C0090488C0171E8007D3BA10C036158007D33A18C000CC10C037158007D2BAA8
:2008580018C000CC10C038158007D23A18C000CC10C039158007D1BA18C000CC10C03A1595
:200860008007D13A18C000CC10C03B158007D0BA840000CC14003D1518C000CC10C03C1596
:20086800003EF10600C0094488C0021E14003E15003EED0600C0098488C0021E14003F1511
:20087000003EE90600C009C488C0171E8007D3BA10C040158007D33A18C000CC10C041159A
:200878008007D2BA18C000CC10C042158007D23A18C000CC10C043158007D1BA18C000CC6D
:2008800010C044158007D13A18C000CC10C045158007D0BA840000CC1400471518C000CC5A
:2008880010C04615003ED00600C00A0488C0021E14004815003ECC0600C00A4488C0021EE4
:2008900014004915003EC80600C00A8488C0121E8007D2BA18C000CC10C04A158007D23A8B
:2008980018C000CC10C04B158007D1BA18C000CC10C04C158007D13A18C000CC10C04D151D
:2008A0008007D0BA840000CC14004F1518C000CC10C04E15003EB40600C00AC488C0111E8B
:2008A8008007D3FA10C050158007D3BA18C0004C10C051158007D13A18C000CC10C05215CC
:2008B0008007D0BA18C000CC10C053158007D07A8400004C1400551518C0004C10C05415BF
:2008B800003EA10600C00B0488C0051E8007D23A84003FCC1400571510C05615003E9A0646
:2008C00000C00B8488C0031E8021D3FA14005815003E950600C00BC488C0081E8007D2FA48
:2008C80010C059158007D1BA84000FCC14005B1518C007CC10C05A15003E8B0600C0204400
:2008D00088C00C1E8007D0FA18C0004C10C05C158007D0BA18C0004C10C05D158007D07A98
:2008D8008400004C14005F1518C0004C10C05E15003E7D0600C0208488C01D1E8007D37AC5
:2008E00010C060158007D33A18C0004C10C061158007D2BA18C000CC10C062158007D23A24
:2008E80018C000CC10C063158007D17A18C0004C10C064158007D13A18C0004C10C06515C5
:2008F0008007D0FA18C0004C10C066158007D0BA18C0004C10C067158007D07A8400004C06
:2008F8001400691518C0004C10C06815003E5E0600C0210488C0151E8007D2FA18C000CCE4
:2009000010C06A158007D1BA18C007CC10C06B158007D13A18C0004C10C06C158007D0FA23
:2009080018C0004C10C06D158007D0BA18C0004C10C06E158007D07A8400004C1400701597
:2009100018C0004C10C06F15003E470600C0214488C01B1E8007D23A18C0004C10C0711511
:200918008007D1FA18C0004C10C072158007D1BA18C0004C10C073158007D17A18C0004C6E
:2009200010C074158007D13A18C0004C10C075158007D0FA18C0004C10C076158007D0BA6D
:2009280018C0004C10C077158007D07A8400004C1400791518C0004C10C07815003E2A06FD
:2009300000C0218488C0261E8007D3FA10C07A158007D3BA18C0004C10C07B158007D2FA18
:2009380018C0004C10C07C158007D2BA18C0004C10C07D158007D27A18C0004C10C07E1527
:200940008007D23A18C0004C10C07F158007D1BA18C0004C10C080158007D17A18C0004CEB
:2009480010C081158007D13A18C0004C10C082158007D0FA18C0004C10C083158007D0BA1E
:2009500018C0004C10C084158007D07A8400004C1400861518C0004C10C08515003E0206D6
:2009580000C021C488C0021E14008715003DFE0600C0220488C0061E8007D13A840003CC4A
:200960001400891518C0FFCC10C08815003DF60600C0224488C0111E8007D3FA10C08A151C
:200968008007D3BA18C0004C10C08B158007D37A18C0004C10C08C158007D2FA18C000CC67
:2009700010C08D158007D0FA840001CC14008F1518C03FCC10C08E15003DE30600C02284B9
:2009780088C00F1E8007D3BA18C0004C10C090158007D37A18C0004C10C091158007D33A3B
:2009800018C0004C10C092158007D1BA84000FCC1400941518C00FCC10C09315003DD2064E
:2009880000C022C488C0091E8007D27A18C007CC10C095158007D07A8400004C14009715E1
:2009900018C03FCC10C09615003DC70600C0230488C0141E8007D3FA10C098158007D3BA99
:2009980018C0004C10C099158007D37A18C0004C10C09A158007D33A18C0004C10C09B15EE
:2009A0008007D23A18C003CC10C09C158007D13A840003CC14009E1518C003CC10C09D15A7
:2009A800003DB10600C0234488C0031E840001CC14009F15003DAC0600C0248488C02F1EA6
:2009B0008007D3FA10C0A0158007D3BA18C0004C10C0A1158007D37A18C0004C10C0A21511
:2009B8008007D33A18C0004C10C0A3158007D2FA18C0004C10C0A4158007D2BA18C0004CA8
:2009C00010C0A5158007D27A18C0004C10C0A6158007D23A18C0004C10C0A7158007D1FA76
:2009C80018C0004C10C0A8158007D1BA18C0004C10C0A9158007D17A18C0004C10C0AA1515
:2009D0008007D13A18C0004C10C0AB158007D0FA18C0004C10C0AC158007D0BA18C0004C86
:2009D80010C0AD158007D07A8400004C1400AF1518C0004C10C0AE15003D7B0600C024C4D7
:2009E00088C02F1E8007D3FA10C0B0158007D3BA18C0004C10C0B1158007D37A18C0004CB3
:2009E80010C0B2158007D33A18C0004C10C0B3158007D2FA18C0004C10C0B4158007D2BAE5
:2009F00018C0004C10C0B5158007D27A18C0004C10C0B6158007D23A18C0004C10C0B71544
:2009F8008007D1FA18C0004C10C0B8158007D1BA18C0004C10C0B9158007D17A18C0004C02
:200A000010C0BA158007D13A18C0004C10C0BB158007D0FA18C0004C10C0BC158007D0BABA
:200A080018C0004C10C0BD158007D07A8400004C1400BF1518C0004C10C0BE15003D4A062B
:200A100000C0250488C02F1E8007D3FA10C0C0158007D3BA18C0004C10C0C1158007D37A9D
:200A180018C0004C10C0C2158007D33A18C0004C10C0C3158007D2FA18C0004C10C0C41573
:200A20008007D2BA18C0004C10C0C5158007D27A18C0004C10C0C6158007D23A18C0004C7C
:200A280010C0C7158007D1FA18C0004C10C0C8158007D1BA18C0004C10C0C9158007D17A29
:200A300018C0004C10C0CA158007D13A18C0004C10C0CB158007D0FA18C0004C10C0CC1547
:200A38008007D0BA18C0004C10C0CD158007D07A8400004C1400CF1518C0004C10C0CE1547
:200A4000003D190600C0254488C0231E8007D3FA10C0D0158007D3BA18C0004C10C0D11591
:200A48008007D37A18C0004C10C0D2158007D33A18C0004C10C0D3158007D2FA18C0004CF8
:200A500010C0D4158007D2BA18C0004C10C0D5158007D27A18C0004C10C0D6158007D23A97
:200A580018C0004C10C0D7158007D1FA18C0004C10C0D8158007D0BA18C0004C10C0D91578
:200A60008007D07A8400004C1400DB1518C0004C10C0DA15003CF40600C0258488C02F1EBA
:200A68008007D3FA10C0DC158007D3BA18C0004C10C0DD158007D37A18C0004C10C0DE15A4
:200A70008007D33A18C0004C10C0DF158007D2FA18C0004C10C0E0158007D2BA18C0004C77
:200A780010C0E1158007D27A18C0004C10C0E2158007D23A18C0004C10C0E3158007D1FA09
:200A800018C0004C10C0E4158007D1BA18C0004C10C0E5158007D17A18C0004C10C0E615A8
:200A88008007D13A18C0004C10C0E7158007D0FA18C0004C10C0E8158007D0BA18C0004C55
:200A900010C0E9158007D07A8400004C1400EB1518C0004C10C0EA15003CC30600C025C422
:200A980088C02F1E8007D3FA10C0EC158007D3BA18C0004C10C0ED158007D37A18C0004C82
:200AA00010C0EE158007D33A18C0004C10C0EF158007D2FA18C0004C10C0F0158007D2BA78
:200AA80018C0004C10C0F1158007D27A18C0004C10C0F2158007D23A18C0004C10C0F315D7
:200AB0008007D1FA18C0004C10C0F4158007D1BA18C0004C10C0F5158007D17A18C0004CD1
:200AB80010C0F6158007D13A18C0004C10C0F7158007D0FA18C0004C10C0F8158007D0BA4E
:200AC00018C0004C10C0F9158007D07A8400004C1400FB1518C0004C10C0FA15003C920678
:200AC80000C0260488C01B1E8007D23A18C0004C10C0FC158007D1FA18C0004C10C0FD15B3
:200AD0008007D1BA18C0004C10C0FE158007D17A18C0004C10C0FF158007D13A18C0004C5D
:200AD80010C100158007D0FA18C0004C10C101158007D0BA18C0004C10C102158007D07ACE
:200AE0008400004C1401041518C0004C10C10315003C750600C0264488C0051E8007D23A0C
:200AE80084003FCC1401061510C10515003C6E0600C0268488C0051E8007D23A84003FCC9D
:200AF0001401081510C10715003C670600C026C488C0051E8007D23A84003FCC14010A15B3
:200AF80010C10915003C600600C0270488C0051E8007D23A84003FCC14010C1510C10B15AE
:200B0000003C590600C0274488C0051E8007D23A84003FCC14010E1510C10D15003C5206C3
:200B080000C0278488C0051E8007D23A84003FCC1401101510C10F15003C4B0600C027C46E
:200B100088C0051E8007D23A84003FCC1401121510C11115003C440600C0280488C0051E28
:200B18008007D23A84003FCC1401141510C11315003C3D0600C0284488C0051E8007D23ABB
:200B200084003FCC1401161510C11515003C360600C0288488C0051E8007D23A84003FCC7A
:200B28001401181510C11715003C2F0600C028C488C0051E8007D23A84003FCC14011A1580
:200B300010C11915003C280600C0290488C0051E8007D23A84003FCC14011C1510C11B157B
:200B3800003C210600C0294488C0051E8007D23A84003FCC14011E1510C11D15003C1A06D9
:200B400000C0298488C0271E8007D33A18C0004C10C11F158007D2FA18C0004C10C1201561
:200B48008007D2BA18C0004C10C121158007D27A18C0004C10C122158007D23A18C0004C99
:200B500010C123158007D1FA18C0004C10C124158007D1BA18C0004C10C125158007D17AE9
:200B580018C0004C10C126158007D13A18C0004C10C127158007D0FA18C0004C10C1281507
:200B60008007D0BA18C0004C10C129158007D07A8400004C14012B1518C0004C10C12A1507
:200B6800003BF10600C029C488C0051E8007D23A84003FCC14012D1510C12C15003BEA066D
:200B700000C02A0488C0021E14012E15003BE60600C02A8488C0021E14012F15003BE2063E
:200B780000C02AC488C0021E14013015003BDE0600C02B4488C0021E14013115003BDA06C1
:200B800000C02B8488C0021E14013215003BD60600C0400488C0171E8007D3FA10C133151D
:200B88008007D3BA18C0004C10C134158007D33A18C000CC10C135158007D2BA18C000CCF1
:200B900010C136158007D0FA18C0004C10C137158007D0BA18C0004C10C138158007D07A73
:200B98008400004C14013A1518C0004C10C13915003BBD0600C0404488C00E1E8007D37A3C
:200BA00010C13B158007D2FA18C000CC10C13C158007D1BA18C007CC10C13D158007D07A4A
:200BA8008400004C14013F1518C007CC10C13E15003BAD0600C0408488C00B1E8007D3FAEE
:200BB00010C140158007D2BA18C007CC10C141158007D17A840007CC1401431518C007CCD9
:200BB80010C14215003BA00600C040C488C00C1E8007D2FA18C0004C10C144158007D2BA2A
:200BC00018C0004C10C145158007D17A840007CC1401471518C007CC10C14615003B920682
:200BC80000C0410488C0061E8007D13A840003CC1401491518C003CC10C14815003B8A06A4
:200BD00000C0414488C0141E8007D3FA10C14A158007D33A18C001CC10C14B158007D13AC6
:200BD80018C0004C10C14C158007D0FA18C0004C10C14D158007D0BA18C0004C10C14E1596
:200BE0008007D07A8400004C1401501518C0004C10C14F15003B740600C0418488C0091ED8
:200BE8008007D2BA18C007CC10C151158007D17A840007CC1401531518C007CC10C152156F
:200BF000003B690600C041C488C0091E8007D2BA18C007CC10C154158007D17A840007CCE6
:200BF8001401561518C007CC10C15515003B5E0600C0420488C0081E8007D2BA10C1571514
:200C00008007D17A840007CC1401591518C007CC10C15815003B540600C0424488C0051EF9
:200C08008007D23A84003FCC14015B1510C15A15003B4D0600C0428488C00B1E8007D3BA4C
:200C100010C15C158007D37A18C0004C10C15D158007D23A84003FCC14015F1518C007CCF1
:200C180010C15E15003B400600C042C488C0021E14016015003B3C0600C0430488C01D1E38
:200C20008007D33A10C161158007D23A18C003CC10C162158007D1FA18C0004C10C1631598
:200C28008007D1BA18C0004C10C164158007D17A18C0004C10C165158007D13A18C0004C35
:200C300010C166158007D0FA18C0004C10C167158007D0BA18C0004C10C168158007D07A42
:200C38008400004C14016A1518C0004C10C16915003B1D0600C0434488C0151E8007D1FA53
:200C400018C000CC10C16B158007D1BA18C0004C10C16C158007D13A18C0004C10C16D150E
:200C48008007D0FA18C0004C10C16E158007D0BA18C0004C10C16F158007D07A8400004C98
:200C50001401711518C0004C10C17015003B060600C0438488C0061E8007D1FA84001FCC74
:200C58001401731518C01FCC10C17215003AFE0600C043C488C0091E8007D2BA18C007CC92
:200C600010C174158007D17A840007CC1401761518C007CC10C17515003AF30600C0440410
:200C680088C0091E8007D2BA18C007CC10C177158007D17A840007CC1401791518C007CC6B
:200C700010C17815003AE80600C0444488C0061E8007D17A840007CC14017B1518C007CCB1
:200C780010C17A15003AE00600C0448488C0051E8007D33A8403FFCC14017D1510C17C15FA
:200C8000003AD90600C044C488C0091E8007D1BA18C003CC10C17E158007D0BA840000CC86
:200C88001401801518C003CC10C17F15003ACE0600C0450488C0061E8007D17A840007CCEA
:200C90001401821518C003CC10C18115003AC60600C0454488C0111E8007D3FA10C1831507
:200C98008007D3BA18C0004C10C184158007D0FA18C0004C10C185158007D0BA18C0004C85
:200CA00010C186158007D07A8400004C1401881518C0004C10C18715003AB30600C0458468
:200CA80088C0081E8007D2FA10C189158007D23A84003FCC14018B1518C001CC10C18A1510
:200CB000003AA90600C045C488C0061E8007D2FA8401FFCC14018D1518C001CC10C18C1595
:200CB800003AA10600C0460488C0081E8007D37A10C18E158007D17A840007CC1401901598
:200CC00018C007CC10C18F15003A970600C0464488C00B1E8007D3FA10C191158007D2BA84
:200CC80018C007CC10C192158007D17A840007CC1401941518C007CC10C19315003A8A0614
:200CD00000C0468488C0061E8007D27A84003FCC1401961518C007CC10C19515003A820604
:200CD80000C046C488C0031E84001FCC14019715003A7D0600C0470488C02F1E8007D3FAE8
:200CE00010C198158007D3BA18C0004C10C199158007D37A18C0004C10C19A158007D33AB3
:200CE80018C0004C10C19B158007D2FA18C0004C10C19C158007D2BA18C0004C10C19D1594
:200CF0008007D27A18C0004C10C19E158007D23A18C0004C10C19F158007D1FA18C0004CB7
:200CF80010C1A0158007D1BA18C0004C10C1A1158007D17A18C0004C10C1A2158007D13A89
:200D000018C0004C10C1A3158007D0FA18C0004C10C1A4158007D0BA18C0004C10C1A51567
:200D08008007D07A8400004C1401A71518C0004C10C1A615003A4C0600C0474488C0021E6A
:200D10001401A815003A480600C0478488C0061E8007D13A840003CC1401AA1518C0FFCC16
:200D180010C1A915003A400600C047C488C0151E8007D33A18C001CC10C1AB158007D27AC9
:200D200018C001CC10C1AC158007D1BA18C001CC10C1AD158007D0FA18C001CC10C1AE15A8
:200D28008007D0BA18C0004C10C1AF158007D07A8400004C1401B11518C0004C10C1B015AB
:200D3000003A290600C0480488C0051E8007D23A84003FCC1401B31510C1B215003A2206CA
:200D380000C0484488C00B1E8007D2FA10C1B4158007D0FA18C03FCC10C1B5158007D07A51
:200D40008400004C1401B71518C000CC10C1B615003A150600C0488488C0091E8007D33ABE
:200D480018C0004C10C1B8158007D1BA84000FCC1401BA1518C00FCC10C1B915003A0A06D8
:200D500000C048C488C0141E8007D3FA10C1BB158007D3BA18C0004C10C1BC158007D37A9A
:200D580018C0004C10C1BD158007D33A18C0004C10C1BE158007D23A18C003CC10C1BF1579
:200D60008007D13A840003CC1401C11518C003CC10C1C0150039F40600C0490488C00F1EA1
:200D68008007D13A18C0004C10C1C2158007D0FA18C0004C10C1C3158007D0BA18C0004CBA
:200D700010C1C4158007D07A8400004C1401C61518C0004C10C1C5150039E30600C04944EA
:200D780088C0021E1401C7150039DF0600C0498488C0021E1401C8150039DB0600C080049F
:200D800088C01B1E8007D27A18C0004C10C1C9158007D1FA18C000CC10C1CA158007D1BA74
:200D880018C0004C10C1CB158007D17A18C0004C10C1CC158007D13A18C0004C10C1CD1565
:200D90008007D0FA18C0004C10C1CE158007D0BA18C0004C10C1CF158007D07A8400004C8F
:200D98001401D11518C0004C10C1D0150039BE0600C0804488C0031E8401FFCC1401D21530
:200DA0000039B90600C0808488C0031E8401FFCC1401D3150039B40600C080C488C0061E5E
:200DA8008007D33A8403FFCC1401D51518C001CC10C1D4150039AC0600C0810488C0051E4C
:200DB0008007D23A84003FCC1401D71510C1D6150039A50600C0814488C0061E8007D23ADC
:200DB80084003FCC1401D91518C001CC10C1D81500399D0600C0818488C0061E8007D23A86
:200DC00084003FCC1401DB1518C001CC10C1DA150039950600C081C488C0061E8007D23A42
:200DC80084003FCC1401DD1518C001CC10C1DC1500398D0600C0820488C01D1E8007D3BA65
:200DD00010C1DE158007D37A18C0004C10C1DF158007D23A18C0004C10C1E0158007D1FAB3
:200DD80018C0004C10C1E1158007D1BA18C0004C10C1E2158007D17A18C0004C10C1E31553
:200DE0008007D13A18C0004C10C1E4158007D0FA18C0004C10C1E5158007D07A8400004C92
:200DE8001401E71518C0004C10C1E61500396E0600C0824488C0021E1401E81500396A0694
:200DF00000C0828488C0021E1401E9150039660600C0830488C0021E1401EA150039620699
:200DF80000C0900488C0091E8007D17A18C003CC10C1EB158007D07A8400004C1401ED1516
:200E000018C003CC10C1EC150039570600C0904488C0021E1401EE150039530600C0908449
:200E080088C0021E1401EF1500394F0600C090C488C0021E1401F01500394B0600C10004D6
:200E100088C0201E8007D3FA10C1F1158007D37A18C000CC10C1F2158007D27A18C0004CCA
:200E180010C1F3158007D1FA18C000CC10C1F4158007D1BA18C0004C10C1F5158007D17A2E
:200E200018C0004C10C1F6158007D13A18C0004C10C1F7158007D0FA18C0004C10C1F815CC
:200E28008007D0BA18C0004C10C1F9158007D07A8400004C1401FB1518C0004C10C1FA15CC
:200E30000039290600C1004488C0031E8401FFCC1401FC150039240600C1008488C0031E45
:200E38008401FFCC1401FD1500391F0600C100C488C0061E8007D33A8403FFCC1401FF15C5
:200E400018C001CC10C1FE150039170600C1010488C0031E840001CC1402001500391206B7
:200E480000C1014488C0061E8007D23A84003FCC1402021518C001CC10C2011500390A06F3
:200E500000C1018488C0061E8007D23A84003FCC1402041518C001CC10C2031500390206AF
:200E580000C101C488C0061E8007D23A84003FCC1402061518C001CC10C205150038FA066C
:200E600000C1020488C0021E140207150038F60600C1024488C0051E8007D13A840000CC89
:200E68001402091510C208150038EF0600C1028488C0061E8007D33A840001CC14020B154C
:200E700018C000CC10C20A150038E70600C102C488C0021E14020C150038E30600C1030499
:200E780088C01D1E8007D3BA10C20D158007D37A18C0004C10C20E158007D1FA18C0004C6C
:200E800010C20F158007D1BA18C0004C10C210158007D17A18C0004C10C211158007D13AAF
:200E880018C0004C10C212158007D0FA18C0004C10C213158007D0BA18C0004C10C214158E
:200E90008007D07A8400004C1402161518C0004C10C215150038C40600C1038488C0021E8E
:200E9800140217150038C00600C1100488C0091E8007D17A18C003CC10C218158007D07A6D
:200EA0008400004C14021A1518C003CC10C219150038B50600C1104488C0021E14021B15C0
:200EA8000038B10600C1108488C0021E14021C150038AD0600C110C488C0021E14021D1507
:200EB0000038A90600C1700488C0021E14021E150038A50600C1704488C0021E14021F154B
:200EB8000038A10600C1708488C0021E1402201500389D0600C170C488C0021E140221154F
:200EC0000038990600C1710488C0021E140222150038950600C1714488C0021E1402231551
:200EC8000038910600C1718488C0021E1402241500388D0600C171C488C0021E1402251555
:200ED0000038890600C1720488C0021E140226150038850600C1724488C0021E1402271557
:200ED8000038810600C1728488C0021E1402281500387D0600C172C488C0021E140229155B
:200EE0000038790600C1730488C0021E14022A150038750600C1800488C0021E14022B1590
:200EE8000038710600C1804488C0021E14022C1500386D0600C1808488C0021E14022D15C7
:200EF0000038690600C180C488C0021E14022E150038650600C1810488C0021E14022F15CA
:200EF8000038610600C1814488C0021E1402301500385D0600C1818488C0021E14023115CD
:200F00000038590600C1900488C0021E140232150038550600C1904488F8531E14023315A9
:200F080000385106DFC00817DDC00717DD800617DD400517DD000417DCC00317DC800217EB
:200F1000DC400117DC000017DEC00904F800283ADEFFFA04DCC00315DC800215DC40011561
:200F1800DC000015DFC00515DD0004152021883A2823883A04A0FFD404C00FC4010000F406
:200F20002126260400137E40880B883A8009883A00018DC0153FFFCC010000F4A00B883A00
:200F280021262F0400136E8095001E0E8009883A000934C010C157178009883A18C000447F
:200F300010C15715000934C01081571798800E0E8009883A000934C01081941700C007C425
:200F3800188010168009883A000934C000C0004410C157158009883A000934C010C194178E
:200F400018C0018410C194158009883A014042040006B840014046448009883A0006B840D6
:200F4800003FD606880B883A8009883A00018DC010BFFFCCDFC00517DD000417DCC003177D
:200F5000DC800217DC400117DC000017DEC00604F800283ADEFFF804DCC005153027883A3B
:200F5800DD000615DC800415000D883A01D00D342025883A2829883A2809883A980B883AB9
:200F6000DC400315DC000215DFC007150027958001D06374000D883A39E70E041009883ACF
:200F6800180B883A1021883A1823883A0027864010000B1601D070F4000D883A39C4B404BD
:200F70008009883A880B883A002778800080070E045070F40021883A8C44B40400000306E1
:200F7800045063740021883A8C670E0401D05BF4980B883A000D883A39E12004A009883A49
:200F80000026D3001009883A180B883A0028AC001027883A01D04BF48009883A880B883A1B
:200F8800000D883A39E120040026D3001009883A180B883A0028AC0014C0091E01D058F497
:200F90008009883A880B883A000D883A39C4B40400281C401021883A1823883A003FED0677
:200F98009144701791847117D8000115DC400015800F883A9009883A00015600DFC0071761
:200FA000DD000617DCC00517DC800417DC400317DC000217DEC00804F800283ADEFFF60402
:200FA800DC800215DC800A17DD0004152829883A300B883ADD800615DD400515DC40011552
:200FB000DC000015DFC00915DF000815DDC00715DCC003152023883A3821883ADD400B17AB
:200FB800058000440009944090000226A827003A00000106B027883A010000F4A80D883AA6
:200FC000980B883A2126330400136E8000800084A0800E1E8580031E8884691714C213152D
:200FC800000008068500031E8884691714C2121500000406008000C48080021E88846917D2
:200FD00014C211150141030400000E06A5800F1E8500031E8884691714C1E4150000080648
:200FD8008080031E8884691714C1E31500000406008000C48080021E8884691714C1E215B9
:200FE000014082048809883A0006B84098005A1E80FFFFC40080008410C0593600C0004420
:200FE80080C0031E00C00A04A8C00826000056068080031E00800A04A8801D260000520656
:200FF00000C01E04A8C0332600004F06A08002260400A00400000106040120040160003434
:200FF8008009883A002626008027883A85000A04102F883ABCC7C83A8580020418EB883AF0
:201000008407883A1D47883A90C7883A1980000F800B883A8809883A840000440006AE8000
:20100800B43FF71EB021883AA5BFF21E00003206A40002260400B0040000010604013004BD
:20101000016000348009883A002626008027883A85000A04102F883ABCC7C83A8580020407
:2010180018EB883A8407883A1D47883A90C7883A1980000F800B883A8809883A8400004457
:201020000006AE80B43FF71EB021883AA5BFF21E00001906A08002260140C00400000106FA
:20102800014140040167C83A2F003004282F883A2D800A049CEB883A2D0002042821883AFA
:201030008405883A1545883A9085883A1180000B800B883A8809883A840000440006AE802A
:20103800A43FF71EA00B883AB53FF31EB94010049CFFFA042F3FED1E0005883A000003063F
:2010400000BFFFC40000010600BFFF84DFC00917DF000817DDC00717DD800617DD4005179A
:20104800DD000417DCC00317DC800217DC400117DC000017DEC00A04F800283A00800804AC
:2010500028802D1E3005D3FA1080004C208000153005D3BA1080004C208001153005D37A24
:201058001080004C208002153005D33A1080004C208003153005D2FA1080004C2080041579
:201060003005D2BA1080004C208005153005D27A1080004C208006153005D23A1080004CE4
:20106800208007153005D1FA1080004C208008153005D1BA1080004C208009153005D17A39
:201070001080004C20800A153005D13A1080004C20800B153005D0FA1080004C20800C154D
:201078003005D0BA318000CC21800E151080004C20800D15F800283A008008442880241EAA
:201080003005D2FA1080004C20800F153005D2BA1080004C208010153005D27A1080004CF0
:20108800208011153005D23A1080004C208012153005D1FA1080004C208013153005D1BA3A
:201090001080004C208014153005D17A1080004C208015153005D13A1080004C208016158E
:201098003005D0FA1080004C208017153005D0BA1080004C208018153005D07A3180004CAD
:2010A00021801A151080004C20801915F800283A008008842880241E3005D2FA1080004C89
:2010A80020801B153005D2BA1080004C20801C153005D27A1080004C20801D153005D23A7A
:2010B0001080004C20801E153005D1FA1080004C20801F153005D1BA1080004C2080201550
:2010B8003005D17A1080004C208021153005D13A1080004C208022153005D0FA1080004C18
:2010C000208023153005D0BA1080004C208024153005D07A3180004C218026151080004C90
:2010C80020802515F800283A008008C428802D1E3005D3FA1080004C208027153005D3BA19
:2010D0001080004C208028153005D37A1080004C208029153005D33A1080004C20802A150E
:2010D8003005D2FA1080004C20802B153005D2BA1080004C20802C153005D27A1080004C60
:2010E00020802D153005D23A1080004C20802E153005D1BA1080004C20802F153005D17A0E
:2010E8001080004C208030153005D13A1080004C208031153005D0FA1080004C2080321563
:2010F0003005D0BA1080004C208033153005D07A3180004C218035151080004C2080341531
:2010F800F800283A008009042880181E3005D3BA108000CC208036153005D33A108000CC6C
:20110000208037153005D2BA108000CC208038153005D23A108000CC208039153005D1BA8E
:20110800108000CC20803A153005D13A108000CC20803B153005D0BA318000CC21803D15C1
:20111000108000CC20803C15F800283A008009442880031E31BFFFCC21803E15F800283A79
:20111800008009842880031E31BFFFCC21803F15F800283A008009C42880181E3005D3BAEA
:20112000108000CC208040153005D33A108000CC208041153005D2BA108000CC20804215B6
:201128003005D23A108000CC208043153005D1BA108000CC208044153005D13A108000CC61
:20113000208045153005D0BA318000CC21804715108000CC20804615F800283A00800A042D
:201138002880031E31BFFFCC21804815F800283A00800A442880031E31BFFFCC218049156A
:20114000F800283A00800A842880121E3005D2BA108000CC20804A153005D23A108000CC96
:2011480020804B153005D1BA108000CC20804C153005D13A108000CC20804D153005D0BA0D
:20115000318000CC21804F15108000CC20804E15F800283A00800AC42880121E3005D3FA1C
:201158001080004C208050153005D3BA1080004C208051153005D13A108000CC208052154F
:201160003005D0BA108000CC208053153005D07A3180004C218055151080004C20805415E0
:20116800F800283A00800B042880061E3005D23A31803FCC2180571510803FCC2080561502
:20117000F800283A00800B842880041E300DD3FA3180004C21805815F800283A00800BC46E
:201178002880091E3005D2FA108007CC208059153005D1BA31800FCC21805B15108007CC56
:2011800020805A15F800283A0080204428800C1E3005D0FA1080004C20805C153005D0BA85
:201188001080004C20805D153005D07A3180004C21805F151080004C20805E15F800283A7F
:201190000080208428801E1E3005D37A108001CC208060153005D33A1080004C208061150F
:201198003005D2BA108000CC208062153005D23A108000CC208063153005D17A1080004CF2
:2011A000208064153005D13A1080004C208065153005D0FA1080004C208066153005D0BA2B
:2011A8001080004C208067153005D07A3180004C218069151080004C20806815F800283A41
:2011B000008021042880151E3005D2FA108000CC20806A153005D1BA108007CC20806B15E0
:2011B8003005D13A1080004C20806C153005D0FA1080004C20806D153005D0BA1080004C42
:2011C00020806E153005D07A3180004C218070151080004C20806F15F800283A008021440B
:2011C80028801B1E3005D23A1080004C208071153005D1FA1080004C208072153005D1BA20
:2011D0001080004C208073153005D17A1080004C208074153005D13A1080004C2080751530
:2011D8003005D0FA1080004C208076153005D0BA1080004C208077153005D07A3180004CAE
:2011E000218079151080004C20807815F800283A008021842880271E3005D3FA1080004C6D
:2011E80020807A153005D3BA1080004C20807B153005D2FA1080004C20807C153005D2BA1B
:2011F0001080004C20807D153005D27A1080004C20807E153005D23A1080004C20807F15F0
:2011F8003005D1BA1080004C208080153005D17A1080004C208081153005D13A1080004C58
:20120000208082153005D0FA1080004C208083153005D0BA1080004C208084153005D07A31
:201208003180004C218086151080004C20808515F800283A008021C42880031E31BFFFCC34
:2012100021808715F800283A008022042880061E3005D13A318003CC218089151080FFCC5B
:2012180020808815F800283A008022442880121E3005D3FA1080004C20808A153005D3BA82
:201220001080004C20808B153005D37A1080004C20808C153005D2FA108000CC20808D1554
:201228003005D0FA318001CC21808F1510803FCC20808E15F800283A0080228428800F1EB1
:201230003005D3BA1080004C208090153005D37A1080004C208091153005D33A1080004CF9
:20123800208092153005D1BA31800FCC2180941510800FCC20809315F800283A008022C446
:201240002880091E3005D27A108007CC208095153005D07A3180004C2180971510803FCC2D
:2012480020809615F800283A008023042880151E3005D3FA1080004C208098153005D3BA72
:201250001080004C208099153005D37A1080004C20809A153005D33A1080004C20809B1539
:201258003005D23A108003CC20809C153005D13A318003CC21809E15108003CC20809D15C0
:20126000F800283A008023442880031E318001CC21809F15F800283A008024842880301E19
:201268003005D3FA1080004C2080A0153005D3BA1080004C2080A1153005D37A1080004CE1
:201270002080A2153005D33A1080004C2080A3153005D2FA1080004C2080A4153005D2BA9A
:201278001080004C2080A5153005D27A1080004C2080A6153005D23A1080004C2080A715EF
:201280003005D1FA1080004C2080A8153005D1BA1080004C2080A9153005D17A1080004CBF
:201288002080AA153005D13A1080004C2080AB153005D0FA1080004C2080AC153005D0BA70
:201290001080004C2080AD153005D07A3180004C2180AF151080004C2080AE15F800283A86
:20129800008024C42880301E3005D3FA1080004C2080B0153005D3BA1080004C2080B11591
:2012A0003005D37A1080004C2080B2153005D33A1080004C2080B3153005D2FA1080004C06
:2012A8002080B4153005D2BA1080004C2080B5153005D27A1080004C2080B6153005D23AAD
:2012B0001080004C2080B7153005D1FA1080004C2080B8153005D1BA1080004C2080B91583
:2012B8003005D17A1080004C2080BA153005D13A1080004C2080BB153005D0FA1080004CE4
:2012C0002080BC153005D0BA1080004C2080BD153005D07A3180004C2180BF151080004CC3
:2012C8002080BE15F800283A008025042880301E3005D3FA1080004C2080C0153005D3BA85
:2012D0001080004C2080C1153005D37A1080004C2080C2153005D33A1080004C2080C31541
:2012D8003005D2FA1080004C2080C4153005D2BA1080004C2080C5153005D27A1080004C2C
:2012E0002080C6153005D23A1080004C2080C7153005D1FA1080004C2080C8153005D1BAC1
:2012E8001080004C2080C9153005D17A1080004C2080CA153005D13A1080004C2080CB1515
:2012F0003005D0FA1080004C2080CC153005D0BA1080004C2080CD153005D07A3180004CE9
:2012F8002180CF151080004C2080CE15F800283A008025442880241E3005D3FA1080004CE7
:201300002080D0153005D3BA1080004C2080D1153005D37A1080004C2080D2153005D33AFD
:201308001080004C2080D3153005D2FA1080004C2080D4153005D2BA1080004C2080D515D4
:201310003005D27A1080004C2080D6153005D23A1080004C2080D7153005D1FA1080004C50
:201318002080D8153005D0BA1080004C2080D9153005D07A3180004C2180DB151080004C16
:201320002080DA15F800283A008025842880301E3005D3FA1080004C2080DC153005D3BA74
:201328001080004C2080DD153005D37A1080004C2080DE153005D33A1080004C2080DF1594
:201330003005D2FA1080004C2080E0153005D2BA1080004C2080E1153005D27A1080004C9B
:201338002080E2153005D23A1080004C2080E3153005D1FA1080004C2080E4153005D1BA14
:201340001080004C2080E5153005D17A1080004C2080E6153005D13A1080004C2080E71568
:201348003005D0FA1080004C2080E8153005D0BA1080004C2080E9153005D07A3180004C58
:201350002180EB151080004C2080EA15F800283A008025C42880301E3005D3FA1080004CCA
:201358002080EC153005D3BA1080004C2080ED153005D37A1080004C2080EE153005D33A51
:201360001080004C2080EF153005D2FA1080004C2080F0153005D2BA1080004C2080F11528
:201368003005D27A1080004C2080F2153005D23A1080004C2080F3153005D1FA1080004CC0
:201370002080F4153005D1BA1080004C2080F5153005D17A1080004C2080F6153005D13A27
:201378001080004C2080F7153005D0FA1080004C2080F8153005D0BA1080004C2080F915FC
:201380003005D07A3180004C2180FB151080004C2080FA15F800283A0080260428801B1EB0
:201388003005D23A1080004C2080FC153005D1FA1080004C2080FD153005D1BA1080004C4D
:201390002080FE153005D17A1080004C2080FF153005D13A1080004C208100153005D0FAA9
:201398001080004C208101153005D0BA1080004C208102153005D07A3180004C2181041518
:2013A0001080004C20810315F800283A008026442880061E3005D23A31803FCC21810615CE
:2013A80010803FCC20810515F800283A008026842880061E3005D23A31803FCC21810815C3
:2013B00010803FCC20810715F800283A008026C42880061E3005D23A31803FCC21810A1577
:2013B80010803FCC20810915F800283A008027042880061E3005D23A31803FCC21810C152A
:2013C00010803FCC20810B15F800283A008027442880061E3005D23A31803FCC21810E15DE
:2013C80010803FCC20810D15F800283A008027842880061E3005D23A31803FCC2181101592
:2013D00010803FCC20810F15F800283A008027C42880061E3005D23A31803FCC2181121546
:2013D80010803FCC20811115F800283A008028042880061E3005D23A31803FCC21811415F9
:2013E00010803FCC20811315F800283A008028442880061E3005D23A31803FCC21811615AD
:2013E80010803FCC20811515F800283A008028842880061E3005D23A31803FCC2181181561
:2013F00010803FCC20811715F800283A008028C42880061E3005D23A31803FCC21811A1515
:2013F80010803FCC20811915F800283A008029042880061E3005D23A31803FCC21811C15C8
:2014000010803FCC20811B15F800283A008029442880061E3005D23A31803FCC21811E157B
:2014080010803FCC20811D15F800283A008029842880271E3005D33A1080004C20811F15EF
:201410003005D2FA1080004C208120153005D2BA1080004C208121153005D27A1080004C38
:20141800208122153005D23A1080004C208123153005D1FA1080004C208124153005D1BA70
:201420001080004C208125153005D17A1080004C208126153005D13A1080004C20812715C4
:201428003005D0FA1080004C208128153005D0BA1080004C208129153005D07A3180004CF5
:2014300021812B151080004C20812A15F800283A008029C42880061E3005D23A31803FCC6E
:2014380021812D1510803FCC20812C15F800283A00802A042880031E31BFFFCC21812E15C2
:20144000F800283A00802A842880031E31BFFFCC21812F15F800283A00802AC42880031E09
:2014480031BFFFCC21813015F800283A00802B442880031E31BFFFCC21813115F800283AD3
:2014500000802B842880031E31BFFFCC21813215F800283A008040042880181E3005D3FAE2
:201458001080004C208133153005D3BA1080004C208134153005D33A108000CC208135159E
:201460003005D2BA108000CC208136153005D0FA1080004C208137153005D0BA1080004C00
:20146800208138153005D07A3180004C21813A151080004C20813915F800283A00804044E0
:2014700028800F1E3005D37A108001CC20813B153005D2FA108000CC20813C153005D1BAA8
:20147800108007CC20813D153005D07A3180004C21813F15108007CC20813E15F800283ADB
:201480000080408428800C1E3005D3FA1080004C208140153005D2BA108007CC2081411547
:201488003005D17A318007CC21814315108007CC20814215F800283A008040C428800C1E3B
:201490003005D2FA1080004C208144153005D2BA1080004C208145153005D17A318007CCC9
:2014980021814715108007CC20814615F800283A008041042880061E3005D13A318003CC2C
:2014A00021814915108003CC20814815F800283A008041442880151E3005D3FA1080004CB7
:2014A80020814A153005D33A108001CC20814B153005D13A1080004C20814C153005D0FA67
:2014B0001080004C20814D153005D0BA1080004C20814E153005D07A3180004C218150151B
:2014B8001080004C20814F15F800283A008041842880091E3005D2BA108007CC208151159A
:2014C0003005D17A318007CC21815315108007CC20815215F800283A008041C42880091EE5
:2014C8003005D2BA108007CC208154153005D17A318007CC21815615108007CC2081551557
:2014D000F800283A008042042880091E3005D2BA10800FCC208157153005D17A318007CCD0
:2014D80021815915108007CC20815815F800283A008042442880061E3005D23A31803FCC4A
:2014E00021815B1510803FCC20815A15F800283A0080428428800C1E3005D3BA108000CC9F
:2014E80020815C153005D37A1080004C20815D153005D23A31803FCC21815F15108007CCEB
:2014F00020815E15F800283A008042C42880031E31BFFFCC21816015F800283A008043042C
:2014F80028801E1E3005D33A108003CC208161153005D23A108003CC208162153005D1FA80
:201500001080004C208163153005D1BA1080004C208164153005D17A1080004C20816515A9
:201508003005D13A1080004C208166153005D0FA1080004C208167153005D0BA1080004CF8
:20151000208168153005D07A3180004C21816A151080004C20816915F800283A00804344A4
:201518002880151E3005D1FA108000CC20816B153005D1BA1080004C20816C153005D13A5D
:201520001080004C20816D153005D0FA1080004C20816E153005D0BA1080004C20816F15ED
:201528003005D07A3180004C218171151080004C20817015F800283A008043842880061E90
:201530003005D1FA31801FCC2181731510801FCC20817215F800283A008043C42880091E82
:201538003005D2BA108007CC208174153005D17A318007CC21817615108007CC2081751586
:20154000F800283A008044042880091E3005D2BA108007CC208177153005D17A318007CC45
:2015480021817915108007CC20817815F800283A008044442880061E3005D17A318007CC90
:2015500021817B15108007CC20817A15F800283A008044842880061E3005D33A3183FFCC87
:2015580021817D15108003CC20817C15F800283A008044C42880091E3005D1BA108003CCDE
:2015600020817E153005D0BA318000CC21818015108003CC20817F15F800283A008045040D
:201568002880061E3005D17A318007CC21818215108003CC20818115F800283A0080454461
:201570002880121E3005D3FA1080004C208183153005D3BA1080004C208184153005D0FA95
:201578001080004C208185153005D0BA1080004C208186153005D07A3180004C21818815AA
:201580001080004C20818715F800283A008045842880091E3005D2FA108007CC208189151D
:201588003005D23A31803FCC21818B15108001CC20818A15F800283A008045C42880061EB8
:201590003005D2FA3181FFCC21818D15108001CC20818C15F800283A008046042880091EE7
:201598003005D37A108001CC20818E153005D17A318007CC21819015108007CC20818F151D
:2015A000F800283A0080464428800C1E3005D3FA1080004C208191153005D2BA108007CCAC
:2015A800208192153005D17A318007CC21819415108007CC20819315F800283A008046843C
:2015B0002880061E3005D27A31803FCC21819615108007CC20819515F800283A008046C433
:2015B8002880031E31801FCC21819715F800283A008047042880301E3005D3FA1080004C67
:2015C000208198153005D3BA1080004C208199153005D37A1080004C20819A153005D33AE0
:2015C8001080004C20819B153005D2FA1080004C20819C153005D2BA1080004C20819D15B7
:2015D0003005D27A1080004C20819E153005D23A1080004C20819F153005D1FA1080004CFC
:2015D8002081A0153005D1BA1080004C2081A1153005D17A1080004C2081A2153005D13AB6
:2015E0001080004C2081A3153005D0FA1080004C2081A4153005D0BA1080004C2081A5158B
:2015E8003005D07A3180004C2181A7151080004C2081A615F800283A008047442880031EA3
:2015F00031BFFFCC2181A815F800283A008047842880061E3005D13A318003CC2181AA152F
:2015F8001080FFCC2081A915F800283A008047C42880151E3005D33A108001CC2081AB1559
:201600003005D27A108001CC2081AC153005D1BA108001CC2081AD153005D0FA108001CCAE
:201608002081AE153005D0BA1080004C2081AF153005D07A3180004C2181B1151080004C9E
:201610002081B015F800283A008048042880061E3005D23A31803FCC2181B31510803FCC60
:201618002081B215F800283A0080484428800C1E3005D2FA108007CC2081B4153005D0FA45
:2016200010803FCC2081B5153005D07A3180004C2181B715108000CC2081B615F800283A98
:20162800008048842880091E3005D33A1080004C2081B8153005D1BA31800FCC2181BA153E
:2016300010800FCC2081B915F800283A008048C42880151E3005D3FA1080004C2081BB15B0
:201638003005D3BA1080004C2081BC153005D37A1080004C2081BD153005D33A1080004C93
:201640002081BE153005D23A108003CC2081BF153005D13A318003CC2181C115108003CC6A
:201648002081C015F800283A0080490428800F1E3005D13A1080004C2081C2153005D0FA7D
:201650001080004C2081C3153005D0BA1080004C2081C4153005D07A3180004C2181C61517
:201658001080004C2081C515F800283A008049442880031E31BFFFCC2181C715F800283A58
:20166000008049842880031E31BFFFCC2181C815F800283A0080800428801B1E3005D27A5A
:201668001080004C2081C9153005D1FA108000CC2081CA153005D1BA1080004C2081CB150E
:201670003005D17A1080004C2081CC153005D13A1080004C2081CD153005D0FA1080004C02
:201678002081CE153005D0BA1080004C2081CF153005D07A3180004C2181D1151080004CCE
:201680002081D015F800283A008080442880031E3181FFCC2181D215F800283A0080808479
:201688002880031E3181FFCC2181D315F800283A008080C42880061E3005D33A3183FFCCC7
:201690002181D515108001CC2081D415F800283A008081042880061E3005D23A31803FCC9F
:201698002181D71510803FCC2081D615F800283A008081442880061E3005D23A31803FCC15
:2016A0002181D915108001CC2081D815F800283A008081842880061E3005D23A31803FCC07
:2016A8002181DB15108001CC2081DA15F800283A008081C42880061E3005D23A31803FCCBB
:2016B0002181DD15108001CC2081DC15F800283A0080820428801E1E3005D3BA108000CC35
:2016B8002081DE153005D37A1080004C2081DF153005D23A1080004C2081E0153005D1FAD8
:2016C0001080004C2081E1153005D1BA1080004C2081E2153005D17A1080004C2081E3156E
:2016C8003005D13A1080004C2081E4153005D0FA1080004C2081E5153005D07A3180004C5A
:2016D0002181E7151080004C2081E615F800283A008082442880031E31BFFFCC2181E81521
:2016D800F800283A008082842880031E31BFFFCC2181E915F800283A008083042880031EC4
:2016E00031BFFFCC2181EA15F800283A008090042880091E3005D17A108003CC2081EB15D1
:2016E8003005D07A3180004C2181ED15108003CC2081EC15F800283A008090442880031E4A
:2016F00031BFFFCC2181EE15F800283A008090842880031E31BFFFCC2181EF15F800283A08
:2016F800008090C42880031E31BFFFCC2181F015F800283A008100042880211E3005D3FA0B
:201700001080004C2081F1153005D37A108000CC2081F2153005D27A1080004C2081F315BA
:201708003005D1FA108000CC2081F4153005D1BA1080004C2081F5153005D17A1080004C18
:201710002081F6153005D13A1080004C2081F7153005D0FA1080004C2081F8153005D0BAFC
:201718001080004C2081F9153005D07A3180004C2181FB151080004C2081FA15F800283A12
:20172000008100442880031E3181FFCC2181FC15F800283A008100842880031E3181FFCC46
:201728002181FD15F800283A008100C42880061E3005D33A3183FFCC2181FF15108001CCAE
:201730002081FE15F800283A008101042880031E318001CC21820015F800283A00810144E6
:201738002880061E3005D23A31803FCC21820215108001CC20820115F800283A0081018499
:201740002880061E3005D23A31803FCC21820415108001CC20820315F800283A008101C44D
:201748002880061E3005D23A31803FCC21820615108001CC20820515F800283A0081020400
:201750002880031E31BFFFCC21820715F800283A008102442880061E3005D13A318000CC8C
:20175800218209151083FFCC20820815F800283A008102842880061E3005D33A318001CCA6
:2017600021820B15108000CC20820A15F800283A008102C42880031E31BFFFCC21820C15A0
:20176800F800283A0081030428801E1E3005D3BA108000CC20820D153005D37A1080004C5B
:2017700020820E153005D1FA1080004C20820F153005D1BA1080004C208210153005D17A0F
:201778001080004C208211153005D13A1080004C208212153005D0FA1080004C2082131523
:201780003005D0BA1080004C208214153005D07A3180004C218216151080004C20821515F1
:20178800F800283A008103842880031E31BFFFCC21821715F800283A008110042880091ECE
:201790003005D17A108003CC208218153005D07A3180004C21821A15108003CC208219150E
:20179800F800283A008110442880031E31BFFFCC21821B15F800283A008110842880031E73
:2017A00031BFFFCC21821C15F800283A008110C42880031E31BFFFCC21821D15F800283A38
:2017A800008170042880031E31BFFFCC21821E15F800283A008170442880031E31BFFFCCBF
:2017B00021821F15F800283A008170842880031E31BFFFCC21822015F800283A008170C408
:2017B8002880031E31BFFFCC21822115F800283A008171042880031E31BFFFCC2182221506
:2017C000F800283A008171442880031E31BFFFCC21822315F800283A008171842880031E81
:2017C80031BFFFCC21822415F800283A008171C42880031E31BFFFCC21822515F800283A9F
:2017D000008172042880031E31BFFFCC21822615F800283A008172442880031E31BFFFCC8B
:2017D80021822715F800283A008172842880031E31BFFFCC21822815F800283A008172C4CC
:2017E0002880031E31BFFFCC21822915F800283A008173042880031E31BFFFCC21822A15CC
:2017E800F800283A008180042880031E31BFFFCC21822B15F800283A008180442880031EB3
:2017F00031BFFFCC21822C15F800283A008180842880031E31BFFFCC21822D15F800283A98
:2017F800008180C42880031E31BFFFCC21822E15F800283A008181042880031E31BFFFCCBE
:2018000021822F15F800283A008181442880031E31BFFFCC21823015F800283A00818184F5
:201808002880031E31BFFFCC21823115F800283A008190042880031E31BFFFCC2182321576
:20181000F800283A008190442880021E31BFFFCC21823315F800283ADEFFF304DCC00615B6
:20181800DC40041504C00804047FFFD4880D883A980B883ADFC00C15DF000B15DDC00A151E
:20182000DD800915DD400815DD000715DC800515DC0003152021883A000413C08009883A6B
:201828000183A7C401400844000413C08009883A0181F7C401400884000413C08009883AD6
:2018300001955644014008C4000413C005393914A00D883A8009883A01400904000413C01A
:2018380004804044900D883A8009883A01400944000413C0900D883A8009883A0140098401
:20184000000413C0A00D883A8009883A014009C4000413C0900D883A8009883A01400A0419
:20184800000413C0900D883A8009883A01400A44000413C005402184A80D883A8009883AED
:2018500001400A84000413C08009883A0180040401400AC4000413C0880D883A8009883A76
:2018580001400B04000413C08009883A000D883A01400B84000413C08009883A018E10049A
:2018600001400BC4000413C005802044B00B883A8009883A000D883A000413C08009883ADF
:2018680001A002D401402084000413C005010004A00D883A8009883A01402104000413C02C
:2018700004400044880D883A8009883A01402144000413C0A80B883A8009883A01924044DA
:20187800000413C0A00D883A8009883A014021C4000413C001C022040701E004380B883AEA
:20188000E00D883A8009883AD9C00115000413C0980D883A8009883A01402244000413C098
:201888008009883A0181450401402284000413C08009883A01884004014022C4000413C056
:2018900005C19EC4B80D883A8009883A01402304000413C000802344100B883A8009883AF0
:20189800000D883AD8800215000413C0880D883A8009883A01402484000413C08009883A6E
:2018A000000D883A014024C4000413C08009883A000D883A01402504000413C08009883AB3
:2018A800000D883A01402544000413C08009883A000D883A01402584000413C08009883AAA
:2018B000000D883A014025C4000413C08009883A000D883A0140260404595944000413C0F2
:2018B800880D883A8009883A01402644000413C005596304A80D883A8009883A014026847A
:2018C000000413C0880D883A8009883A014026C4000413C0A80D883A8009883A014027045F
:2018C800000413C0880D883A8009883A01402744000413C000C02784180B883AA80D883A3D
:2018D0008009883AD8C00015000413C0A80D883A8009883A014027C4000413C005402804F3
:2018D800880D883AA80B883A8009883A000413C0880D883A8009883A01402844000413C0DC
:2018E000880D883A8009883A01402884000413C0880D883A8009883A014028C4000413C0DC
:2018E800880D883A8009883A01402904000413C0880D883A8009883A01402944000413C0D2
:2018F0008009883A018003C401402984000413C0880D883A8009883A014029C4000413C0D9
:2018F8008009883A000D883A01402A04000413C08009883A000D883A01402A84000413C090
:201900008009883A000D883A01402AC4000413C08009883A0180FFC401402B44000413C091
:201908008009883A01BC001401402B84000413C08009883A018D024401404004000413C061
:20191000900B883A8009883A019E0004000413C08009883A018C600401404084000413C07D
:201918008009883A01828484014040C4000413C0D9C001178009883A01404104380D883A34
:20192000000413C08009883A018001C401404144000413C0044C6304880D883A8009883A49
:2019280001404184000413C0880D883A8009883A014041C4000413C08009883A01A5099475
:2019300001404204000413C08009883A0198704401404244000413C08009883A018413041C
:2019380001404284000413C08009883A000D883A014042C4000413C08009883A01A23F54F8
:2019400001404304000413C0D8C000178009883A01404344180D883A000413C08009883A5D
:201948000188100401404384000413C08009883A018C1084014043C4000413C08009883A2D
:201950000182FD0401404404000413C08009883A018020C401404444000413C08009883AF8
:2019580001B0399401404484000413C08009883A0180F0C4014044C4000413C0D880021700
:201960008009883A01404504100D883A000413C08009883A0180024401404544000413C029
:201968008009883A01A0601401404584000413C08009883A018A0304014045C4000413C020
:201970008009883A0180630401404604000413C08009883A018632C401404644000413C058
:201978008009883A018B808401404684000413C08009883A000D883A014046C4000413C056
:201980008009883A01AB50D401404704000413C0A00D883A8009883A01404744000413C06C
:20198800E00D883A8009883A01404784000413C08009883A018D9004014047C4000413C0D2
:201990008009883A01AE7FD401404804000413C08009883A018D010401404844000413C004
:201998008009883A0180CFC401404884000413C0B80D883A8009883A014048C4000413C0F6
:2019A0008009883A000D883A01404904000413C08009883A01A5001401404944000413C0FE
:2019A8008009883A0184BFC401404984000413C0B00D883A8009883A01408004000413C081
:2019B0000441FFC4880D883A8009883A01408044000413C0880D883A8009883A01408084AA
:2019B800000413C08009883A000D883A014080C4000413C08009883A000D883A01408104E2
:2019C000000413C08009883A000D883A01408144000413C08009883A000D883A01408184D9
:2019C800000413C08009883A000D883A014081C4000413C08009883A000D883A01408204D0
:2019D000000413C08009883A000D883A01408244000413C08009883A000D883A01408284C7
:2019D800000413C08009883A000D883A01408304000413C0980D883A8009883A01409004D8
:2019E000000413C08009883A000D883A01409044000413C08009883A000D883A014090849B
:2019E800000413C08009883A000D883A014090C4000413C0B00D883AA00B883A8009883A4B
:2019F000000413C0880D883A8009883A01410044000413C0880D883A8009883A0141008499
:2019F800000413C08009883A000D883A014100C4000413C08009883A000D883A01410104A0
:201A0000000413C08009883A000D883A01410144000413C08009883A000D883A0141018496
:201A0800000413C08009883A000D883A014101C4000413C08009883A000D883A014102048D
:201A1000000413C08009883A000D883A01410244000413C08009883A000D883A0141028484
:201A1800000413C08009883A000D883A014102C4000413C08009883A000D883A014103047B
:201A2000000413C08009883A000D883A01410384000413C0980D883A8009883A014110040D
:201A2800000413C08009883A000D883A01411044000413C08009883A000D883A0141108450
:201A3000000413C08009883A000D883A014110C4000413C08009883A000D883A01417004E8
:201A3800000413C08009883A000D883A01417044000413C08009883A000D883A0141708480
:201A4000000413C08009883A000D883A014170C4000413C08009883A000D883A0141710477
:201A4800000413C08009883A000D883A01417144000413C08009883A000D883A014171846E
:201A5000000413C08009883A000D883A014171C4000413C08009883A000D883A0141720465
:201A5800000413C08009883A000D883A01417244000413C08009883A000D883A014172845C
:201A6000000413C08009883A000D883A014172C4000413C08009883A000D883A0141730453
:201A6800000413C08009883A0183C00401418004000413C08009883A000D883A0141804437
:201A7000000413C08009883A0188000401418084000413C08009883A000D883A014180C4EA
:201A7800000413C08009883A000D883A01418104000413C08009883A000D883A014181449E
:201A8000000413C08009883A000D883A01418184000413C0A80D883A8009883A014190049F
:201A8800000413C001840804014190448009883ADFC00C17DF000B17DDC00A17DD80091777
:201A9000DD400817DD000717DCC00617DC800517DC400417DC000317DEC00D04000413C11A
:201A9800DEFFFD04DC000015040000F484329D04DC40011584400104810000158809883A2C
:201AA000DFC0021500060580810235040006058000905F7410930004808471158005883AC3
:201AA8008444691580046A1580046B1580046C1580046D1580046E1580046F1580047015AE
:201AB00080047215800473158004741580047515DFC00217DC400117DC000017DEC0030460
:201AB800F800283AF800283A280A943ADEFFFD0431BFFFCCDC00001534200034DC40011516
:201AC0008160B03A2023883A010000F4800B883A21263804DFC0021500136E80888000179B
:201AC800000B883A8009883ADFC00217DC400117DC000017DEC003041000683A2806943AB4
:201AD00020800017DEFFFE041809883ADFC00115DC00001501400044103EE83A010000F4ED
:201AD800100B883A212638041021883A00136E8080BFFFCCDFC00117DC000017DEC0020442
:201AE000F800283ADEFFFC04DC800215DC400115DFC00315DC00001500C008042025883A8F
:201AE8002823883A2084691728C03B1E10C00017180693FA1C3FFFCC10C0011718C0004CA8
:201AF000180693BA80C6B03A14000E17840000CC1C20B03A10C0021718C0004C1806937A54
:201AF80080E0B03A10C0031718C0004C1806933A80E0B03A10C0041718C0004C180692FA88
:201B000080E0B03A10C0051718C0004C180692BA80E0B03A10C0061718C0004C1806927A7C
:201B080080E0B03A10C0071718C0004C1806923A80E0B03A10C00817180691FA18C03FCCB2
:201B100080E0B03A10C0091718C0004C180691BA80E0B03A10C00A1718C0004C1806917A66
:201B180080E0B03A10C00B1718C0004C1806913A80E0B03A10C00C1718C0004C180690FA5B
:201B200080E0B03A10C00D1718C0004C18C7883A18C7883A0000300600C0084428C0301E89
:201B280011000F1710C01A172100004C200A92FA1100101718C0004C2100004C200892BA05
:201B30002148B03A20C6B03A110011172100004C2008927A1906B03A110012172100004CE8
:201B38002008923A1906B03A11001317200891FA21003FCC1906B03A110014172100004CC4
:201B4000200891BA1906B03A110015172100004C2008917A1906B03A110016172100004C78
:201B48002008913A1906B03A110017172100004C200890FA1920B03A10C0181718C0004CDD
:201B500018C7883A18C7883A80C6B03A140019178400004C8421883A1C20B03A00009306C9
:201B580000C0088428C0301E11001B1710C01C172100004C18C0004C180692BA200892FAF6
:201B600020C8B03A10C0261718C0004C20C6B03A11001D172100004C2008927A1906B03AA3
:201B680011001E172100004C2008923A1906B03A11001F17200891FA21003FCC1906B03A7E
:201B7000110020172100004C200891BA1906B03A110021172100004C2008917A1906B03A32
:201B7800110022172100004C2008913A1906B03A110023172100004C200890FA1920B03A0D
:201B800010C0241718C0004C18C7883A18C7883A80C6B03A140025178400004C8421883A1D
:201B88001C20B03A0000660600C008C428C03C1E1100271710C02817200893FA18C0004CA6
:201B9000180693BA213FFFCC20C8B03A10C0351718C0004C20C6B03A110029172100004CFF
:201B98002008937A1906B03A11002A172100004C2008933A1906B03A11002B172100004C72
:201BA000200892FA1906B03A11002C172100004C200892BA1906B03A11002D172100004C68
:201BA8002008927A1906B03A11002E172100004C2008923A1906B03A11002F172100004C5C
:201BB000200891BA1906B03A110030172100004C2008917A1906B03A110031172100004CD2
:201BB8002008913A1906B03A110032172100004C200890FA1920B03A10C0331718C0004C37
:201BC00018C7883A18C7883A80C6B03A140034178400004C8421883A1C20B03A00002D06A4
:201BC80000C0090428C0201E10C03617180693BA1C3FFFCC10C0371718C000CC1806933AAF
:201BD00080C6B03A14003D17840000CC1C20B03A10C0381718C000CC180692BA80E0B03A70
:201BD80010C0391718C000CC1806923A80E0B03A10C03A17180691BA18C03FCC80E0B03A3E
:201BE00010C03B1718C000CC1806913A80E0B03A10C03C1718C000CC18C7883A18C7883AE3
:201BE80080E0B03A000033060021883A00C0094488C0031E10C03E0B80E0B03A0000320666
:201BF00000C0098488C0031E10C03F0B80E0B03A0000480600C009C488C0211E11004017F1
:201BF80010C0411711404417200893BA18C000CC1806933A213FFFCC280A91BA20C8B03A7B
:201C000010C0471729403FCC18C000CC20C6B03A11004217210000CC200892BA1906B03ADA
:201C080011004317210000CC2008923A1906B03A110045171946B03A210000CC2008913AD1
:201C10001908B03A10C0461718C000CC18C7883A18C7883A20C6B03A80E0B03A0000400636
:201C180000C00A0488C0031E10C0480B80E0B03A0000440600C00A4488C0031E10C0490B23
:201C200080E0B03A0000460600C00A8488C0191E11404A1710C04B1711004D17294000CCB3
:201C280018C000CC1806923A280A92BA210000CC2008913A28CAB03A10C04F1718C000CCFA
:201C300028C6B03A11404C17280A91BA29403FCC1946B03A1908B03A10C04E1718C000CCEA
:201C380018C7883A18C7883A20C6B03A80E0B03A0000390600C00AC488C0191E114050172C
:201C400010C0511711005217280A93FA18C0004C180693BA297FFFCC210000CC28CAB03A48
:201C480010C055172008913A18C0004C28C6B03A1908B03A10C0531718C000CC18C7883AC7
:201C500018C7883A20C6B03A110054172100004C2109883A1906B03A80E0B03A00003106A4
:201C580000C00B0488C0071E10C05617110057031806923A18FFFFCC1906B03A80E0B03A69
:201C60000000530600C00B8488C0051E10C05817180693FA18FFFFCC80E0B03A00006B06CA
:201C680000C00BC488C00C1E10C05917180692FA193FFFCC10C05A1718C007CC180691BAF9
:201C700020C6B03A11005B1721000FCC1906B03A80E0B03A0000840600C0204488C0111E8D
:201C780010C05C1718C0004C180890FA10C05D1718C0004C18C7883A18C7883A20C6B03AC1
:201C800011005F172100004C1906B03A11005E172100004C2109883A1906B03A80E0B03A15
:201C88000000A80600C0208488C0291E1100601710C06117114065172008937A18C0004CA5
:201C90001806933A213FFFCC2940004C20C8B03A10C06917280A913A18C0004C20C6B03A56
:201C980011006217210000CC200892BA1906B03A11006317210000CC2008923A1906B03AC3
:201CA000110064172100004C2008917A1906B03A110066171946B03A2100004C200890FAF9
:201CA8001908B03A10C0671718C0004C18C7883A18C7883A20C6B03A110068172100004C90
:201CB0002109883A1906B03A80E0B03A0000820600C0210488C01D1E11406A1710C06B17C1
:201CB80011006D17294000CC18C007CC180691BA280A92FA2100004C200890FA28CAB03A75
:201CC00010C0701718C0004C28C6B03A11406C172940004C280A913A1946B03A1908B03AD7
:201CC80010C06E1718C0004C18C7883A18C7883A20C6B03A11006F172100004C2109883A81
:201CD0001906B03A80E0B03A00006D0600C0214488C0251E1100711710C0721711407517AF
:201CD8002100004C180691FA2008923A2940004C18C03FCC20C8B03A10C07917280A913A1B
:201CE00018C0004C20C6B03A110073172100004C200891BA1906B03A110074172100004C63
:201CE8002008917A1906B03A110076171946B03A2100004C200890FA1908B03A10C0771731
:201CF00018C0004C18C7883A18C7883A20C6B03A110078172100004C2109883A1906B03A9C
:201CF80080E0B03A00005F0600C0218488C0351E11007A1710C07B1711408217200893FA7A
:201D000018C0004C180693BA213FFFCC2940004C20C8B03A10C08617280A913A18C0004CF4
:201D080020C6B03A11007C172100004C200892FA1906B03A11007D172100004C200892BA97
:201D10001906B03A11007E172100004C2008927A1906B03A11007F172100004C2008923A52
:201D18001906B03A110080172100004C200891BA1906B03A110081172100004C2008917AC8
:201D20001906B03A110083171946B03A2100004C200890FA1908B03A10C0841718C0004CED
:201D280018C7883A18C7883A20C6B03A110085172100004C2109883A1906B03A80E0B03A30
:201D300000003E0600C021C488C0031E10C0870B80E0B03A0000460600C0220488C0081EF5
:201D380010C0881718C0FFCC1808913A10C0891718C003CC20C6B03A80E0B03A00005A06FD
:201D400000C0224488C0171E11408A1710C08B1711008C17280A93FA18C0004C180693BA7A
:201D4800297FFFCC2100004C28CAB03A10C08F172008937A18C001CC28C6B03A1908B03A8C
:201D500010C08D1718C000CC180692FA20C6B03A11008E03200890FA1906B03A80E0B03A3A
:201D58000000470600C0228488C0141E1140901710C09117110092172940004C18C0004C3B
:201D60001806937A280A93BA2100004C2008933A28CAB03A10C0941718C00FCC28C6B03A75
:201D68001908B03A10C0931718C00FCC180691BA20C6B03A80E0B03A0000740600C022C480
:201D700088C00B1E10C0951718C007CC1808927A10C0960318C7883A20C6B03A11009717F6
:201D78002100004C1906B03A80E0B03A0000AA0600C0230488C01C1E1140981710C09917F2
:201D800011009A17280A93FA18C0004C180693BA297FFFCC2100004C28CAB03A10C09E17F2
:201D88002008937A18C003CC28C6B03A11409B171906B03A11009C172940004C280A933A03
:201D9000210003CC2008923A1946B03A1908B03A10C09D171806913A18C03FCC20C6B03ADB
:201D980080E0B03A0000CF0600C0234488C0041E10C09F1718C001CC80E0B03A0000FC0604
:201DA00000C0248488C0411E1100A01710C0A1171140AB17200893FA18C0004C180693BA6D
:201DA800213FFFCC2940004C20C8B03A10C0AF17280A913A18C0004C20C6B03A1100A21718
:201DB0002100004C2008937A1906B03A1100A3172100004C2008933A1906B03A1100A41766
:201DB8002100004C200892FA1906B03A1100A5172100004C200892BA1906B03A1100A6175C
:201DC0002100004C2008927A1906B03A1100A7172100004C2008923A1906B03A1100A81750
:201DC800200891FA21003FCC1906B03A1100A9172100004C200891BA1906B03A1100AA1787
:201DD0002100004C2008917A1906B03A1100AC171946B03A2100004C200890FA1908B03A03
:201DD80010C0AD1718C0004C18C7883A18C7883A20C6B03A1100AE172100004C2109883AF2
:201DE0001906B03A80E0B03A0000FC0600C024C488C0411E1100B01710C0B1171140BB17AC
:201DE800200893FA18C0004C180693BA213FFFCC2940004C20C8B03A10C0BF17280A913A42
:201DF00018C0004C20C6B03A1100B2172100004C2008937A1906B03A1100B3172100004C12
:201DF8002008933A1906B03A1100B4172100004C200892FA1906B03A1100B5172100004C7D
:201E0000200892BA1906B03A1100B6172100004C2008927A1906B03A1100B7172100004C71
:201E08002008923A1906B03A1100B817200891FA21003FCC1906B03A1100B9172100004CA7
:201E1000200891BA1906B03A1100BA172100004C2008917A1906B03A1100BC171946B03A7E
:201E18002100004C200890FA1908B03A10C0BD1718C0004C18C7883A18C7883A20C6B03AA6
:201E20001100BE172100004C2109883A1906B03A80E0B03A0000FC0600C0250488C0411E7E
:201E28001100C01710C0C1171140CB17200893FA18C0004C180693BA213FFFCC2940004CB3
:201E300020C8B03A10C0CF17280A913A18C0004C20C6B03A1100C2172100004C2008937A8D
:201E38001906B03A1100C3172100004C2008933A1906B03A1100C4172100004C200892FA1E
:201E40001906B03A1100C5172100004C200892BA1906B03A1100C6172100004C2008927A13
:201E48001906B03A1100C7172100004C2008923A1906B03A1100C817200891FA21003FCC49
:201E50001906B03A1100C9172100004C200891BA1906B03A1100CA172100004C2008917AFD
:201E58001906B03A1100CC171946B03A2100004C200890FA1908B03A10C0CD1718C0004C22
:201E600018C7883A18C7883A20C6B03A1100CE172100004C2109883A1906B03A80E0B03AAE
:201E68000000E00600C0254488C0311E1100D01710C0D1171140D717200893FA18C0004CEC
:201E7000180693BA213FFFCC2940004C20C8B03A10C0DB17280A923A18C0004C20C6B03A81
:201E78001100D2172100004C2008937A1906B03A1100D3172100004C2008933A1906B03A3F
:201E80001100D4172100004C200892FA1906B03A1100D5172100004C200892BA1906B03A35
:201E88001100D6172100004C2008927A1906B03A1100D8171946B03A200891FA21003FCC6A
:201E90001908B03A10C0D91718C0004C18C7883A18C7883A20C6B03A1100DA172100004CC2
:201E98002109883A1906B03A80E0B03A0000B60600C0258488C0411E1100DC1710C0DD1757
:201EA0001140E717200893FA18C0004C180693BA213FFFCC2940004C20C8B03A10C0EB170B
:201EA800280A913A18C0004C20C6B03A1100DE172100004C2008937A1906B03A1100DF1771
:201EB0002100004C2008933A1906B03A1100E0172100004C200892FA1906B03A1100E1176C
:201EB8002100004C200892BA1906B03A1100E2172100004C2008927A1906B03A1100E31761
:201EC0002100004C2008923A1906B03A1100E417200891FA21003FCC1906B03A1100E51797
:201EC8002100004C200891BA1906B03A1100E6172100004C2008917A1906B03A1100E8174A
:201ED0001946B03A2100004C200890FA1908B03A10C0E91718C0004C18C7883A18C7883A49
:201ED80020C6B03A1100EA172100004C2109883A1906B03A80E0B03A00007C0600C025C431
:201EE00088C0411E1100EC1710C0ED171140F717200893FA18C0004C180693BA213FFFCC85
:201EE8002940004C20C8B03A10C0FB17280A913A18C0004C20C6B03A1100EE172100004CFD
:201EF0002008937A1906B03A1100EF172100004C2008933A1906B03A1100F0172100004C8D
:201EF800200892FA1906B03A1100F1172100004C200892BA1906B03A1100F2172100004C83
:201F00002008927A1906B03A1100F3172100004C2008923A1906B03A1100F417200891FA30
:201F080021003FCC1906B03A1100F5172100004C200891BA1906B03A1100F6172100004CF3
:201F10002008917A1906B03A1100F8171946B03A2100004C200890FA1908B03A10C0F91702
:201F180018C0004C18C7883A18C7883A20C6B03A1100FA172100004C2109883A1906B03AEF
:201F200080E0B03A0000420600C0260488C0251E1100FC1710C0FD17114100172100004CBC
:201F2800180691FA2008923A2940004C18C03FCC20C8B03A10C10417280A913A18C0004C85
:201F300020C6B03A1100FE172100004C200891BA1906B03A1100FF172100004C2008917AEB
:201F38001906B03A110101171946B03A2100004C200890FA1908B03A10C1021718C0004CD5
:201F400018C7883A18C7883A20C6B03A110103172100004C2109883A1906B03A80E0B03A97
:201F48000000240600C0264488C0071E10C10517110106031806923A18FFFFCC1906B03ADB
:201F500080E0B03A0000240600C0268488C0071E10C10717110108031806923A18FFFFCC4E
:201F58001906B03A80E0B03A0000240600C026C488C0071E10C1091711010A031806923ADB
:201F600018FFFFCC1906B03A80E0B03A0000240600C0270488C0071E10C10B1711010C0396
:201F68001806923A18FFFFCC1906B03A80E0B03A0000240600C0274488C0071E10C10D1783
:201F700011010E031806923A18FFFFCC1906B03A80E0B03A0000240600C0278488C0071E0D
:201F780010C10F17110110031806923A18FFFFCC1906B03A80E0B03A0000240600C027C439
:201F800088C0071E10C11117110112031806923A18FFFFCC1906B03A80E0B03A000024066B
:201F880000C0280488C0071E10C11317110114031806923A18FFFFCC1906B03A80E0B03A9D
:201F90000000240600C0284488C0071E10C11517110116031806923A18FFFFCC1906B03A71
:201F980080E0B03A0000240600C0288488C0071E10C11717110118031806923A18FFFFCCE4
:201FA0001906B03A80E0B03A0000520600C028C488C0071E10C1191711011A031806923A43
:201FA80018FFFFCC1906B03A80E0B03A0000520600C0290488C0071E10C11B1711011C03FE
:201FB0001806923A18FFFFCC1906B03A80E0B03A00004E0600C0294488C0071E10C11D17FF
:201FB80011011E031806923A18FFFFCC1906B03A80E0B03A00004A0600C0298488C0351E5F
:201FC00011011F1710C12017114127172100004C18C0004C180692FA2008933A2940004C3C
:201FC800280A913A20C8B03A10C12B1718C0004C20C6B03A110121172100004C200892BAF8
:201FD0001906B03A110122172100004C2008927A1906B03A110123172100004C2008923A46
:201FD8001906B03A11012417200891FA21003FCC1906B03A110125172100004C200891BA7D
:201FE0001906B03A110126172100004C2008917A1906B03A110128171946B03A2100004CD9
:201FE800200890FA1908B03A10C1291718C0004C18C7883A18C7883A20C6B03A11012A1782
:201FF0002100004C2109883A1906B03A80E0B03A0000180600C029C488C0071E10C12C17D9
:201FF80011012D031806923A18FFFFCC1906B03A80E0B03A0000140600C02A0488C0031EF7
:2020000010C12E0B80E0B03A0000140600C02A8488C0031E10C12F0B80E0B03A00003206EE
:2020080000C02AC488C0031E10C1300B80E0B03A0000430600C02B4488C0031E10C1310B5D
:2020100080E0B03A0000500600C02B8488C0031E10C1320B80E0B03A00005D0600C0400479
:2020180088C0211E1141331710C1341711013517280A93FA18C0004C180693BA297FFFCC4A
:20202000210000CC28CAB03A10C13A172008933A18C0004C28C6B03A114136171906B03A1C
:2020280011013717294000CC280A92BA2100004C200890FA1946B03A1908B03A10C13817F2
:2020300018C0004C18C7883A18C7883A20C6B03A110139172100004C2109883A1906B03A96
:2020380080E0B03A0000440600C0404488C0141E11013B1710C13C172008937A18C000CCD5
:20204000180692FA213FFFCC20C8B03A10C13F1718C0004C20C6B03A11013D17210007CC64
:20204800200891BA190AB03A11013E1720C007CC18C7883A28C6B03A80E0B03A00004D06C8
:2020500000C0408488C0101E1101401710C14117200893FA18C007CC180692BA213FFFCCEF
:2020580020C8B03A10C1431718C007CC20C8B03A10C1421718C007CC1806917A20C6B03A20
:2020600080E0B03A0000490600C040C488C0101E1101441710C145172100004C18C0004C62
:20206800180692BA200892FA20C8B03A10C1471718C007CC20C8B03A10C1461718C007CCE3
:202070001806917A20C6B03A80E0B03A0000450600C0410488C0081E10C148171806913A36
:2020780019003FCC10C1491718C003CC20C6B03A80E0B03A0000490600C0414488C01D1E1B
:2020800011414A1710C14B1711014D17280A93FA18C001CC1806933A297FFFCC2100004CB5
:2020880028CAB03A10C15017200890FA18C0004C28C6B03A11414C172940004C280A913A0F
:202090001946B03A1908B03A10C14E1718C0004C18C7883A18C7883A20C6B03A11014F17F8
:202098002100004C2109883A1906B03A80E0B03A0000330600C0418488C00C1E10C1511713
:2020A00018C007CC180892BA10C1521718C007CC1806917A20C6B03A11015317210007CCBB
:2020A8001906B03A80E0B03A0000360600C041C488C00C1E10C1541718C007CC180892BAFF
:2020B00010C1551718C007CC1806917A20C6B03A11015617210007CC1906B03A80E0B03A69
:2020B80000002D0600C0420488C00C1E10C15717180692BA193FFFCC10C1581718C007CCA6
:2020C0001806917A20C6B03A11015917210007CC1906B03A80E0B03A00004A0600C04244A8
:2020C80088C0071E10C15A1711015B031806923A18FFFFCC1906B03A80E0B03A0000600654
:2020D00000C0428488C00F1E10C15C17180693BA193FFFCC10C15D1718C0004C1806937A8F
:2020D80020C6B03A11015F031908B03A10C15E1718C007CC1806923A20C6B03A80E0B03AA4
:2020E0000000590600C042C488C0031E10C1600B80E0B03A0000620600C0430488C0291ECE
:2020E8001101611710C16217114166172008933A18C003CC1806923A213FFFCC2940004CCF
:2020F00020C8B03A10C16A17280A913A18C0004C20C6B03A11016317200891FA21003FCC50
:2020F8001906B03A110164172100004C200891BA1906B03A110165172100004C2008917A1B
:202100001906B03A110167171946B03A2100004C200890FA1908B03A10C1681718C0004C3F
:2021080018C7883A18C7883A20C6B03A110169172100004C2109883A1906B03A80E0B03A67
:202110000000450600C0434488C01D1E11416B1710C16C1711016E17294000CC18C0004C82
:20211800180691BA280A91FA2100004C200890FA28CAB03A10C1711718C0004C28C6B03A31
:2021200011416D172940004C280A913A1946B03A1908B03A10C16F1718C0004C18C7883AA7
:2021280018C7883A20C6B03A110170172100004C2109883A1906B03A80E0B03A00003006AB
:2021300000C0438488C0081E10C1721718C01FCC180891FA10C1731718C01FCC20C6B03AE4
:2021380080E0B03A0000300600C043C488C00C1E10C1741718C007CC180892BA10C17517FE
:2021400018C007CC1806917A20C6B03A11017617210007CC1906B03A80E0B03A00003106BE
:2021480000C0440488C00C1E10C1771718C007CC180892BA10C1781718C007CC1806917A53
:2021500020C6B03A11017917210007CC1906B03A80E0B03A00002D0600C0444488C0081ECD
:2021580010C17A1718C007CC1808917A10C17B1718C007CC20C6B03A80E0B03A00003E06C3
:2021600000C0448488C0081E10C17C171806933A193FFFCC10C17D1718C3FFCC20C6B03A1C
:2021680080E0B03A0000410600C044C488C00D1E10C17E1718C003CC180891BA10C17F17AC
:2021700018C003CC18C7883A18C7883A20C6B03A11018017210000CC1906B03A80E0B03AAD
:2021780000003C0600C0450488C0081E10C1811718C003CC1808917A10C1821718C007CC3E
:2021800020C6B03A80E0B03A0000400600C0454488C0191E1141831710C184171101851711
:20218800280A93FA18C0004C180693BA297FFFCC2100004C28CAB03A10C18817200890FA0B
:2021900018C0004C28C6B03A1908B03A10C1861718C0004C18C7883A18C7883A20C6B03A84
:20219800110187172100004C2109883A1906B03A80E0B03A0000370600C0458488C00B1E94
:2021A00010C18917180692FA193FFFCC10C18A1718C001CC1806923A20C6B03A11018B0370
:2021A8001906B03A80E0B03A0000330600C045C488C0081E10C18C1718C001CC180892FA8F
:2021B00010C18D1718C1FFCC20C6B03A80E0B03A00002F0600C0460488C00C1E10C18E17B5
:2021B8001806937A193FFFCC10C18F1718C007CC1806917A20C6B03A11019017210007CCF1
:2021C0001906B03A80E0B03A0000640600C0464488C0101E1101911710C19217200893FA99
:2021C80018C007CC180692BA213FFFCC20C8B03A10C1941718C007CC20C8B03A10C1931771
:2021D00018C007CC1806917A20C6B03A80E0B03A0000570600C0468488C0071E10C1951730
:2021D8001101960318C007CC1806927A1906B03A80E0B03A0000580600C046C488C0041E82
:2021E00010C1971718C01FCC80E0B03A0000710600C0470488C0411E1101981710C19917E8
:2021E8001141A317200893FA18C0004C180693BA213FFFCC2940004C20C8B03A10C1A71746
:2021F000280A913A18C0004C20C6B03A11019A172100004C2008937A1906B03A11019B17AC
:2021F8002100004C2008933A1906B03A11019C172100004C200892FA1906B03A11019D17A7
:202200002100004C200892BA1906B03A11019E172100004C2008927A1906B03A11019F179B
:202208002100004C2008923A1906B03A1101A017200891FA21003FCC1906B03A1101A117D1
:202210002100004C200891BA1906B03A1101A2172100004C2008917A1906B03A1101A41784
:202218001946B03A2100004C200890FA1908B03A10C1A51718C0004C18C7883A18C7883A40
:2022200020C6B03A1101A6172100004C2109883A1906B03A80E0B03A0000370600C04744CB
:2022280088C0031E10C1A80B80E0B03A0000430600C0478488C0081E10C1A91718C0FFCCE9
:202230001808913A10C1AA1718C003CC20C6B03A80E0B03A0000470600C047C488C01D1EB5
:202238001141AB1710C1AC171101AE17294001CC18C001CC1806927A280A933A210001CC15
:20224000200890FA28CAB03A10C1B11718C0004C28C6B03A1141AD17294001CC280A91BA92
:202248001946B03A1908B03A10C1AF1718C0004C18C7883A18C7883A20C6B03A1101B0177C
:202250002100004C2109883A1906B03A80E0B03A0000460600C0480488C0071E10C1B21763
:202258001101B3031806923A18FFFFCC1906B03A80E0B03A0000540600C0484488C00F1E64
:202260001141B41710C1B5031101B717280A92FA180690FA2100004C297FFFCC28C6B03ABA
:20226800190AB03A1101B61720C000CC18C7883A28C6B03A80E0B03A0000480600C0488421
:2022700088C00C1E10C1B81718C0004C1808933A10C1B91718C00FCC180691BA20C6B03A9E
:202278001101BA1721000FCC1906B03A80E0B03A00003F0600C048C488C01C1E1141BB175D
:2022800010C1BC171101BD17280A93FA18C0004C180693BA297FFFCC2100004C28CAB03AAA
:2022880010C1C1172008937A18C003CC28C6B03A1141BE171906B03A1101BF172940004C0C
:20229000280A933A210003CC2008923A1946B03A1908B03A10C1C0171806913A18C03FCC83
:2022980020C6B03A80E0B03A0000480600C0490488C0151E1101C21710C1C3172100004C33
:2022A00018C0004C180690FA2008913A20C8B03A10C1C61718C0004C20C8B03A10C1C4173D
:2022A80018C0004C18C7883A18C7883A20C6B03A1101C5172100004C2109883A1906B03A90
:2022B00080E0B03A0000370600C0494488C0031E10C1C70B80E0B03A0000380600C0498419
:2022B80088C0031E10C1C80B80E0B03A00003D0600C0800488C0251E1101C91710C1CA17F9
:2022C0001141CD172100004C18C000CC180691FA2008927A2940004C280A913A20C8B03A56
:2022C80010C1D11718C0004C20C6B03A1101CB172100004C200891BA1906B03A1101CC1777
:2022D0002100004C2008917A1906B03A1101CE171946B03A2100004C200890FA1908B03ADB
:2022D80010C1CF1718C0004C18C7883A18C7883A20C6B03A1101D0172100004C2109883AA7
:2022E0001906B03A80E0B03A00001F0600C0804488C0041E10C1D21718C1FFCC80E0B03AD0
:2022E8000000220600C0808488C0041E10C1D31718C1FFCC80E0B03A0000250600C080C4A8
:2022F00088C0081E10C1D41718C001CC1808933A10C1D51718C3FFCC20C6B03A80E0B03A95
:2022F8000000240600C0810488C0071E10C1D6171101D7031806923A18FFFFCC1906B03A6B
:2023000080E0B03A0000450600C0814488C0071E10C1D8171101D90318C001CC1806923AF9
:202308001906B03A80E0B03A0000410600C0818488C0071E10C1DA171101DB0318C001CC92
:202310001806923A1906B03A80E0B03A00003D0600C081C488C0071E10C1DC171101DD0305
:2023180018C001CC1806923A1906B03A80E0B03A0000390600C0820488C0281E1101DE17A9
:2023200010C1DF17200893BA18C0004C1806937A213FFFCC20C8B03A10C1E71718C0004C22
:2023280020C6B03A1101E0172100004C2008923A1906B03A1101E117200891FA21003FCC69
:202330001906B03A1101E2172100004C200891BA1906B03A1101E3172100004C2008917AE4
:202338001906B03A1101E4172100004C2008913A1906B03A1101E5172100004C200890FAD9
:20234000190AB03A1101E61720C0004C18C7883A28C6B03A80E0B03A00001D0600C08244C9
:2023480088C0031E10C1E80B80E0B03A00001D0600C0828488C0031E10C1E90B80E0B03A9D
:2023500000001D0600C0830488C0031E10C1EA0B80E0B03A00001D0600C0900488C00C1EA1
:2023580010C1EB171101EC1718C003CC180A917A20C003CC1101ED1718C7883A28C6B03A6B
:202360002100004C1906B03A80E0B03A00003E0600C0904488C0031E10C1EE0B80E0B03A48
:2023680000003F0600C0908488C0031E10C1EF0B80E0B03A0000400600C090C488C0031EFB
:2023700010C1F00B80E0B03A0000450600C1000488C02D1E1101F11710C1F2171141F71740
:20237800200893FA18C000CC1806937A213FFFCC2940004C20C8B03A10C1FB17280A913A2F
:2023800018C0004C20C6B03A1101F3172100004C2008927A1906B03A1101F417210000CC79
:20238800200891FA1906B03A1101F5172100004C200891BA1906B03A1101F6172100004CE6
:202390002008917A1906B03A1101F8171946B03A2100004C200890FA1908B03A10C1F9177C
:2023980018C0004C18C7883A18C7883A20C6B03A1101FA172100004C2109883A1906B03A6A
:2023A00080E0B03A00001C0600C1004488C0041E10C1FC1718C1FFCC80E0B03A00001F064B
:2023A80000C1008488C0041E10C1FD1718C1FFCC80E0B03A0000220600C100C488C0081E78
:2023B00010C1FE1718C001CC1808933A10C1FF1718C3FFCC20C6B03A80E0B03A00002106C7
:2023B80000C1010488C0041E10C2001718C001CC80E0B03A0000200600C1014488C0071E64
:2023C00010C201171102020318C001CC1806923A1906B03A80E0B03A0000210600C10184AC
:2023C80088C0071E10C203171102040318C001CC1806923A1906B03A80E0B03A0000220678
:2023D00000C101C488C0071E10C205171102060318C001CC1806923A1906B03A80E0B03A0E
:2023D80000001E0600C1020488C0031E10C2070B80E0B03A0000440600C1024488C0081EA4
:2023E00010C208171806913A193FFFCC10C2091718C000CC20C6B03A80E0B03A00003F06EB
:2023E80000C1028488C0081E10C20A1718C000CC1808933A10C20B1718C001CC20C6B03A33
:2023F00080E0B03A0000430600C102C488C0031E10C20C0B80E0B03A0000430600C1030406
:2023F80088C0291E11020D1710C20E1711421217200893BA18C0004C1806937A213FFFCC9D
:202400002940004C20C8B03A10C21617280A913A18C0004C20C6B03A11020F17200891FA59
:2024080021003FCC1906B03A110210172100004C200891BA1906B03A110211172100004CB4
:202410002008917A1906B03A110213171946B03A2100004C200890FA1908B03A10C21417C3
:2024180018C0004C18C7883A18C7883A20C6B03A110215172100004C2109883A1906B03ACD
:2024200080E0B03A00001D0600C1038488C0031E10C2170B80E0B03A00001D0600C1100448
:2024280088C00C1E10C218171102191718C003CC180A917A20C003CC11021A1718C7883A76
:2024300028C6B03A2100004C1906B03A80E0B03A0000140600C1104488C0031E10C21B0B64
:2024380080E0B03A0000140600C1108488C0031E10C21C0B80E0B03A0000140600C110C470
:2024400088C0031E10C21D0B80E0B03A0000140600C1700488C0031E10C21E0B80E0B03AD2
:202448000000140600C1704488C0031E10C21F0B80E0B03A0000140600C1708488C0031EFE
:2024500010C2200B80E0B03A0000140600C170C488C0031E10C2210B80E0B03A000014064B
:2024580000C1710488C0031E10C2220B80E0B03A0000140600C1714488C0031E10C2230B83
:2024600080E0B03A0000140600C1718488C0031E10C2240B80E0B03A0000140600C171C47E
:2024680088C0031E10C2250B80E0B03A0000140600C1720488C0031E10C2260B80E0B03A98
:202470000000140600C1724488C0031E10C2270B80E0B03A0000140600C1728488C0031ECA
:2024780010C2280B80E0B03A0000140600C172C488C0031E10C2290B80E0B03A0000140611
:2024800000C1730488C0031E10C22A0B80E0B03A0000140600C1800488C0031E10C22B0B7A
:2024880080E0B03A0000130600C1804488C0031E10C22C0B80E0B03A0000120600C18084B3
:2024900088C0031E10C22D0B80E0B03A0000110600C180C488C0031E10C22E0B80E0B03A95
:202498000000100600C1810488C0021E10822F0B00000F0600C1814488C0021E1082300BC4
:2024A00000000B0600C1818488C0021E1082310B0000070600C1900488C0021E1082320B76
:2024A8000000030600C1904488C0021E1082330B80A0B03A800D883A880B883A9009883A35
:2024B0000006AE809084691710C00E17008000C41880091E800D883A880B883A91023504DC
:2024B800DFC00317DC800217DC400117DC000017DEC00404000413C1DFC00317DC80021703
:2024C000DC400117DC000017DEC00404F800283ADEFFFD04DC00001524046917DC4001152C
:2024C800DFC002152823883A0006B3C0100D883A880B883A8009883ADFC00217DC4001174D
:2024D000DC000017DEC00304000413C120846917F800283ADEFFFC04DC400115014010445A
:2024D800044000F4DC000015DFC00315DC8002152021883A8C66A00400099440894000173B
:2024E000280004268009883A0006B8408C400104003FFA06014010848009883A044000F4D9
:2024E800000994408C66A00404803FC489400017280005269140020E8009883A0006B8407D
:2024F0008C400104003FF90601400BC48009883ADFC00317DC800217DC400117DC0000170D
:2024F800DEC0040400093101DEFFFD04DC00001501401044040000F4DC400115DFC002159F
:202500002023883A8426A0040009944081400017280004268809883A00093100840001044B
:20250800003FFA06014010848809883A040000F4000994408426A0048140001728000426FF
:202510008809883A0009310084000104003FFA06DFC00217DC400117DC000017DEC00304D2
:20251800F800283ADEFFF904DC4001152023883A2809883A014000F42967B404DFC006150E
:20252000DD400515DD000415DCC00315DC800215DC0000150011740010009726010000F40F
:20252800100B883A21263A041021883A00118400010000F4800B883A21263E040011840049
:20253000010000F4800B883A2126450400118400010000F4800B883A2126480400118400BA
:2025380089046A1789446B1701D04BF4000D883A39E120040026D300014000F4180F883AF2
:20254000100D883A29664C048009883A0011780089046C1789446D1701D04BF4000D883AA9
:2025480039E120040026D300014000F4180F883A100D883A296652048009883A0011780086
:2025500089046E1789446F1701D04BF4000D883A39E120040026D300014000F4100D883ADC
:20255800180F883A296658048009883A00117800010000F4800B883A21265E04001184003B
:20256000014010448809883A054000F4000994400027883AAD66A0049CC001049D45883AB8
:2025680014BFFF17050000F4A526A00490000A26900B883A8809883A0006B3C0014000F4E4
:20257000100F883A900D883A296665048009883A00117800003FF006010000F4800B883AC8
:202578002126690400118400014010848809883A000994400027883A9CC001049D05883A47
:2025800014BFFF1790000A26900B883A8809883A0006B3C0014000F4100F883A900D883AF4
:20258800296665048009883A00117800003FF206010000F4800B883A21267004001184009E
:20259000890470178944711701D04BF4000D883A39E120040026D300014000F4180F883A8E
:202598008009883A100D883A2966750400117800890472178944731701D04BF4000D883A1C
:2025A00039E120040026D300014000F4180F883A8009883A100D883A29667E040011780002
:2025A800890474178944751701D04BF4000D883A39E120040026D300014000F48009883A0C
:2025B000100D883A180F883A29668604001178008009883ADFC00617DD400517DD00041769
:2025B800DCC00317DC800217DC400117DC000017DEC007040010FE0100BFFFC4DFC00617BB
:2025C000DD400517DD000417DCC00317DC800217DC400117DC000017DEC00704F800283A75
:2025C800DEFFFA04DC4003152023883A2809883A014000F429660B04DFC00515DC800415EB
:2025D000DC0002150011740010002C26048010440021883A0005883A10C00007008016C45E
:2025D80018800F1E014000F429668E040009883A00141D001000021E0480104400000606B8
:2025E000014000F4296695040009883A00141D00103FEF1E0480108404000044003FED0694
:2025E80080803FCC103FEB26014000F4D80F883AD980010429669C040009883AD800011544
:2025F000D80000150013FA0000BFE20E900B883A8809883A00099440D9800017D9400117F4
:2025F8008809883A0006AE80D9800017D940011789046917000413C0003FD60600BFFFC41A
:20260000DFC00517DC800417DC400317DC000217DEC00604F800283ADEFFFC04DC8002150B
:20260800DC0000153025883A2821883A014010C4DC400115DFC003152023883A00099440BF
:202610009000311E8884691780C03FCC8809883A10C0A01510C0A11510C0A21510C0A31587
:2026180010C0A41510C0A51510C0A61510C0A71510C0A81510C0A91510C0AA1510C0AB153E
:2026200010C0AC1510C0AD1510C0AE1510C0AF1510C0B61510C0B71510C0B81510C0B915DE
:2026280010C0BA1510C0BB1510C0BC1510C0BD1510C0BE1510C0BF1500C0004480CAF03A51
:2026300029403FCC11412A15114129151141281510C12B15014024840006B8408809883A1B
:20263800014024C40006B840014029848809883ADFC00317DC800217DC400117DC000017C5
:20264000DEC004040006B841DFC00317DC800217DC400117DC000017DEC00404F800283A80
:202648000005883A00C001042980001731000426108000442940010410FFFB1E0005883A9A
:20265000F800283ADEFFFD04DC000015DFC00215DC400115008010842021883A20C001045D
:2026580028800726008010C428800826008010442880091E1823883A0080004400000806F1
:202660002442350400800084000005061823883A008000C4000002060023883A0005883AB7
:2026680080C4691580C00F1710C0042680800F15014008048009883A0006B8408444691530
:20267000DFC00217DC400117DC000017DEC00304F800283ADEFFFD04DC4001152823883A4F
:20267800014010C4DC000015DFC002152021883A00099440008000C48880031E80846917B5
:2026800010001A1500000506008001048880031E8084691700C0004410C01A15014008442E
:202688008009883ADFC00217DC400117DC000017DEC003040006B841DEFFFC04014010C472
:20269000DFC00315DC0002152021883A00099440000D883A014008048009883A0006AE8005
:20269800014008048009883A0006B84001400B848009883A0006B840010001340180004478
:2026A000000F883AD940010421140004D9800015D80001150000D600010001342114000451
:2026A8000000D440008002840001883A10BFFFC4103FFD1E01000134000F883A018000446D
:2026B000D80B883A211400040000D60001000134211400040000D440DFC00317DC00021725
:2026B800DEC00404F800283ADEFFFD04DC0000152821883A014010C4DC400115DFC002152B
:2026C0002023883A00099440008000848080051E88846917100008151000061510000415E4
:2026C80000000606008000448080041E8884691710000915100002151000001501400804AD
:2026D0008809883A0006B84000C000840080004480C0051E88C469171880081518800615FA
:2026D80018800415000005068080041E8884691714000915140002151400001501400804A5
:2026E0008809883ADFC00217DC400117DC000017DEC003040006B841DEFFF904DC400115F8
:2026E800044010C4880B883ADFC00615DD400515DD000415DCC00315DC800215DC00001566
:2026F0002021883A00099440808469178009883A0140080410000B1510000A1510000D153D
:2026F80010000C150006B8408009883A000D883A000B883A00098180048000440540104441
:20270000A80D883A900B883A8009883A000F883A000144C005001084A00D883A900B883A5F
:202708008009883A000F883A000144C004C00084A80D883A980B883A8009883A000F883A50
:20271000000144C0000F883AA00D883A980B883A8009883A000144C0880B883A8009883A0F
:20271800000D883A000BEF00880B883A8009883A000D883A000E35C0880B883A8009883AC6
:20272000000D883A000A29C0880B883A8009883A000D883A000CE440880B883A8009883A98
:20272800000D883A000A5EC0880B883A8009883A000D883A000CFD00980B883A8009883A72
:20273000000D883A000C5980000D883A900B883A8009883ADFC00617DD400517DD00041771
:20273800DCC00317DC800217DC400117DC000017DEC00704000C5981DEFFFB04DC80021551
:202740002825883A014010C4DCC00315DC400115DC0000152023883ADFC004153027883AA8
:202748003821883A0009944000C000448884691790C0041E98C6C03A1000351510C03415AC
:202750000000050600C0008490C0031E98C000581000321510C0311510002D1510002B15EA
:2027580000C000440100008498C0081E90C6C03A11004C1510C04D1510C04B1594C0381E8C
:2027600084C7003A1806907A00000A069900041E9140005811404E1514C04F1510004A155D
:2027680090C0061E80C0021E00C000C40000010600C0004410C053150000040691000D1EF0
:2027700080C02B1E048000C41480521500C0004498C0081E800ED7FA80C0008810C054159B
:202778003C21883A8021D07A843FFFC4140056150000090600C0008498C0071E800ED7FA03
:2027800080C6403A10C055153C21883A8021D07A843FFFC4140057158809883A014008C4CF
:202788000006B8408809883A01400A840006B8408809883A01400AC40006B84001400B0463
:202790008809883ADFC00417DCC00317DC800217DC400117DC000017DEC005040006B84124
:20279800913FDC1E84FFD8260025883A003FD60604800044003FD406DEFFFD04DC00001524
:2027A0002821883A014010C4DC400115DFC002152023883A000994408884691781403FCCD7
:2027A8008809883A114051151140501501400AC4DFC00217DC400117DC000017DEC00304BE
:2027B0000006B841DEFFFE04014010C4DC000015DFC001152021883A00099440808469170C
:2027B8000100004410C04D1711004A151800021E10004F15000002061900011E10C04F15F8
:2027C00001400A848009883ADFC00117DC000017DEC002040006B8410080004428800426FC
:2027C800008000842880041E01401044000001060140108400099441F800283ADEFFFB049E
:2027D000DCC003152827883A014010C4DC800215DC000015DFC00415DC4001152025883ABA
:2027D8003021883A00099440008000449880221E94446917800B883A010000C400099200D0
:2027E000800B883A0100008488803A1500099200800B883A9809883A88803B150009920072
:2027E800800B883A0009883A88803C1500099200800B883A010000C488803D1500099200BE
:2027F000800B883A010000848880441500099200800B883A9809883A88804515000992004E
:2027F80088804615800B883A0009883A000992008880471500001306008000849880111EE3
:2028000080C003179084691710C0361580C0021710C0371580C0011710C0381580C000176E
:2028080010C0391580C0031710C0401580C0021710C0411580C0011710C0421580C00017BE
:2028100010C043159009883A014009040006B840014009C49009883ADFC00417DCC0031700
:20281800DC800217DC400117DC000017DEC005040006B841213FFFC4008001C4280D883AFF
:2028200011002936200890BA0080007410A828042089883A20C00017D0A004171800683A37
:202828000000A0C00000A0CC0000A0DC0000A0E80000A0F40000A1000000A10C0000A11825
:20283000014000F42967360400000206014000F429673D041100031700001206014000F403
:2028380029674404003FFB06014000F429674B04003FF806014000F42967520400000806EE
:20284000014000F42967580400000506014000F429675B0400000206014000F429675E04F9
:202848001100021700117801F800283AD1200115F800283AD0A0011711000236D0A00017A9
:202850001000683AF800283AD0A0011711000B36DEFFFE04DC0000150021883A800B883A82
:20285800DFC00115000A13408009883ADFC00117DC000017DEC0020400129881F800283A30
:20286000D1200015F800283ADEFFF804DC800215DC4001152825883A2023883A300B883A69
:20286800DD400515DD000415DC000015DFC00615DCC00315D9C00715382B883ADD000817EE
:20287000000994408C04691780805B1710000226008000849080022604C000440000010666
:2028780004FFFFC4000D883A01D07C34A809883AA00B883A00279580180B883A1009883A4E
:202880000028AC001009883A980B883A00262600010000441006D43A10BFFFCC9100051E21
:202888008001EC158001ED1580C1EF158081F01500001806010000849100161E80021915C8
:2028900080021A1580C21C1580821D1504010004814010148809883A0006B840814010942C
:202898008809883A0006B840814010D48809883ADFC00617DD400517DD000417DCC0031734
:2028A000DC800217DC400117DC000017DEC008040006B84104008004003FED06DEFFFD043B
:2028A800DFC00215DC400115DC0000153023883A2021883A000994408084691700C00044BA
:2028B0008009883A10C1C315014049040006B840808469178C403FCC014045448009883A18
:2028B8001441881510018715DFC00217DC400117DC000017DEC003040006B841DEFFFD0400
:2028C000DC400115DC0000152023883ADFC002153021883A000994408884691700C000449A
:2028C8000100008410C1851510C1861510018315100184158100162624000516800010268F
:2028D00080C0161E100186151401841500000E06014012048140082600C0130480C004267F
:2028D80000C0108480C00D1E11018E1500000B0610018615000004061001851500000606EE
:2028E00000C000C40000040610018E15000003061001851510C1831510C18E158809883AB2
:2028E800014045440006B840014046048809883ADFC00217DC400117DC000017DEC00304A6
:2028F0000006B841DEFFFD04DC400115DC0000152023883A3021883ADFC00215000994401D
:2028F8008884691784003FCC014046448809883A14019115DFC00217DC400117DC000017ED
:20290000DEC003040006B841DEFFFA04DFC00515DC800215DC4001153025883A2023883ABE
:20290800DC000015DD0004153821883ADCC00315000994409009883A000D883A01D00A74A3
:20291000800B883A00264840180B883A1009883A0028AC0000C007C48C84691718805B16F4
:202918001021883A1000010E0021883A8009883A940194150028B400000D883A01D0093468
:202920001009883A180B883A1029883A1827883A0026D30001333374014FF974100D883A6B
:20292800180F883A2133334429733304000F294001D01EF4000D883A39F800041009883ACE
:20293000180B883A00279580019999B401D017343199998439E599841009883A180B883A81
:2029380000281C400183AFF401D00D3431B7E90439DCE7041009883A180B883A0026D30034
:20294000000D883A01D00C341009883A180B883A00264840180B883A1009883A0028AC0095
:202948009081951500C001C48005883A1C00031688C46917010000C41901961510FFFE044C
:202950000100010420C0033688C46917010000841901961510BFFCC400C001C4188004364C
:202958008884691700C0004410C1961500000406008005041400020E888469171001961554
:202960008809883A014046440006B8408809883A014046840006B840000D883A01D00A3401
:20296800A009883A980B883A00281C40DFC00517DD000417DCC00317DC800217DC400117E9
:20297000DC000017DEC00604F800283A008004049081951590C194151805883A0029883A4B
:2029780004D00FF41821883A003FD406DEFFFB04DFC00415DCC00315DC800215DC40011567
:20298000DC0000152023883A3021883A2827883A000994408884691700C000440140490422
:2029880010C1C4158809883A0006B840888469178180005C31803FCC84803FCC01404304F8
:2029900014816A15118166151181671511816915118163158809883A0006B84001401044F8
:2029980099400D268809883A0009944088846917014043448809883A14817115DFC0041767
:2029A000DCC00317DC800217DC400117DC000017DEC005040006B841DFC00417DCC00317AF
:2029A800DC800217DC400117DC000017DEC00504F800283ADEFFFC04DC800215DC400115F0
:2029B000DC0000152023883ADFC003152825883A3021883A000994408884691700C00044CB
:2029B8000100120410C1631510C1641510C1651510C16F1510C1701510C16D1510C16E15B8
:2029C000810017262400051601000C448100092601000C8481000C260000040600C01304D4
:2029C80080C0122600C015C480C0152610016B1500001706010000C411016B1510016415D4
:2029D00010016D15000004060100008411016B151001651510016E151821883A00000D0606
:2029D80010C16B15100163150000090600C0008410C16B151001631510016F150000040639
:2029E00000C000C410C16B1510016315100170150021883A8809883A014043040006B84027
:2029E8008809883A014043440006B84081803FCC900B883A8809883ADFC00317DC800217CC
:2029F000DC400117DC000017DEC00404000D0DC1DEFFFB04DCC00315DC0000152027883A95
:2029F8002821883A3009883A380B883A000D883A01D00FB4DFC00415DC800215DC400115F4
:202A000000281C40800B883A9809883A1025883A1823883A00099440000D883A000F883A11
:202A08009009883A880B883A002778809C04691710000416008003C480817E150021883AD7
:202A100000008506000D883A01EFFC349009883A880B883A0027788010000416008003842C
:202A180080817E15042FFC3400007B06000D883A01F000349009883A880B883A0027788063
:202A2000100004160080034480817E150430003400007106000D883A01F002349009883AE1
:202A2800880B883A00277880100004160080030480817E150430023400006706000D883A2F
:202A300001F004349009883A880B883A0027788010000416008002C480817E15043004341E
:202A380000005D06000D883A01F005349009883A880B883A00277880100004160080028423
:202A400080817E150430053400005306000D883A01F006349009883A880B883A0027788053
:202A4800100004160080024480817E150430063400004906000D883A01F008B49009883A56
:202A5000880B883A00277880100004160080020480817E15043008B400003F06000D883AAA
:202A580001F00A349009883A880B883A0027788010000416008001C480817E1504300A34EB
:202A600000003506000D883A01F00BB49009883A880B883A0027788010000416008001849E
:202A680080817E1504300BB400002B06000D883A01F00CB49009883A880B883A0027788047
:202A7000100004160080014480817E1504300CB400002106000D883A01F00D749009883A0C
:202A7800880B883A00277880100004160080010480817E1504300D7400001706000D883AE6
:202A800001F00E349009883A880B883A0027788010000416008000C480817E1504300E34BC
:202A880000000D06000D883A01F00EF49009883A880B883A0027788010000416008000845C
:202A900080817E1504300EF4000003060080004480817E1504300FB49809883A014044C458
:202A98000006B840000D883A01D00FB40009883A800B883A00264840DFC00417DCC0031787
:202AA000DC800217DC400117DC000017DEC00504F800283ADEFFFB04DCC00315DC000015F8
:202AA8002027883A2821883A3009883A380B883A000D883A01D01134DFC00415DC800215EA
:202AB000DC40011500281C40800B883A9809883A1025883A1823883A00099440000D883A00
:202AB800000F883A9009883A880B883A002778809C04691710000516008003C480817F1537
:202AC0000023883A0021883A0000AB06018CCCF401EFF8F4318CCCC439CCCCC49009883A17
:202AC800880B883A00277880100005160080038480817F150023883A042FF83400009E06CB
:202AD000000D883A01EFFC349009883A880B883A00277880100005160080034480817F15A1
:202AD8000023883A042FFC3400009306018CCCF401EFFEF4318CCCC439CCCCC49009883A91
:202AE000880B883A00277880100007160080030480817F15046666B4042FFEB48C666684D4
:202AE8008426664400008406000D883A01F001349009883A880B883A0027788010000716FF
:202AF000008002C480817F15044CCCF4043000F48C4CCCC4840CCCC400007706000D883ADF
:202AF80001F002349009883A880B883A00277880100005160080028480817F150023883A1D
:202B00000430023400006C06000D883A01F004349009883A880B883A0027788010000516E7
:202B08000080024480817F150023883A0430043400006106000D883A01F005349009883A46
:202B1000880B883A00277880100005160080020480817F150023883A04300534000056063D
:202B1800018CCCF401F00674318CCCC439CCCCC49009883A880B883A002778801000071607
:202B2000008001C480817F1504733374043006748C7333448433330400004706019999B457
:202B280001F007B43199998439D999849009883A880B883A002778801000051600800184CC
:202B300080817F150023883A043007B400003A06000D883A01F008B49009883A880B883AB0
:202B380000277880100005160080014480817F150023883A043008B400002F06000D883A00
:202B400001F009B49009883A880B883A00277880100005160080010480817F150023883ACE
:202B4800043009B400002406000D883A01F00B349009883A880B883A002778801000051659
:202B5000008000C480817F150023883A04300B3400001906000D883A01F00C749009883A7A
:202B5800880B883A00277880100005160080008480817F150023883A04300C7400000E0678
:202B6000000D883A01F00E349009883A880B883A00277880100005160080004480817F1500
:202B68000023883A04300E340000030680017F150023883A043011349809883A014044C4CA
:202B70000006B840000D883A01D011348809883A800B883A00264840DFC00417DCC00317A4
:202B7800DC800217DC400117DC000017DEC00504F800283ADEFFFB04DC400115DC000015A1
:202B80002023883A2821883A3009883A380B883A000D883A01D00A34DFC00415DCC00315DB
:202B8800DC80021500281C40800B883A8809883A1027883A1825883A00099440000D883AF2
:202B9000000F883A9809883A900B883A002778808C04691710000416008000C48081801561
:202B98000021883A00000D06000D883A01F002349809883A900B883A002778801000041628
:202BA00000800084808180150430023400000306008000448081801504300A348809883AE9
:202BA800014044C40006B840000D883A01D00A340009883A800B883A00264840DFC0041768
:202BB000DCC00317DC800217DC400117DC000017DEC00504F800283ADEFFF404DC80081564
:202BB800DC4007153025883A2823883A0180004401400084DFC00B15D9C00515DC000615AE
:202BC000DD000A152021883ADCC00915000C5980000B883A8009883A000CCB80880B883A93
:202BC8008009883A00099440D9C0051781046E1781446F17900D883A00281C40818472174A
:202BD00081C47317D9000304D9000215014000848009883AD8800015D8C00115D80003152B
:202BD800D8000415000C93001025883A880B883A8009883A0009944090001C1ED98003179C
:202BE000D9C0041781046E1781446F1700281C4001D04BF4000D883A39E120041009883A50
:202BE800180B883A00281C4081046A1781446B17000D883A01CFF4341029883A1827883A54
:202BF00000279580100D883A180F883AA009883A980B883A0026D300100D883A180F883A30
:202BF800880B883A8009883A000C05809005883ADFC00B17DD000A17DCC00917DC8008173F
:202C0000DC400717DC000617DEC00C04F800283ADEFFF404DFC00B15DD000615DCC0051537
:202C0800DC800415DC0002152825883A2021883AD9800015D9C00115DF000A15DDC009155C
:202C1000DD800815DD400715DC400315DCC00C1700099440900B883A8009883A0003C500B1
:202C1800D9800017D9C00117900B883A8009883A1029883A000AED801000441E900B883A92
:202C20008009883A00018DC0A009883A1023883A0028B400018B783401CFF9F4318346C40C
:202C280039E82404180B883A1009883A00279580893FFFCC1029883A182B883A0028B400D8
:202C3000A00D883AA80F883A1009883A180B883A0027864010000216044000440000010638
:202C3800047FFFC40700804405BFFFC405C00044E73FFFC4E000021E00BFFFC40000230647
:202C400098800017D9400D178009883A1445883A988000150006B840900B883A8009883ACF
:202C480000018DC0113FFFCC0028B400180F883A100D883AA009883AA80B883AD8C00115D1
:202C5000D880001500278640D8C00117DA0000171000010E8D800C26400D883A180F883A13
:202C5800A009883AA80B883A002778800080010E8DC0052698800017103FDF26D8C00E1716
:202C600010FFDB1E003FDC060005883ADFC00B17DF000A17DDC00917DD800817DD4007172F
:202C6800DD000617DCC00517DC800417DC400317DC000217DEC00C04F800283ADEFFF60419
:202C7000DFC00915DD000815DCC00715DC800615DC4005152825883ADC0004152021883A21
:202C7800000994408009883A000934C001C0450401804304900B883A8009883A14418017B1
:202C8000000194008009883A000934C004C0008414C16B158009883A000934C000C00204AC
:202C880010C17F158009883A000934C08009883A10016515000934C08009883A10016E15CD
:202C9000000934C08009883A10016615000934C08009883A10016715000934C014C175151F
:202C98008009883A000934C014C176158009883A000934C000C0040410C182158009883AB1
:202CA000000934C014418015014044C48009883A0006B840014045048009883A0006B840C8
:202CA800014043048009883A0006B840014043448009883A0006B840014043C48009883A97
:202CB0000006B84001C046C401804544900B883A8009883A000194008009883A000934C0AC
:202CB80004400504144192158009883A000934C0144193158009883A000934C000C000C4A2
:202CC00010C19615014046448009883A0006B840014046848009883A0006B84001C041040A
:202CC80001804004900B883A8009883A000194008009883A000934C08009883A10013C15F5
:202CD000000934C0044000448009883A14413F15000934C08009883A10014415000934C0BC
:202CD80014414515014040048009883A0006B840014040448009883A0006B840014040C40C
:202CE0008009883A0006B84001C042C401804144900B883A8009883A000194008009883A36
:202CE800000934C08009883A14415715000934C08009883A14415815000934C000C0018477
:202CF00010C15915014042048009883A0006B840014010448009883A000994408009883AAD
:202CF800000934C0950010588009883A15017115000934C015013415014043448009883A6C
:202D00000006B840014040048009883A0006B840900B883A8009883A00099440980B883AFD
:202D0800880F883A900D883A8009883A000144C0880F883A900D883A880B883A8009883A4B
:202D1000000144C0900B883A8009883A00099440014010448009883A000994408009883A11
:202D1800000934C001C02104018020C4900B883A8009883A14C06B17000194008009883A75
:202D2000000934C014C06B15900B883A8009883A000994408184741781C4751700906FB4A9
:202D280010B35944880B883A8009883AD8000215D8000015D8800115000C9300900B883A45
:202D30008009883AD880031500099440D880031710004D1E01C0830401808004900B883A54
:202D38008009883A000194008009883A000934C08009883A1441CE15000934C08009883A88
:202D40001441CF15000934C08009883A1441E015000934C08009883A1441E215000934C017
:202D48008009883A1441E315000934C01441E4158009883A014080040006B8408009883A2F
:202D5000014082040006B840900B883A8009883A01E00014019FFFC4000E558001C103C432
:202D580001810004900B883A8009883A000194008009883A000934C08009883A14420A1590
:202D6000000934C08009883A14421115000934C08009883A14421215000934C08009883A82
:202D680014421315000934C000C001C410C20B158009883A000934C014420D158009883A4E
:202D7000014102840006B8408009883A014103040006B84001D03A34000D883A39DA800446
:202D7800900B883A8009883ADFC00917DD000817DCC00717DC800617DC400517DC00041776
:202D8000DEC00A04000AED81DFC00917DD000817DCC00717DC800617DC400517DC000417F2
:202D8800DEC00A04F800283ADEFB8504DD847715DD047515DC847315DC447215DC04711576
:202D90003023883A3825883ADFC47A15DF047915DDC47815DD447615DCC474152021883A46
:202D98002829883ADD847B1700099440000D883A01CFF8348809883A900B883A00278640D0
:202DA0001000091601D05CF4000D883A39C4B4048809883A900B883A002786401000041678
:202DA80005401204000003060023883A048FF834054013048104701781447117000D883A7F
:202DB000000F883A002770001001F7268104721781447317000D883A000F883A00277000D9
:202DB8001001F1268104741781447517000D883A000F883A002770001001EB2685C00104CF
:202DC00001846804B80B883AD9000304001328C0880B883A900D883A8009883A0003D5408B
:202DC8001027883A10016C1EA00B883A8009883A000B1BC01027883A1001671EA00B883ABD
:202DD0008009883A000994408009883A000934C001D047F4000D883A39E120048809883A07
:202DD800900B883A14C18017002786401001D21601D06374000D883A39E70E048809883A30
:202DE000900B883A002778800081CB1698BFFF8400C000441880143601507674880D883AA3
:202DE800900F883A0009883A29422C440026D300000D883A01D009341009883A180B883A2E
:202DF00000281C40180B883A1009883A0028AC00014019041009883A1027883A00260AC089
:202DF8001039883A0000140698C1B31E01507D34880D883A900F883A01180034294775C4BC
:202E00000026D300000D883A01D009341009883A180B883A00281C40180B883A1009883AD8
:202E08000028AC00014019041009883A1027883A00260AC0170000448009883A000934C011
:202E10008009883A14C17D15000934C0010003C4E007883A2700010E2007883A10C17C1501
:202E1800014044848009883A0006B8409809883A017FF38400260AC08009883A14C003C418
:202E2000000934C09807883A9800010E0007883A10C18115014045048009883A0006B8408A
:202E28008009883A000934C0070000848009883A17018E15000934C010018615014046047D
:202E30008009883A0006B840014045448009883A0006B8408009883A000934C000C3FFC458
:202E3800D8C0021510817D0400C04484D8C00115D8800015880D883A900F883AA00B883AF1
:202E40008009883A000B01001027883A1000F21EA00B883A8009883A000B1BC01027883A6B
:202E48001000ED1E00801304A880781EA00B883A8009883A0009944001D047F4000D883A8A
:202E500039E120048809883A900B883A002786401001591601D05CF4000D883A39C4B40462
:202E58008809883A900B883A00277880008152168009883A000934C001507834880D883A06
:202E6000900F883A012000342945F7C41027883A0026D30001D016B4000D883A39F00004EA
:202E68001009883A180B883A00281C401009883A180B883A0028AC0001D05B7498818D1517
:202E7000000D883A39E70E048809883A900B883A0027788000801F1601D058F4000D883AD1
:202E780039C4B4048809883A900B883A0027788000801A1601D054F4000D883A39C4B40469
:202E80008809883A900B883A002778800080151601D051F4000D883A39F8D8048809883A73
:202E8800900B883A002778800080101601D04D74000D883A39D730048809883A900B883AB3
:202E900004C0004400277880008009160027883A0000070604C001440000050604C0010489
:202E98000000030604C000C400000106E027883A8009883A000934C014C18C1504C045C42E
:202EA000980B883A8009883A0006B8408009883A000934C000C003C410C17D158009883AE7
:202EA800D8C4701507000044000934C08009883A17017C15000934C0D8C470178009883A42
:202EB00010C18115000934C017018015014044848009883A0006B840014044C48009883A0B
:202EB8000006B840014045048009883A0006B8408009883A000934C000C1FFC4D8C00215AE
:202EC000DCC0011510818D0400006C0600801204A880711EA00B883A8009883A00099440CA
:202EC80001D05CF4000D883A39C4B4048809883A900B883A002786401000DF1601D06374FB
:202ED000000D883A39E70E048809883A900B883A002778800080D8168009883A000934C05C
:202ED80001507DB4880D883A900F883A01300034295682C41027883A0026D300000D883AB5
:202EE00001D012741009883A180B883A00281C40180B883A1009883A0028AC0001D058F486
:202EE80098818B15000D883A39C4B4048809883A900B883A0026D300000D883A01D002340E
:202EF0001009883A180B883A00281C40180B883A1009883A0028AC008009883A1027883AA6
:202EF800000934C09807883A9800010E0007883A07004584E00B883A10C18A158009883AB4
:202F00000006B8408009883A000934C000C003C410C17D158009883A04C00044D8C470150D
:202F0800000934C08009883A14C17C15000934C0D8C470178009883A10C18115000934C02C
:202F10008009883A14C18015000934C08009883A10018515000934C08009883A14C1861541
:202F1800000934C014C18E15014044848009883A0006B840014044C48009883A0006B84040
:202F2000014045048009883A0006B840014045448009883A0006B840014046048009883AD5
:202F28000006B8408009883A000934C000C03FC4D8C00215DF00011510818B04D88000154F
:202F3000880D883A900F883AA00B883A8009883A000B01001027883AA00B883A8009883A54
:202F3800000994408009883A000934C012C17D178009883ADAC46B15000934C012817C1761
:202F40008009883ADA846C15000934C0124181178009883ADA446D15000934C012018C17C1
:202F48008009883ADA046E15000934C011C18D178009883AD9C46F15000934C010C18A176F
:202F50008009883AD8C47015000934C001846804D9400304B809883A17018B17001328C0AF
:202F58008009883A00093540A00B883A8009883A00099440A00B883A8009883A0009944066
:202F60008009883A000934C005C0008415C175158009883A000934C015C176158009883A6C
:202F6800000934C005C004048009883A15C18215000934C0DAC46B178009883A12C17D15FA
:202F7000000934C0DA846C178009883A12817C15000934C0DA446D17014043C48009883AC2
:202F7800124181150006B840014045048009883A0006B840014044848009883A0006B8402D
:202F80008009883A000934C0DA046E178009883A12018C15000934C0D9C46F178009883A1C
:202F880011C18D15000934C0D8C470178009883A10C18A15000934C017018B158009883ADA
:202F9000000934C0070005048009883A17019215000934C08009883A17019315000934C005
:202F980015C18915014045C48009883A0006B840014046448009883A0006B84001404584F4
:202FA0008009883A0006B840A80D883AA00B883A8009883A000A2FC0B0000526B4400015BC
:202FA800B48001150000020600BFFFC4000004069805883A0000020604FFFFC4003F860633
:202FB000DFC47A17DF047917DDC47817DD847717DD447617DD047517DCC47417DC8473170B
:202FB800DC447217DC047117DEC47B04F800283ADEFFFD04DFC00215DC400115DC000015B6
:202FC0003023883A2021883A00099440808469178C403FCC8009883A1441FB1504410004A8
:202FC800880B883A1001FA151001F9150006B8408084691700C001C4880B883A10C1FE1515
:202FD00000C0008410C20A1500C0004410C20F1510C2101510C2111510C2121510C21315D0
:202FD80010C2141510C2151510C216158009883A0006B8408009883A014100C40006B8404D
:202FE0008009883A014102840006B840014103048009883ADFC00217DC400117DC0000174D
:202FE800DEC003040006B841DEFFFD04DC400115DC000015DFC002152021883A3023883A56
:202FF0000009944000C0004488C0041E8084691700C001C410C1FE1500001306008000846C
:202FF8008880031E808469171001FE1500000E06010001048900021E8084691700000E068D
:2030000000C0020488C0031E80C469171881FE1500000A06008004048880031E80846917CC
:2030080000C000C400000406008008048880031E8084691700C0010410C1FE15014100C432
:203010008009883ADFC00217DC400117DC000017DEC003040006B841DEFFF804DD400615C1
:20301800DD000515DC800315DC400215DC0001153023883A2021883A3825883ADFC0071516
:20302000DCC004152829883A00099440000D883A000F883A8809883A900B883A8544691752
:2030280000277000100002260027883A0000010604C000448009883AACC20F15014103049B
:203030000006B840880F883ADC800015A00D883A014000848009883A000A1880DFC00717DA
:20303800DD400617DD000517DCC00417DC800317DC400217DC000117DEC00804F800283AEB
:20304000DEFFFA04DFC00515DD000415DCC003153829883A3027883ADC800215DC40011551
:20304800DC0000152021883A000994408084691704410004048000441481F3151481F815C3
:203050001481F915880B883A8009883A0006B840808469178009883A14C20C1504C102C4CE
:20305800980B883A0006B84080846917880B883A8009883A1001F6150006B8408084691733
:20306000880B883A8009883A1481F6150006B84080846917880B883A8009883A1001F615D2
:203068000006B84080846917980B883A8009883A15020C150006B84080846917880B883A07
:203070008009883A1001F5150006B84080846917880B883A8009883A1481F5150006B8401B
:2030780080846917880B883A8009883A1001F515DFC00517DD000417DCC00317DC8002171B
:20308000DC400117DC000017DEC006040006B841DEFFFC04DFC00315DC800215DC40011529
:20308800DC0000152021883A000994408084691704800044044100041481F915880B883ACA
:203090008009883A1001F8150006B84080846917880B883A8009883A1481F415DFC003173E
:20309800DC800217DC400117DC000017DEC004040006B841DEFFFD04DC000015DFC0021552
:2030A0002021883ADC400115000994408084691710C21017180004261002101501410304BF
:2030A8008009883A0006B8408084691700C0004411020A1720C0042610C20A150141028440
:2030B0008009883A0006B840808469178009883A014100041001F2151001F1150006B84075
:2030B8008084691700C000448009883A10C1F115014100040006B8408009883A01410384F6
:2030C0000006B3C08009883A014103C41023883A0006B3C01085883A1085883A1460B03AA9
:2030C800010000F4800B883A2127610400136E808005883ADFC00217DC400117DC000017D2
:2030D000DEC00304F800283ADEFFFC04DFC00315DC800215DC4001153825883A2023883A84
:2030D800DC0000153021883A00099440888469178400005C84003FCC140214158809883A6A
:2030E000014103040006B84088846917014101048809883A14820015DFC00317DC8002178A
:2030E800DC400117DC000017DEC004040006B841DEFFF804DD800615DD400515DC80021501
:2030F000DC400115DC000015302D883A382B883ADFC00715DD000415DCC003152021883AF1
:2030F800DC800817DC40091700099440000D883A000F883AB009883AA80B883A00277000FD
:20310000100002260029883A0000010605000044000D883A01CFFC349009883A880B883ABD
:203108000027700004C0004410000726000D883A000F883A9009883A880B883A00277000E4
:20311000100001260027883A80846917A5003FCC014103041502161514C215158009883A75
:203118000006B8400195113401CFFE74318B460439C87EC4B009883AA80B883A0026D3004A
:2031200001D02834000D883A39FF00041009883A180B883A0027958084C469171009883AB8
:20312800180B883A0028AC000501FFC49881FF159D01FD15000D883A01CFFC349009883AFE
:20313000880B883A00277880008002169D01FC1500000F06900D883A880F883A0009883A2C
:20313800014FFC340026D30001D02834000D883A39FF00041009883A180B883A00279580CA
:203140001009883A180B883A0028AC009881FC15000D883A01CFFC349009883A880B883A32
:203148000027864010000A0E01D02834000D883A39FF00049009883A880B883A002795802E
:203150001009883A180B883A0028AC009881FD158009883A014100C40006B8408009883A06
:20315800014100840006B840014100448009883ADFC00717DD800617DD400517DD0004175A
:20316000DCC00317DC800217DC400117DC000017DEC008040006B841DEFFFD04DFC00215C0
:20316800DC400115DC0000153023883A2021883A0009F1808084691700C000448009883ABF
:2031700010C1C215014049040006B840808469178C403FCC014047048009883A1441A715C8
:20317800DFC00217DC400117DC000017DEC003040006B841DEFFEF04D8801117DCC00A15A9
:20318000DCC01517D8800115D8801217DF000F15DDC00E15D8800215D8801317DD800D1545
:20318800DD400C15D8800315D8801417DD000B15DFC01015DC800915DC400815DC0007158A
:20319000D880041500800184D90000152829883A302B883A382D883A980001159800021507
:20319800980005159800061598000715980009059880001505C00044070020049C00001744
:2031A00080003416BC12983A4A53883A9A4007154809883ADA4005150028B400A80D883AB6
:2031A800B00F883A1009883A180B883A00279580D9800017A00F883A1009883A180B883AE9
:2031B0001025883A1823883A0026D300DA4005179880011598C002159C8005159C40061512
:2031B800E2405516180B883A000D883A01D004341009883AD8C00615D880051500278640C0
:2031C000D8C00617DA80051710004B16000D883A01D020345009883A180B883A0027788040
:2031C80000802716D9800117D9C002179009883A880B883A0027864010002116D9800317B0
:2031D000D9C004179009883A880B883A0027788000801B169C4005179C00061701D07D3478
:2031D800019C003439DF4D448809883A800B883A0480004400277880008001160025883A58
:2031E00001D07D349C800815019C003439DF4D448809883A800B883A0027788000800B0E42
:2031E8009900011799400217000D883A01CFF834002795809880011598C002150000030677
:2031F000843FFFC49C000015003FAC069C4001179C0002178809883A800B883A0028AC007A
:2031F80010FFFF041009883A98C003150028B400100D883A180F883A8809883A800B883A16
:2032000000281C40000D883A01D04C341009883A180B883A002795801009883A180B883A4E
:203208000028AC009880041500800044988009050005883A0000010600BFFFC4DFC01017A1
:20321000DF000F17DDC00E17DD800D17DD400C17DD000B17DCC00A17DC800917DC400817A3
:20321800DC000717DEC01104F800283ADEFFFD04DC400115208469172823883A29400817C6
:20322000DFC00215DC00001500C0004410C19F1510C1A71511419D1510C1991510019E158A
:203228001001A2151001A0151001A3151001A4151001A6151001A51510019B151001B71530
:20323000014047042021883A0006B8408880041780C4691701404744113FFFCC1005D43A00
:203238001901A8158009883A1881AA15888003171881A9150006B8408009883A014047842E
:203240000006B8408084691788C00017014047C48009883A1001AF1510C1AD15DFC00217D6
:20324800DC400117DC000017DEC003040006B841DEFFD004DFC02F15DF002E15DDC02D1506
:20325000DD802C15DD402B15DD002A15DD403017DD003117DCC02915DC802815DC402715F3
:203258003025883A3823883ADC002615282F883A2021883A0009F180808469170140470465
:203260008009883A100198150006B8408084691700C000440140470410C198158009883A6A
:203268000006B840D8800504D880041500960034D880021500907CF4109D0584D880031597
:2032700000B00034D880001500907B341093FB04A80D883AA00F883A9009883A880B883A74
:20327800D8800115000C5F40D8800F04D880041500907E74108A4744D880031500A900344D
:20328000D880001500907CB404F20034109ECB44DCC00215A80D883AA00F883A9009883A24
:20328800880B883AD8800115000C5F40D8801904D880041500907F7410AF2904D8800315F3
:2032900000907DF4109F7784DCC00215DCC00015D8800115A80D883AA00F883A9009883A5E
:20329800880B883A000C5F4004FFFFC4DA400E040039883A982D883A9817883A028000C4EB
:2032A00048800003497FF704100024268009883ADA402315DA802515DAC02415000C86C0D0
:2032A80080846917014048448009883A1701B6150006B8408144691700C048C4D8C00115CA
:2032B0002881BE0429C1BD04D8800015018048442941B5048009883A000EB440DA402317AA
:2032B800DA802517DAC0241710000C1E814469179AC008262881B51710BFE0041000010E3D
:2032C0000085C83A993FE0042000010E0109C83A1100020E2CC1B517E02D883AE70000449C
:2032C8004A400A04E2BFD61E00BFFFC4B080061E014000F429661B04E009883A000A1340F8
:2032D00000BFFF440000500680846917014048448009883A14C1B5151581B6150006B840EC
:2032D80080846917014047048009883A100199150006B84001400A04B009883A00262600A8
:2032E000D900050420A7883A980B883A8009883A000C86C000800084B880051E85446C15B8
:2032E80085046D1584847215844473150000060600800044B880041E85446E1585046F1559
:2032F0008484741584447515D880321710002D2699000317210001040028B400990004176E
:2032F8001029883A1821883A0028B400000D883A01CFAC341009883A180B883A0027958069
:20330000800B883A100D883A180F883AA009883A002648401029883A988008170100004408
:203308001821883A2088983A0028B400880F883A900D883A1009883A180B883A00279580A0
:20331000800B883A100D883A180F883AA009883A00279580990007171023883A1821883A3A
:203318000028B4008809883A100D883A180F883A800B883A0026D300D90032172080001581
:2033200020C001150005883ADFC02F17DF002E17DDC02D17DD802C17DD402B17DD002A17C9
:20332800DCC02917DC802817DC402717DC002617DEC03004F800283ADEFFFD04DC000015A0
:203330002821883A01400044DC400115DFC002152023883A0009F180888469178400005C1A
:2033380084003FCC014047048809883A1401A115DFC00217DC400117DC000017DEC00304B8
:203340000006B841DEFFFD04DC400115DC0000152023883ADFC002153021883A00099440C2
:203348008884691700C0004410C14C1510C14E1510C14F1510C15D1500C0120480C00F26AC
:203350001C00051600C0104480C00D1E10015D1510014E1500000A0600C0130480C0032660
:2033580000C014C480C003260000050610015D1510014E1510014F150000010610014C1564
:203360008809883A014041440006B840014042848809883ADFC00217DC400117DC000017FD
:20336800DEC003040006B841DEFFFD04DC400115DC0000153023883A2021883ADFC00215D2
:203370000009944080846917014042848009883A14415C15DFC00217DC400117DC000017E5
:20337800DEC003040006B841DEFFFC04DC800215DC4001152025883ADC0000153023883A02
:203380003821883ADFC003150009944081C03FCC380EC03A380E90BA908469170140414408
:203388003C4EB03A9009883A11C14B15DFC00317DC800217DC400117DC000017DEC0040429
:203390000006B841DEFFFC04DFC00315DC800215DC4001152825883A3023883ADC000015D0
:203398002021883A000994408084691700C000448009883A10C1C515014049040006B8402B
:2033A000808469178C403FCC900B883A144150158009883A000D883A000CDA80900B883ABE
:2033A8008009883A000F883A000D883A000CDE80014041448009883ADFC00317DC80021771
:2033B000DC400117DC000017DEC004040006B841008003F4109090040007883AF800283A63
:2033B800DEFFFD04D809883A000B883ADFC002150028F300D9000017018003F43190900419
:2033C000200BD7FA000F883A0024D140D9000117200DD7FA1109883A208B803A1987883A59
:2033C8002005883A28C7883ADFC00217DEC00304F800283ADEFFFC04DC800215DC40011514
:2033D000DFC00315DC0000152023883A2825883A000CEE00888BC83A8961803A90C7C83A15
:2033D8001C21C83A010000F4800D883A2127650400136E80803FF60EDFC00317DC800217AF
:2033E000DC400117DC000017DEC00404F800283ADEFFFD04DC400115DC0000152823883A98
:2033E8002021883ADFC00215000CEE001409883A2085803A1C4B883A114B883ADFC00217D5
:2033F000DC400117DC000017DEC00304000CF341DEFFFB04DFC00415DCC00315DC800215F6
:2033F800DC400115DC0000153023883A2021883A2827883A000994408084691700C0004404
:203400000140490410C1C6158009883A0006B840808469178C803FCC8C40005C8C403FCC8F
:203408000140400414813A1514413815144139158009883A0006B8400140104499400D260C
:203410008009883A0009944080846917014040048009883A14813415DFC00417DCC00317D2
:20341800DC800217DC400117DC000017DEC005040006B841DFC00417DCC00317DC8002176D
:20342000DC400117DC000017DEC00504F800283ADEFFFD04DC400115DC0000152023883A5E
:203428003021883ADFC00215000994408884691780C00060014040C4840000A08809883AF6
:2034300010C1441514014515DFC00217DC400117DC000017DEC003040006B841DEFFFD0482
:20343800DC400115DC0000152023883A3021883ADFC00215000994408884691784003FCC8B
:20344000014040448809883A14013F15DFC00217DC400117DC000017DEC003040006B84168
:20344800DEFFFB04DCC00315DC8002152827883A2025883A000B883A0009883ADC4001157F
:20345000DC000015DFC0041500281C40000D883A01D009341009883A180B883A1023883A9D
:203458001821883A0027788000800C0E8809883A800B883A000D883A01D009340026484075
:20346000000D883A01CFF8341009883A180B883A002795801023883A1821883A000D883AC6
:2034680001D00FF48809883A800B883A0027788000800916000D883A000F883A8809883A1F
:20347000800B883A002786401000050E0023883A0021883A000002060023883A04100FF413
:20347800000D883A01CFF834800B883A8809883A00264840180B883A1009883A0028AC0087
:20348000980B883A9009883A1021883A0009944090846917014040449009883A14013D1581
:2034880014013E150006B840008002841400080E813FFD842109883A0028B400100D883AA6
:20349000180F883A0009883A01700934000006068009883A0028B400100D883A180F883ABF
:203498000009883A000B883A00281C40DFC00417DCC00317DC800217DC400117DC000017EC
:2034A000DEC00504F800283ADEFFFA04DC400115DC0000153023883A3821883ADD000415E7
:2034A800DCC003152829883A2027883A000D883A01EFFC348809883A800B883ADFC00515EC
:2034B000DC800215002778801000120E000D883A01F00B348809883A800B883A002778807C
:2034B8001000100E000D883A01F00D748809883A800B883A0027788010000F0E044CCCF489
:2034C00004300474048000C48C4CCCC4840CCCC400000E060025883A0023883A0021883AAD
:2034C80000000A06045999B4048000448C599984042FFDB400000406045999B404800084C0
:2034D0008C599984043002B484199984A00B883A9809883A00099440988469170140404428
:2034D8009809883A14813C150006B8408805883A8007883ADFC00517DD000417DCC003178C
:2034E000DC800217DC400117DC000017DEC00604F800283ADEFFFB04DFC00415DCC00315E6
:2034E800DC8002153027883A3825883ADC400115DC0000152823883A2021883A0009944009
:2034F00081846A1781C46B179809883A900B883A0026D300100D883A180F883A880B883A99
:2034F8008009883A000E4B0001D04BF49809883A900B883A000D883A39E1200400281C40AF
:2035000081046A1781446B17000D883A01CFF4341027883A1825883A002795809809883A00
:20350800900B883A100D883A180F883A0026D300100D883A180F883A880B883A8009883A1D
:20351000DFC00417DCC00317DC800217DC400117DC000017DEC00504000C0581DEFFF40481
:20351800DFC00B15D9800015D9C00115DDC00915DD800815DD400715DD000615DC800415DC
:20352000DC4003152825883ADC000215DF000A152021883ADCC00515DDC00C170009944001
:20352800010000F421276D0400137E40900B883A8009883A0003C500010000F4100B883AC2
:2035300021277404102D883A00136E80D9800017D9C00117900B883A8009883A000D39406C
:20353800900B883A8009883A00018DC0B009883A1023883A0028B400018B783401CFF9F43C
:20354000318346C439E82404180B883A1009883A00279580893FFFCC1029883A182B883AD5
:203548000028B400A00D883AA80F883A1009883A180B883A00278640100002160440004442
:2035500000000106047FFFC40027883A9CC0004400808044988061268009883A000934C05A
:2035580010C15E17014042848009883A1C47883A10C15E150006B840010000F4980B883AFA
:203560002127820400136E80900B883A8009883A00018DC0173FFFCC010000F4E00B883AC3
:203568002127850400136E80010000F4B00B883A2127890400136E80010000F4880B883ADF
:2035700021278E0400136E80E009883A0028B400100D883A180F883AA009883AA80B883A31
:203578001839883AD880001500278640DA0000171000020E00BFFFC488803A26400D883ABC
:20358000E00F883AA009883AA80B883A002778800080020E00800044888032268009883A7C
:20358800000934C010815E171000141E017FFEC48809883A00262600B8C000178009883A23
:203590001885883AB8800015000934C000C0040410C15E15014042848009883A0006B84016
:20359800D9400D178009883A0006B840B880001700C03FC41880072E000018068009883A45
:2035A000000934C010C15E17008007C418BFAF1E003FE606010000F42127910400137E400B
:2035A800900B883A8009883A00018DC0113FFFCC0028B400100D883A180F883AA009883AE3
:2035B000A80B883A002778800080020E047FFFC4003F9E0604400044003F9C0600BFFFC4C3
:2035B800000001060005883ADFC00B17DF000A17DDC00917DD800817DD400717DD000617F6
:2035C000DCC00517DC800417DC400317DC000217DEC00C04F800283ADEFFF904DFC00615F5
:2035C800DD400515DD000415DCC00315DC800215DC4001152825883ADC0000152021883A5A
:2035D000000994408009883A000934C010016A158009883A014043040006B84004C0454408
:2035D800980D883A01C046C4900B883A8009883A000194008009883A04400044000934C094
:2035E0008009883A14418615000934C0050000C48009883A15018E15000934C0054005047B
:2035E8008009883A15419215000934C08009883A15419315000934C015019615980B883A12
:2035F0008009883A0006B8408009883A014046040006B8408009883A014046440006B8408A
:2035F800014046848009883A0006B8408009883A000934C010013A158009883A01404004E7
:203600000006B84001C042C401804144900B883A8009883A000194008009883A000934C05A
:203608008009883A14415715000934C08009883A14415815000934C000C0018410C159150B
:203610008009883A014042040006B840880F883A900D883A8009883A01400084000144C0FD
:20361800880F883A900D883A880B883A8009883A000144C0900B883A8009883A00099440B0
:20362000014010448009883A000994408009883A000934C001C02104018020C4900B883ADD
:203628008009883A14C06B17000194008009883A000934C014C06B15900B883A8009883A08
:203630000009944004C08004980D883A01C08304900B883A8009883A000194008009883A1E
:20363800000934C08009883A1441CE15000934C08009883A1441CF15000934C08009883A29
:203640001441E215000934C08009883A1441E315000934C01441E415980B883A8009883A8E
:203648000006B8408009883A014082040006B840900B883A8009883A01E00014019FFFC454
:20365000000E558001C103C401810004900B883A8009883A000194008009883A000934C0E3
:203658008009883A14420A15000934C08009883A14421115000934C08009883A1442121509
:20366000000934C08009883A14421315000934C000C001C410C20B158009883A000934C0C8
:2036680014420D158009883A014102840006B8408009883A014103040006B84001D03A34E8
:20367000000D883A39DA8004900B883A8009883A000D39400005883ADFC00617DD400517EA
:20367800DD000417DCC00317DC800217DC400117DC000017DEC00704F800283ADEFB860482
:20368000DD047415DC847215DC447115DC0470153023883A3825883ADFC47915DF047815F9
:20368800DDC47715DD847615DD447515DCC473152021883A2829883A0009944001D051F42D
:20369000000D883A39F8D8048809883A900B883A0027864010001D1601D05A74000D883AF0
:2036980039F2EA048809883A900B883A002778800080070E01D05EF4000D883A39ECFC047E
:2036A0008809883A900B883A002786401000131601D051F4000D883A39F8D8048809883AEF
:2036A800900B883A002786401000111601D05A74000D883A39F2EA048809883A900B883A4A
:2036B0000027864000800C0E00000706049051F40023883A94B8D8040000070604905EF48D
:2036B8000023883A94ACFC040540120400000306054014C400000106054010448009883A61
:2036C00000093E80010000F4000B883A2127940400136E808080010401846804100B883AAD
:2036C800D9000204D8846A15001328C0880B883A8009883A900D883A0003D540010000F421
:2036D0001027883A100B883A2127980400136E809801AF1EA00B883A8009883A000D718003
:2036D800010000F41027883A100B883A21279C0400136E809801A61EA80D883AA00B883ADD
:2036E0008009883A000CD040010000F4A80B883A2127A00400136E80008014C4A880801EEE
:2036E800A00B883A8009883A0009944001D04A34000D883A39DA80048809883A900B883AC8
:2036F0000027864010018D1601D05234000D883A39DA80048809883A900B883A002778808D
:2036F8000081861601D04BF4000D883A39E120048809883A900B883A0026D300100D883AF0
:20370000180F883A1009883A180B883A102D883A182F883A00279580100D883A180F883AF4
:20370800B80B883AB009883AD8C46F15D8846E15002795808009883A1827883A1039883A0F
:20371000000934C0E00D883A980F883AB009883AB80B883AD8846D1500279580018D423466
:2037180001CF3874319AE70439DD4E841009883A180B883A002795800196E8F401EFE9B47B
:20372000E009883A980B883A318CDC4439C005C4D8C46C15D8846B1500279580DB846B17C4
:20372800DB446C17100D883A7009883A680B883A180F883A00264840DAC46E17DA846F17F2
:203730000194BB3401CFF4345809883A500B883A31A374C439CE57441039883A1827883A03
:2037380000279580E009883A980B883A100D883A180F883A0026484001908EF401D015B402
:2037400031B20B0439CF45C4B009883AB80B883A1827883A1039883A00279580980B883AB9
:20374800100D883A180F883AE009883A002648400183CFB401D01234319E994439C2B64481
:203750001009883A180B883A00281C40180B883A1009883A0028AC00DA046D178009883AD4
:2037580004C0428440815F15000934C000C000C410C14B15014041448009883A0006B840D1
:20376000980B883A8009883A0006B8408009883A000934C010815F04DCC0011500010F0697
:2037680000801044A8808C1EA00B883A8009883A0009944001D04FF4000D883A39E12004E5
:203770008809883A900B883A0027864010007D1601D05BF4000D883A39E120048809883A79
:20377800900B883A002778800080761601D04BF4000D883A39E120048809883A900B883ADC
:203780000026D300100D883A180F883A1009883A180B883A102D883A182F883A0027958064
:20378800100D883A180F883AB80B883AB009883AD8C46F15D8846E15002795808009883AD3
:203790001827883A1039883A000934C0E00D883A980F883AB009883AB80B883AD8846D151A
:203798000027958001AAC3B401CF28F431B04E4439EDBC841009883A180B883A00279580F2
:2037A00001B13DB401EFC774E009883A980B883A31AFA68439C20644D8C46C15D8846B15E3
:2037A80000279580DB846B17DB446C17100D883A7009883A680B883A180F883A002648405C
:2037B000DAC46E17DA846F1701AB837401CFD9F45809883A500B883A319C604439EF6384F2
:2037B8001039883A1827883A00279580E009883A980B883A100D883A180F883A0026484023
:2037C00001A03D3401D00D7431A371C439C27584B009883AB80B883A1827883A1039883A7C
:2037C80000279580980B883A100D883A180F883AE009883A0026484001A9BC7401D012342E
:2037D000319C73C439CD18841009883A180B883A00281C40180B883A1009883A0028AC005B
:2037D800DA046D178009883A04C0424440815B15000934C000C0008410C14B150140414471
:2037E0008009883A0006B840980B883A8009883A0006B8408009883A000934C010815B049A
:2037E800DCC00115D8800015880D883A900F883AA00B883A8009883A000D45C01027883A27
:2037F0000000010604FFFFC4010000F42127A30400137E4000008A0600801204A880881E43
:2037F800A00B883A8009883A0009944001D05EF4000D883A39ECFC048809883A900B883A55
:203800000027864010007D1601D06374000D883A39E70E048809883A900B883A00277880A0
:203808000080761601D04BF4000D883A39E120048809883A900B883A0026D300100D883AEF
:20381000180F883A1009883A180B883A102F883A182D883A00279580100D883A180F883AE3
:20381800B00B883AB809883AD8C46F15D8846E15002795808009883A1827883A1039883AFE
:20382000000934C0E00D883A980F883AB809883AB00B883AD8846D150027958001B2FAB4F8
:2038280001CFACF431A3C74439E13B041009883A180B883A00279580019F71F401EFCB34E8
:20383000E009883A980B883A31BDA20439E85184D8C46C15D8846B1500279580DB846B17C8
:20383800DB446C17100D883A7009883A680B883A180F883A00264840DAC46E17DA846F17E1
:20384000019DBBF401CFE5345809883A500B883A318C12C439E06D441039883A1827883A89
:2038480000279580E009883A980B883A100D883A180F883A002648400195DFB401CFFDF4B4
:20385000318315C439FB9204B809883AB00B883A1827883A1039883A00279580980B883A54
:20385800100D883A180F883AE009883A002648400194123401D012343199C60439F63E0438
:203860001009883A180B883A00281C40180B883A1009883A0028AC00DB046D178009883AC2
:2038680004C0424460815A15000934C000C000C410C14B15014041448009883A0006B840E5
:20387000980B883A8009883A0006B8408009883A000934C010815A04DCC00115D880001534
:20387800880D883A900F883AA00B883A8009883A000D45C01027883A0000010604FFFFC4E8
:20388000010000F4980B883A2127A40400136E80A00B883A8009883A000994408009883AFD
:20388800000934C012015B178009883ADA046D15000934C011C15E178009883AD9C46B1547
:20389000000934C010C15F178009883AD8C46C15000934C0D9046A1701846804D940020401
:2038980017015A17001328C08009883A00093540A00B883A8009883A00099440A00B883AC1
:2038A0008009883A000994408009883A000934C0DA046D178009883A12015B15000934C06B
:2038A800D9C46B178009883A11C15E15000934C0D8C46C178009883A10C15F15000934C0A8
:2038B0008009883A17015A15000934C000C0004410C158158009883A000934C000C001845A
:2038B80010C15915014042048009883A0006B840014042448009883A0006B84001404284CA
:2038C0008009883A0006B840A80D883AA00B883A8009883A000CD040D8847A17100002262F
:2038C80014400015148001159805883ADFC47917DF047817DDC47717DD847617DD447517FF
:2038D000DD047417DCC47317DC847217DC447117DC047017DEC47A04F800283ADEFFFD04F2
:2038D800DFC00215DC400115DC0000153023883A2021883A00099440808469178C403FCCA7
:2038E0008009883A1441D11504408004880B883A1001D0151001CF150006B84080846917B8
:2038E80000C001C4880B883A10C1D41500C0004410C1E01510C1E11510C1E21510C1E3150A
:2038F00010C1E41510C1E51510C1E61510C1E7158009883A0006B8408009883A014080C471
:2038F8000006B840014082048009883ADFC00217DC400117DC000017DEC003040006B8411D
:20390000DEFFFD04DC400115DC000015DFC002152021883A3023883A0009944000C00044F7
:2039080088C0041E8084691700C001C410C1D41500001306008000848880031E80846917A8
:203910001001D41500000E06010001048900021E8084691700000E0600C0020488C0031E13
:2039180080C469171881D41500000A06008004048880031E8084691700C000C40000040676
:20392000008008048880031E8084691700C0010410C1D415014080C48009883ADFC0021747
:20392800DC400117DC000017DEC003040006B841DEFFF804DD400615DD000515DC80031538
:20393000DC400215DC0001153023883A2021883A3825883ADFC00715DCC004152829883A98
:2039380000099440000D883A000F883A8809883A900B883A8544691700277000100002262A
:203940000027883A0000010604C000448009883AACC1E015014082040006B840880F883AA4
:20394800DC800015A00D883A014000448009883A000A1880DFC00717DD400617DD0005171D
:20395000DCC00417DC800317DC400217DC000117DEC00804F800283ADEFFFA04DFC0051569
:20395800DD000415DCC003153829883A3027883ADC800215DC400115DC0000152021883AD0
:20396000000994408084691704408004048000441481C9151481CE151481CF15880B883A9D
:203968008009883A0006B840808469178009883A14C1EA1504C08304980B883A0006B840A5
:2039700080846917880B883A8009883A1001CC150006B84080846917880B883A8009883AFF
:203978001481CC150006B84080846917880B883A8009883A1001CC150006B8408084691723
:20398000980B883A8009883A1501EA150006B84080846917880B883A8009883A1001CB154F
:203988000006B84080846917880B883A8009883A1481CB150006B84080846917880B883AB1
:203990008009883A1001CB15DFC00517DD000417DCC00317DC800217DC400117DC000017D6
:20399800DEC006040006B841DEFFFC04DFC00315DC800215DC400115DC0000152021883A3B
:2039A000000994408084691704800044044080041481CF15880B883A8009883A1001CE1509
:2039A8000006B84080846917880B883A8009883A1481CA15DFC00317DC800217DC40011707
:2039B000DC000017DEC004040006B841DEFFF904DD400515DD000415DCC00315DC80021531
:2039B800DC400115302B883A3829883ADFC00615DC0000152023883ADCC00717DC80081798
:2039C00000099440000D883A000F883AA809883AA00B883A002770001000071E000D883AEF
:2039C800000F883A9809883A900B883A0400004400277000100001260021883A88846917C9
:2039D0008809883A014082041401E5150006B840000D883A01D01834A809883AA00B883AE4
:2039D800002795808C046917180B883A1009883A0028AC00000D883A01D018349809883AA0
:2039E000900B883A8081D61500279580180B883A1009883A0028AC00014081048809883A95
:2039E8008081D715DFC00617DD400517DD000417DCC00317DC800217DC400117DC00001793
:2039F000DEC007040006B841DEFFF804DD800615DD400515DC800215DC400115DC000015F1
:2039F800302D883A382B883ADFC00715DD000415DCC003152021883ADC800817DC4009174C
:203A000000099440000D883A000F883AB009883AA80B883A00277000100002260029883A7F
:203A08000000010605000044000D883A01CFFC349009883A880B883A0027700004C0004430
:203A100010000726000D883A000F883A9009883A880B883A00277000100001260027883A52
:203A180080846917A5003FCC014082041501E71514C1E6158009883A0006B840019511348D
:203A200001CFFE74318B460439C87EC4B009883AA80B883A0026D30001D02834000D883A16
:203A280039FF00041009883A180B883A0027958084C469171009883A180B883A0028AC00EA
:203A30000501FFC49881D5159D01D315000D883A01CFFC349009883A880B883A0027788086
:203A3800008002169D01D21500000F06900D883A880F883A0009883A014FFC340026D30040
:203A400001D02834000D883A39FF00041009883A180B883A002795801009883A180B883A72
:203A48000028AC009881D215000D883A01CFFC349009883A880B883A0027864010000A0EF6
:203A500001D02834000D883A39FF00049009883A880B883A002795801009883A180B883A72
:203A58000028AC009881D3158009883A014080C40006B8408009883A014080840006B8401D
:203A6000014080448009883ADFC00717DD800617DD400517DD000417DCC00317DC80021763
:203A6800DC400117DC000017DEC008040006B841DEFFFD04DFC00215DC400115DC000015B7
:203A70002823883A2021883A0009310001000044000F03C0880B883A8009883ADFC002177D
:203A7800DC400117DC000017DEC0030400093101DEFFF604D8800C17DD800615DD800A17DF
:203A8000DF000815DDC00715DD400515DD000415DCC00315DC400115DC000015DFC00915B0
:203A8800DC8002152027883A2821883A302B883A3829883A144020042880001505C00184D8
:203A90000700004480C00017E5E4983AA80B883A9809883A1C86B03A80C000150006B84022
:203A9800D9400B179809883A000E9B00B0C000171800042680C0001704A4303A1CA4703A2B
:203AA00084800015A0C0001718000526B0C000171800031E80C000171C40010E1823883AB4
:203AA800A80B883A9809883A0006B840BDFFFFC400BFFFC4B8BFE31E84800017944010169A
:203AB000D8800C1714400E0E8DFFFFC4A80B883A9809883A85C000150006B840D9400B1751
:203AB8009809883A000E9B00A080001710000426B08000171000021EB823883A003FEF0629
:203AC000D8800D1714400015D8800E17148000150005883ADFC00917DF000817DDC007179C
:203AC800DD800617DD400517DD000417DCC00317DC800217DC400117DC000017DEC00A0435
:203AD000F800283ADEFFF004DFC00F15DD400E15DD000D15DCC00C15DC800B15DC400A1535
:203AD800DC000915DCC0111728000015282B883A300B883A3825883A2021883A3029883A84
:203AE000DC4010170006B840980B883A8009883A000E9B009080001700C0004410C0051E0E
:203AE80088C000171880031E014000F42967A70400004B0600803FC4A8800015A00B883AB8
:203AF0008009883A0006B840980B883A8009883A000E9B00908000171000051E888000179B
:203AF8001000031E014000F42967AE0400003C06D8800704D8800415D8800804900F883A2B
:203B0000A00D883AA80B883A8009883AD8800315D8000215DCC00115DC400015000E9F0087
:203B0800D8800504D8800415D8800604D880031500802004A00D883AA80B883A8009883A26
:203B1000D8800215DCC00115DC400015900F883A000E9F00D9000617D8800717D8C0081712
:203B180021BFFFC4D94005173080021E2805883A0000050610CDC83A290FC83A3980021601
:203B20002805883A2007883A1885883A1006D7FAA00B883A8009883A1885883A1005D07AF1
:203B2800A88000150006B840980B883A8009883A000E9B0090800017100007268C000017E2
:203B30008000051E014000F42967B504010001C4000A134000000506014000F429661B0443
:203B3800010001C4000A1340043FFFC48005883ADFC00F17DD400E17DD000D17DCC00C1736
:203B4000DC800B17DC400A17DC000917DEC01004F800283ADEFFFD04DC0000152821883AC8
:203B4800014010C4DC400115DFC002152023883A000994408884691781403FCC8809883AD3
:203B5000114075151140761501402144DFC00217DC400117DC000017DEC003040006B84175
:203B5800DEFFFD04DC0000152821883A014010C4DC400115DFC002152023883A0009944094
:203B60008884691781403FCC8809883A114071151140721501402144DFC00217DC40011759
:203B6800DC000017DEC003040006B841DEFE6004014000F4DC419B15018147042967BA0449
:203B70002023883AD809883ADFC19F15DD019E15DCC19D15DC819C15DC019A15001328C0C4
:203B7800014000F4018051C429690104D9014704001328C0DD0000440027883A04800444D5
:203B8000040000449CC5883A1085883AD885883AD9C1470410800003A1400003A100004304
:203B8800A18000833CC7883A18C00003D88198C5D9419905D9019945D98199851C800B1E76
:203B900021003FCC10803FCC2008923A1004923A31803FCC29403FCC310CB03A288AB03A87
:203B98008809883A0006AE80000012061C00111E10803FCC1006923A21003FCC28803FCCC7
:203BA00010C4B03A2008923A1004943A31403FCC290AB03A010000F4114AB03A2127B7049B
:203BA80000136E80800D883A01400104D90198C4000EF3809CC0004400805284A500010410
:203BB00098BFD01EDFC19F17DD019E17DCC19D17DC819C17DC419B17DC019A17DEC1A004C6
:203BB800F800283A0005883AF800283ADEFFFC04DFC003152080000331803FCC29403FCC0B
:203BC000D880020520800043200F883AD9800115D940001501800084D94002040009883A26
:203BC800D88002450000BA000005883ADFC00317DEC00404F800283ADEFFFD0431803FCC6A
:203BD000D9800115D8000015280D883A000F883A200B883A0009883ADFC002150000BA0089
:203BD8000005883ADFC00217DEC00304F800283A2006D63A2004D43ADEFFFE04DFC0011553
:203BE00029403FCCD8C00005D880004528000F26000D883A01400084D809883A000EEEC0C7
:203BE800D88000031006963AD88000431004943A1884B03AD8C000C310C4B03AD8C0008345
:203BF0001806923A10C4B03A000008062004D23AD90000C5000D883A01400104D809883A79
:203BF800D8800085000EF3800005883ADFC00117DEC00204F800283AF800283AF800283A1F
:203C000020800810F800283AF800283AF800283ADEFFFF0401400144DFC000150026260078
:203C08000007883A1880022618C00044003FFD06DFC00017DEC00104F800283ADEFFFF0422
:203C10000144E204DFC00015002626000007883A1880022618C00044003FFD06DFC00017CC
:203C1800DEC00104F800283A0005883AF800283A0005883AF800283A0080004411000C2E3E
:203C2000014004040005883A00D0003410CD883A1004D07A218002362189C83A10C5883A57
:203C2800297FFFC41806D0BA283FF81EF800283A2005883AF800283A2007D43A1804C03A06
:203C3000117FFFC42908703A190B883A2811D23A100C913A400EC03A380490FA393FFFC4EB
:203C380001CFC83A3A0E703A214A703A3949883A200FD13A308D883A380AC03A28FFFFC470
:203C40002945883A014BC83A29CA703A1908703A2907883A1085883A1185883A180DD0BA2E
:203C4800300AC03A2949883A2085883A293FFFC4014BC83A20C8703A2986703A1907883A47
:203C50001807D07A1806C03A1885883AF800283ADEFFFA04DC800215DC40011524800017DF
:203C580024400117DCC003153027883ADD000415DC0000152829883A2021883A280D883A0F
:203C6000980F883A9009883A880B883ADFC0051500254EC08080001580C00115A00D883A65
:203C6800980F883A9009883A880B883A0025AE80DFC00517DD000417DCC00317DC800217F2
:203C7000DC400117DC000017DEC00604F800283A20BFFFCC1000031E2008D43A0080040472
:203C7800000001060005883A20C03FCC1800021E2008D23A1080020420C003CC1800021E8A
:203C80002008D13A1080010420C000CC1800021E2008D0BA108000842100004C2000011E06
:203C880010800044F800283A2005883AF800283A0005883AF800283A2805883A2007883AB4
:203C9000F800283ADEFFFD043005883AD9400015D900011501800204D80B883A1009883AC1
:203C9800DFC00215001328C0DFC00217DEC00304F800283A2005883AF800283A2005883A7C
:203CA000F800283A2005883ADEFFFF04DEC00104F800283ADEFFEE04DC800B15048000F423
:203CA800DDC01015DD800F15DD400E15DD000D15DCC00C15DC400A15DC000915DFC01115C3
:203CB00094AEC204202F883A282D883A302B883A3829883A000F75801023883A9080001764
:203CB80004FFFFC41821883A14C00426A809883AA00B883A0010AB4010000D1E8805883AC8
:203CC0008007883ADFC01117DDC01017DD800F17DD400E17DD000D17DCC00C17DC800B170D
:203CC800DC400A17DC000917DEC01204F800283AB809883AB00B883A0010AB40000D883ACB
:203CD000000F883A1000201EA809883AA00B883A00277000103FE91E01000044D9000015B5
:203CD80090800017010000F400CFFC3421295304D9000115D8000815DDC00215DD80031503
:203CE000DD400415DD000515D8000615D8C0071514C028260100008411002626D809883A49
:203CE8000010B28010006B26D8800817100003260010EE00D8C0081710C00015D88006171A
:203CF000D8C00717003FCF06B809883AB00B883A002770001000191E000D883A000F883A6C
:203CF800A809883AA00B883A0027700010003A1E00C00044D8C000159080001700C000F441
:203D000018E95304D8C00115D8000815DDC00215DD800315DD400415DD000515D80006155F
:203D0800D8000715103FDD260005883A00CFFC34003FB4060005883A003FB2068809883A85
:203D1000800B883A0010A98010004626000D883A000F883A8809883A800B883A00277000BA
:203D1800103FA61EB809883AB00B883A0010A980103FA226A809883AA00B883A0010A9800F
:203D2000103F9E2600800104D880001590C00017008000F410A95304D8800115D800081530
:203D2800DDC00215DD800315DD400415DD000515D8000615D8000715008000841880472635
:203D3000D809883A0010B28010004426D8800817103FBA26003FB606A809883AA00B883A93
:203D38000010A980103F8526000D883A000F883AA809883AA00B883A00278640103F7F0EEF
:203D400000C00044D8C000159080001700C000F418E95304D8C00115D8000815DDC0021528
:203D4800DD800315DD400415DD000515D80006151000252600FFFC34D8C0071500C0008444
:203D500010C0221E0010EE0000C0084410C00015003FDE060010EE0000C0084410C0001542
:203D5800003F9106B809883AB00B883A0010A980103FB626A809883AA00B883A0010A980F8
:203D6000103FB2268809883A800B883A0010AB401000161E00800044D88000159400001761
:203D6800008000F410A95304D8800115D8000815DDC00215DD800315DD400415DD000515FE
:203D70008000281ED8000615D8000715D809883A0010B280103FBD1E003FDA060010EE005A
:203D780000C0088410C00015003FB80600C000C4D8C000159080001700C000F418E9530499
:203D8000D8C00115D8000815DDC00215DD800315DD400415DD000515000D883A000F883A8A
:203D8800B809883AB00B883A1000181E00B80034D88006150091FC3410BFFFC4D8800715AF
:203D90000027864010001A16D809883A0010B280103F551E0010EE0000C0088410C0001510
:203D9800003F5106000D883A000F883A0009883A000B883A0026D300D8800615D8C007151D
:203DA0000080008480BFAF26003FD006009FFC34D8000615D88007150027864010001A1673
:203DA80090C000170080008418BFE71E003FE906000D883A01CFF834A809883AA00B883ADB
:203DB000002795801009883A180B883A1023883A1821883A0010B3C0100D883A180F883ABC
:203DB8008809883A800B883A00277000103FEC2600B80034D880061500B1FC3410BFFFC481
:203DC000D8800715003FE606000D883A01CFF834A809883AA00B883A002795801009883A82
:203DC800180B883A1023883A1821883A0010B3C0100D883A180F883A8809883A800B883A1B
:203DD00000277000103FD62600BFFC34D8000615D8800715003FD20600A00034DEFFEA04E5
:203DD80010BFFFC4DC800E1538A4703ADFC01515DF001415DDC01315DD801215DD401115D7
:203DE000DD001015DCC00F15DC400D15DC000C159186B03A18002A2628A2703A009FFC341A
:203DE800144023168880212614802116009FFC34908073262827883A2021883A302D883A69
:203DF0003839883A28007016002B883AB0003A1E009FFC3490807F26008FFC349080542610
:203DF80000900034E0833B26008FF834E080321E980031168009883A980B883ADFC015175E
:203E0000DF001417DDC01317DD801217DD401117DD001017DCC00F17DC800E17DC400D177F
:203E0800DC000C17DEC0160400107FC12000122600B004348885883A1108B03A20000F1E34
:203E10000005883A00CFFC34DFC01517DF001417DDC01317DD801217DD401117DD00101761
:203E1800DCC00F17DC800E17DC400D17DC000C17DEC01604F800283A8CBFCC0E010000F4DC
:203E20002125C204DFC01517DF001417DDC01317DD801217DD401117DD001017DCC00F1749
:203E2800DC800E17DC400D17DC000C17DEC016040010B301002B883A8009883A980B883AA1
:203E30000010A840102F883A80000F269816D7FA5AFFFFC4AAC4B03A10004B260090783414
:203E38001480540E0090FC3414832D0E008FFC3410BFFFC414401916E00019160005883A38
:203E40000007883A003FD006880005260090003410BFFFC49884703A010FFC34113FEB1E1C
:203E4800E00007169802E216B805883A003FC606E00375168005883A9807883A003FC20624
:203E5000B80D883A180F883A0009883A014FFC340026D300102F883A003FF206073FE70E2B
:203E580001A2003401DF8E34319D670439F90F043009883A380B883A00279580003FB20620
:203E6000303F8C26003FAA060090D03410BFFFC414801B16008FFC3410BFFFC414BF8A0E8B
:203E68009005D53A00C0050410BF004418836B0E00C00D041885C83A3086D83A1884983A00
:203E700030BF811E18C0004C0280008450EBC83A003F7E06013004348909883A2408B03AA7
:203E7800203F9726008FFC3410BFFFC41442E60EE03FC2160005883AE007883A003F920635
:203E800005400084003F7106800D883A980F883A3009883A380B883A00281C40100D883A88
:203E8800180F883A1009883A180B883A0026D300003F85060080043410BFFFC41442D61622
:203E9000B809883A000D883A01D0D034180B883ADAC00B1500279580DAC00B17102F883A53
:203E98001823883A033FF2C48807D53A0080043410BFFFC418FF00441B19883A00C00134E7
:203EA0008884703A18E62384150FFC341880060E00C0033418ED9E4418833F0E00BFFC34F2
:203EA80063000044A0A9883A0027883AD80002150013883A0011883A0015883A048FFC342E
:203EB000900F883AB809883AA00B883A000D883ADA000A15DA400815DAC00B15DB000915EF
:203EB800DA80051500281C40B809883AA00B883A900F883A000D883AD8800015D8C00115B7
:203EC00000264840100D883A180F883A0009883A014FFC340026D300D9000017D940011707
:203EC800100D883A180F883AD8C00715D8800615002795801023883AA005D07ADA80051755
:203ED0001821883A10C80034008002341885883A1295883A500F883A800B883A000D883A10
:203ED8000009883ADA80051500279580D9000017D9400117100D883A180F883A00281C40E2
:203EE000DA800517900F883A000D883A500B883A0009883AD8800015D8C0051500281C4091
:203EE800B809883AA00B883A100D883A180F883A00281C40800F883A000D883A1009883A83
:203EF000180B883A00279580DB400517D9000017100D883A680B883A180F883A00281C40E9
:203EF800DBC00617DB8007171009883A780D883A700F883A180B883A00279580880D883A9E
:203F0000800F883A8809883A800B883AD8800015D8C00115002795800192917401CFF2B44B
:203F08003193BBC439DF8A041009883A180B883A102F883A1829883A0027958001A4F2B465
:203F100001CFF3B431B6D94439E192841009883A180B883A00264840B80D883AA00F883A80
:203F18001009883A180B883A0027958001AA477401CFF4743190404439DD18041009883A9D
:203F2000180B883A00264840B80D883AA00F883A1009883A180B883A00279580019463F40E
:203F280001CFF5743189934439D555441009883A180B883A00264840B80D883AA00F883AA2
:203F30001009883A180B883A0027958001B6DC3401CFF6F431AAFFC439DB6D841009883A76
:203F3800180B883A00264840B80D883AA00F883A1009883A180B883A00279580018CCCF495
:203F400001CFF8F4318CC0C439CCCCC41009883A180B883A00264840B80D883AA00F883A69
:203F4800B809883AA00B883A1825883AD880051500279580DB400517900B883A100D883A49
:203F50006809883A180F883A00279580800F883A8809883A800B883A000D883A102F883A38
:203F58001829883A00264840D9800017D9C001171009883A180B883A00279580B80D883AF4
:203F6000A00F883A1009883A180B883A00264840800F883A800B883A000D883A0009883A2A
:203F68001025883A182F883A00279580000D883A01D002341009883A180B883AD8C00715B3
:203F7000D880061500264840900D883AB80F883A1009883A180B883A00264840800B883A6D
:203F7800000D883A180F883A0009883A1829883A00279580A00B883A000D883A01D0023424
:203F80000009883AD8800315D8C0041500281C40DBC00617DB8007171009883A780D883A5E
:203F8800700F883A180B883A00281C409009883AB80B883A100D883A180F883A00281C4043
:203F9000880D883A800F883A1009883A180B883A00279580D9000017D9400117A00F883ADB
:203F9800000D883A1023883A1821883A002795808809883A800B883A100D883A180F883AA6
:203FA00000264840D9000317D9400417100D883A180F883A102F883A1823883A00264840B8
:203FA80001CFFBF439F1C2440009883A180B883A01B800341821883A00279580D9800317C3
:203FB000D9C00417800B883A0009883A1825883AD880001500281C40B809883A880B883A5D
:203FB800100D883A180F883A00281C4001B70EB401CFFBF43180FF4439F1C2441009883A65
:203FC000180B883A00279580018516F401EF8FB4800B883A31807D4439CBF8040009883A73
:203FC8001029883A1823883A00279580A009883A880B883A100D883A180F883A002648406F
:203FD000DA400817DA000A17180B883A480D883A400F883A1009883A00264840DB0009170C
:203FD8001029883A1823883A6009883A0028B400D9000017A00D883A880F883A900B883AB5
:203FE000182F883AD880011500264840D9C00217980D883A1009883A180B883A0026484015
:203FE800D9800117B80F883A1009883A180B883A00264840D9800117B80F883A0009883A8C
:203FF000180B883A1821883A00281C40D9C00217980D883A1009883A180B883A00281C40F0
:203FF800D9800017900F883A1009883A180B883A00281C40880B883A100D883A180F883A77
:20400000A009883A00281C40DAC00B17AABFFFC41025883A52D6B03A1823883A58015826EC
:2040080004CFFC34B009883A000D883AE00F883AE00B883A00281C40800F883A000D883A49
:204010001009883A180B883A00279580B00D883A9009883A880B883AE00F883A1829883AB1
:20401800102B883A00279580A00B883A100D883A180F883AA809883A00264840800B883AAC
:20402000000D883AE00F883A0009883A102D883A1829883A00279580100D883A180F883A2F
:20402800B009883AA00B883A1025883A1823883A00264840102F883A0090243410BFFFC473
:204030001821883A9013883A8811883A10C1070E00AFDC341885883A15C4B03A1001901E2F
:2040380001994B3401CF25F431A0BF8439C551C4B009883AA00B883A00264840900D883A4A
:20404000880F883AB809883A800B883A1039883A182B883A00281C40100D883A180F883ADB
:20404800E009883AA80B883A0027788000817C16802B883AA805D53A00C0043401000434AC
:2040500010BF00841885D83A213FFFC41405883A1006907A112A703AAD4004341806D57AB9
:2040580018FF004420CFD83A0100050420C7C83AA8C7D83A01CE303A388E703AD8C0001522
:2040600080019016000D883A9009883A880B883A00281C40100D883A180F883AB009883AD3
:20406800A00B883AD8C00A15D880081500264840D8800017DA000A17DA4008171004953A6B
:204070001821883AD880021501CFF9B4800B883A39CB90C40009883A000D883ADA000A1511
:20407800DA40081500279580DA400817DA000A17800B883A480D883A400F883A0009883A41
:204080001039883A182F883A00281C40B009883AA00B883A100D883A180F883A00281C4054
:2040880001BFBEB401CFF9B4318E7BC439CB90841009883A180B883A0027958001832A3475
:2040900001EF8834800B883A319B0E4439D718440009883A1029883A1823883A002795808E
:20409800A009883A880B883A100D883A180F883A00264840E009883AB80B883A100D883AC3
:2040A000180F883A102D883A1829883A00264840E00D883AB80F883A1009883A180B883A6F
:2040A8001023883A1821883A00281C40B009883AA00B883A100D883A180F883A00281C4050
:2040B000880D883A800F883A8809883A800B883A1039883A182F883A00279580019CAFF418
:2040B80001CF99B431A9340439CDDA441009883A180B883A102D883A1829883A0027958097
:2040C00001B174B401CFAF34319AFC4439EF50441009883A180B883A00281C40B00D883AC9
:2040C800A00F883A1009883A180B883A0027958001ABC9B401CFC47431B78B0439D59A8497
:2040D0001009883A180B883A00264840B00D883AA00F883A1009883A180B883A0027958076
:2040D8000185AFF401CFD9F431AF64C439F05B041009883A180B883A00281C40B00D883AAF
:2040E000A00F883A1009883A180B883A002795800195557401CFF17431954F8439D555447F
:2040E8001009883A180B883A00264840B00D883AA00F883A1009883A180B883A002795805E
:2040F000100D883A180F883A8809883A800B883A00281C40100D883A180F883A8809883AA9
:2040F800800B883A102D883A1829883A00279580B009883AA00B883A000D883A01D0003461
:204100001025883A182B883A00281C40100D883A180F883A9009883AA80B883A0026D3008E
:20410800E00D883AB80F883A8809883A800B883A102D883A1829883A00279580E00D883AD2
:20411000B80F883A1009883A180B883A00264840100D883A180F883AB009883AA00B883AE8
:2041180000281C40880D883A800F883A1009883A180B883A00281C400009883A014FFC34CC
:20412000100D883A180F883A00281C40D9000217190B883A2809D53A0100CD0E1009883A64
:20412800000D883A980F883A00279580003CE60600B004348885883A1544B03A1000B326F8
:2041300000800044A8BD181E18E0003CB805883A003CDD06800D883A980F883A8009883A3B
:20413800980B883A00279580003CD70605600034AD7FFFC4009024741D6A703A10B2FFC447
:2041400015409D0E008FDBF4108D00041885883A15C4B03A10000B1E900D883A880F883A4D
:20414800B809883A180B883A00281C40100D883A180F883AB009883AA00B883A00278640CE
:2041500000BEFC1601B0BE7401C06974980B883A31BCD64439DB87C40009883A002795802C
:2041580001B0BE7401C0697431BCD64439DB87C41009883A180B883A00279580003CB20670
:2041600004EFFC34003EA706E03CDC0E0005883AE0E0003C003CAC060019883A003D32062A
:20416800008FFC3410BFFF84147CD30E01CFFC343C7CEA16B809883A000D883A180B883AC6
:20417000DAC00B1500281C4001CFFDF439C551C4019800341009883A180B883A1023883A9B
:204178001821883A0027958001BE17B401CF95748809883A800B883A31B7D10439EB82C4C6
:204180001027883A1825883A002795808809883A800B883A000D883A01CFF4341829883A81
:20418800D8800A150027958001155574014FF574100D883A180F883A21155544295555441E
:2041900000281C40880D883A800F883A1009883A180B883A00279580100D883A180F883A1F
:204198000009883A014FF83400281C40880D883A800F883A8809883A800B883A102F883AF3
:2041A000D8C0081500279580DA400817100D883A180F883A480B883AB809883A0027958039
:2041A80001994B3401CFFDF431A0BF8439C551C41009883A180B883A00279580DA000A17FF
:2041B000A00B883A100D883A4009883A180F883A00281C40100D883A180F883A9809883A00
:2041B800900B883A1029883A1823883A002648401821883A980D883A900F883A0009883A56
:2041C000180B883A003E3A06800D883A980F883A0009883A900B883A0026D300003C4A0617
:2041C80001A2003401DF8E34980B883A319D670439F90F040009883A0027958001A200349D
:2041D00001DF8E34319D670439F90F041009883A180B883A00279580003C3B06303C551E57
:2041D8001885C83A9087D83A1884983A90801F26002B883A003C1806008FF834157E6D1624
:2041E000D8000215D8000015003E8F06B80D883A180F883A003C9E06008FF8F410AE00C4C3
:2041E8000250F434020F9374D88002154A740184423F7AC404D0003402800134048FFE3430
:2041F000003CBF0600C9C83AD9000015003E6D06D98000171009883A180B883A0010D280B2
:2041F8001009883A180B883A003F2D0618C0004C0280008450EBC83A003BF706DEFFFD04F8
:20420000DC400115DC000015DFC0021528DFFC2C009FFC342821883A2023883A200D883AC8
:2042080018807B2601405F0E2815D53A50006A2600C0043452BF004418FFFFC480C6703A6C
:204210005080004C18C004341000511E3004D7FA5015D07A18C7883A10C5883A014005842D
:204218003187883A0013883A000F883A01000834390D883A1810D7FA297FFFC41180031613
:204220001185C83A310F883A4913883A1085883A4085883A18C7883A2008D07A283FF41E5C
:2042280001200034018008040011883A0019883A201B883A0000080638801726180AD7FAF3
:204230001085883A31BFFFC42885883A18C7883A2008D07A30001726230B883A38BFF60E8A
:204238002AE0002C2919883A5B4008263817883A11C5C83A1940012E10BFFFC41947C83AFE
:204240004111883A580F883A003FEC06603FF7163AC00044003FF606194019362AE0002CED
:204248002919883A5B4045261017883A0005883A003FF20610C4B03A1000042600BFFFC4EB
:20425000408040264080004C4091883A4004D07A4807D07A010FF8344A40004C1909883A6C
:204258004800091E5006953A1907883ADFC00217DC400117DC000017DEC00304F800283AF2
:204260003805883A003FCD0610A00034003FF5063004D7FA18C7883A318D883A10C7883A50
:20426800003FAA0600A0003410BFFFC42884703A1104B03A10001E262800291E0015883AF2
:204270003020D2FA52BFFAC4300C957A803FFC268080042C10001E1E0005883A00000106CD
:204278001805883A8421883A8100042C10C00044203FFB260100080420C9C83A3108D83A58
:204280005095C83A30CC983A2420B03A003F8806280F883A00279580880D883A800F883A91
:204288001009883A180B883A00264840003FCF062005883A2807883A003FCC06603FBA163C
:20429000003FB3064A4000440005883A003FC0060100080400BFFFC40007883A003FE706F8
:20429800200D883A280F883A00281C40100D883A180F883A1009883A180B883A0026D30019
:2042A000003FBA0600E0003418FFFFC42005883A28C6703AF800283A00A0003410BFFFC4D2
:2042A800288A703A00E0043428C5883A1004D7FAF800283A00A0003410BFFFC42884703AD8
:2042B0001000072600FFFC34019FF83428C7883A31BFFFC430C0053600800104F800283A48
:2042B8002000021E00800084F800283A00DFFC34019FF83428CB883A31BFFFC4317FF62E31
:2042C00001400434297FFFC428800236008000C4F800283A10C002260005883AF800283A63
:2042C8002005003AF800283A0005883AF800283A0005883A00DFFE34F800283A2813D53A80
:2042D000DEFFF904DC0002154A41FFCCDFC00615DCC00515DC800415DC40031501C004C409
:2042D80049BF00442811883A2005883A2807883A2015883A2820D7FA3980131630003D1632
:2042E00001000434213FFFC42189D83A290A703A288AB03A280010262008D07A4104703A6E
:2042E8001294B03A5000562631C05D260015883A00C001341987D83A0108303A2210703A19
:2042F00040C6B03A0000180601C00CC43980090E01C1000431C04E26DFC00617DCC00517A0
:2042F800DC800417DC400317DC000217DEC00704F800283A4A7EFB44013FFFC42248D83A7B
:20430000110A703A280040262008D07A1104703A10000526009000341253D83A0108303A30
:204308002294703A4A94B03A802090FA180B883A00C000F418E954041C21883A8440001777
:20431000840001175009883A880D883A800F883A00264840D8800015D8C00115D900001775
:20431800D9400117880D883A800F883A00281C40003FD906046000348C7FFFC42C46703A88
:204320001906B03A180020260180043431BFFFC4298C703A3104B03A008BC83A800690FA8F
:204328002884B03A014000F42969540428C7883A1004D33A1CC000171C800117417FFFACDC
:204330001080022C980D883A900F883A114AB03A00264840D8800015D8C00115D9000017E9
:20433800D9400117980D883A900F883A00281C40800897FA1C46703A1906B03A003FB606BF
:204340000015883A003FC8064007883A003FB206200D883A280F883A00264840003FAE06F0
:2043480002A00034003FA2062A1FFC2C4011D53ADEFFFE04DC000015DFC00115280F883A49
:204350002015883A3021883A40001E1E00A0003410BFFFC42884703A1104B03A10002226B4
:2043580001D0D434000D883A00279580013FFFF4210F2C041015883A180F883A81002A163D
:20436000191FFC2C2009D53A223FF2848211883A0081FF8412002F160200190E4010953AD6
:2043680001600434297FFFC4194E703A5005883A3A06B03ADFC00117DC000017DEC0020491
:20437000F800283A0081FFC42807883A40BFEF1E200D883A00264840DFC00117DC0000174B
:20437800DEC00204F800283A2005883A2807883ADFC00117DC000017DEC00204F800283AA7
:2043800000BFF2C44080240E00B0D414140011160130BE7401406974213CD644295B87C41C
:20438800500D883A0010EC4001B0BE7401C0697431BCD64439DB87C41009883A180B883A13
:2043900000279580DFC00117DC000017DEC00204F800283A01220034015F8E34500D883A91
:20439800211D670429790F040010EC4001A2003401DF8E34319D670439F90F041009883A99
:2043A000180B883A00279580DFC00117DC000017DEC00204F800283A42000D844012953A40
:2043A80001E0043439FFFFC419CA703A000D883A01CF24345009883A494AB03A0027958089
:2043B000003FBC062005883A01200034213FFFC438E0002C290A703A28C6B03AF800283A3A
:2043B800008000F410AEC40410800017F800283A28003926DEFFFC04DC400115DC00001563
:2043C000DFC00315DC8002152023883A2821883A2000022620800E17100027268080030F27
:2043C8001000071E0005883ADFC00317DC800217DC400117DC000017DEC00404F800283A84
:2043D000800B883A8809883A0010FF401025883A80800B1710000426814007178809883A59
:2043D800103EE83A100016168080030B1080200C1000151E81400C172800052680801004C1
:2043E000288002268809883A001197C080000C1581401117280003268809883A001197C09C
:2043E80080001115001160C08000030D001161009005883A003FDC0600115FC0003FD70618
:2043F00004BFFFC4003FE806814004178809883A001197C0003FE7060005883AF800283A16
:2043F800008000F410AEC404200B883A110000170010EF012880030BDEFFFB04DCC0031550
:20440000DC400115DFC00415DC800215DC00001510C0020C2823883A2027883A1800311EF3
:2044080028C00117108200142880030D00C04B0E8A000A17400023269C00001710C4000C56
:2044100098000015180048268980141710C0010C1800062688C0011788800C1730CDC83A7A
:204418001000022688800F17308DC83A89400717000F883A9809883A403EE83A00FFFFC4E2
:2044200010C0442688C0030B8900041788000115197DFFCC8940030D8900001518C4000CEA
:2044280018002C1E89400C179C0000152800052688801004288002269809883A001197C06B
:2044300088000C150005883ADFC00417DCC00317DC800217DC400117DC000017DEC0050449
:20443800F800283A2C800417903FF6262C000017108000CC2C80001584A1C83A1000131E90
:20444000288005178880021504000316003FED0690A5883A043FEB0E8880091789400717E8
:20444800800F883A900D883A9809883A103EE83A80A1C83A00BFF61688C0030B00BFFFC40B
:2044500018C0101488C0030D003FDF060005883A003FEC0688801415003FD20628C00F1786
:2044580000FFB316003FD70689400717000D883A01C000449809883A403EE83A100D883AC3
:2044600000BFFFC4308014268880030B8A000A17003FAE0698C00017183FBA26010007442A
:2044680019000626010005841900042688C0030B18C0101488C0030D003FC3068880030B5A
:2044700088C004178800011510BDFFCC8880030D88C00015003FB30698800017103FEA2698
:2044780000C0074410C0022600C0058410C0031E9C0000150005883A003FB30688C0030B21
:204480003005883A18C0101488C0030D003FAE06DEFFFD04DC000115DFC002152021883A55
:204488002000022620800E1710000C262880030F1000051E0005883ADFC00217DC00011765
:20449000DEC00304F800283A8009883ADFC00217DC000117DEC003040010FF41D9400015F3
:2044980000115FC0D9400017003FF00620000526008000F410AEC404200B883A1100001715
:2044A00000112101008000F410AEC30411000017014000742944840400126F410005883A75
:2044A800F800283A014000742943BC0400126F41DEFFF70400C00074DFC00815DDC0071576
:2044B000DD800615DD400515DD000415DCC00315DC800215DC400115DC00001518C4A90474
:2044B8002400011720C00F152080BB0400C000C420C0B9152080BA152000B81505C00204EC
:2044C000008001042025883AB80D883A81001704000B883A8000001580000115800002159E
:2044C8008080030D800019158000038D8000041580000515800006150013530005800074D9
:2044D00094400217054000740500007404C00074B5902504AD503C04A5105B049CD07204D4
:2044D800858008158540091585000A1584C00B1584000715008002848880030D0080004435
:2044E000B80D883A89001704000B883A880000158800011588000215880019158880038D9C
:2044E8008800041588000515880006150013530094000317008004848C4007158D800815A0
:2044F0008D4009158D000A158CC00B158080030D00800084800000158000011580000215D3
:2044F800800019158080038D800004158000051580000615B80D883A000B883A81001704A8
:20450000001353000080004484000715858008158540091585000A1584C00B1590800E1591
:20450800DFC00817DDC00717DD800617DD400517DD000417DCC00317DC800217DC40011710
:20451000DC000017DEC00904F800283A0005883AF800283ADEFFFC04DC8002152825883A13
:20451800DC00001501401A042021883A913FFFC4DFC00315DC400115002626008009883A1D
:2045200011401D041023883A001299C01021883A1000072611000304100000151480011592
:204528001100021589801A04000B883A001353008005883ADFC00317DC800217DC40011748
:20453000DC000017DEC00404F800283ADEFFFB04DC000015040000F4842EC304DCC0031586
:204538002027883A81000017DFC00415DC80021520800E17DC4001151000021E00112B0034
:20454000810000172480B804047FFFC49100011794000217213FFFC420000A168080030F52
:2045480010000C2680C01D040000020618BFE60F10000826213FFFC41C3FFD0418C01A0429
:20455000247FFA1E9080001710001D261025883A003FEE0600BFFFC48080038D0080004416
:204558008080030D80001915800000158000021580000115800004158000051580000615F5
:2045600001800204000B883A81001704001353008005883A80000C1580000D1580001115B5
:2045680080001215DFC00417DCC00317DC800217DC400117DC000017DEC00504F800283A7F
:20457000014001049809883A0011454090800015103FDE1E00800304988000150005883A01
:20457800003FF006008000F410AEC30411000017014000742943BC0400126F4120800E1765
:2045800010000126F800283A00112B01F800283AF800283AF800283AF800283A008000F471
:2045880010AEC40411000017014000742945130400126301008000F410AEC4041100001793
:20459000014000742944A70400126301DEFFFA043005883ADCC00415D80D883A2827883A89
:20459800100B883ADC800315DFC00515DC400215DC0001152025883A0019B3C010002726E4
:2045A0009009883A1023883A00114CC01021883A10002226D980001701C06D84980B883ABC
:2045A8009009883A00136580100019168080038D0080007410902504808008150080007403
:2045B00010903C04808009150080007410905B0480800A1500800074109072048440030DFD
:2045B8008400071580800B158C40400C88000D1E8005883ADFC00517DCC00417DC80031729
:2045C000DC400217DC000117DEC00604F800283A001160C08000030D001161000005883AB6
:2045C800003FF40601C00084000D883A800B883A9009883A0011C8C08005883A003FED06CC
:2045D000008000F410AEC404280D883A200B883A11000017001164C1DEFFFE042809883ABD
:2045D800300B883ADFC00015D9C00115D98001040017FAC0DFC00017DEC00204F800283A80
:2045E000DEFFFD04DFC00015D9800115D9C00215D98001040017FAC0DFC00017DEC0030480
:2045E800F800283ADEFFF804DC4006152023883A2809883ADC000515DFC007153021883A8D
:2045F000D940031500142AC0D8800215D8800415D8800304D880001500800044D88001159E
:2045F8008800022688800E17100012268080030B10C8000C1800061E8100191700F7FFC4E5
:204600001088001420C6703A8080030D80C01915D80D883A800B883A8809883A00121680F1
:20460800DFC00717DC400617DC000517DEC00804F800283A8809883A00115FC0003FEB06ED
:20461000008000F410AEC404280D883A200B883A1100001700117A41DEFFFB04DCC0031528
:2046180004C000F4DC800215DC400115DC000015DFC004152821883A9CEDA0042025883A3D
:2046200000292B00988002171440011700BFFF0488A2703A8C21C83A8403FBC48020D33A51
:204628000083FFC4843FFFC48020933A1400060E000B883A9009883A0013F4C098C00217B1
:204630001C47883A10C00A269009883A00292B400005883ADFC00417DCC00317DC800217AA
:20463800DC400117DC000017DEC00504F800283A040BC83A9009883A0013F4C000FFFFC445
:2046400010C00D2600C000F418F2930418800017990002178C23C83A8C4000541421C83A99
:20464800244001159009883A1C00001500292B4000800044003FE706000B883A9009883AA0
:204650000013F4C099000217014003C41107C83A28FFDD0E014000F4296EC5042940001788
:2046580018C0005420C0011500C000F41145C83A18F2930418800015003FD306280041261F
:20466000DEFFFD04DC400115DC0000152023883A2821883ADFC0021500292B0081FFFF1789
:2046680000BFFF84010000F481BFFE043884703A212DA004308B883A2A4001172200021727
:2046700000FFFF0448C6703A2A00572628C0011539C0004C3800091E823FFE1722400204E9
:20467800320DC83A31C002171205883A3A406526320003173A00031541C0021528CF883A8A
:2046800039C0011739C0004C38003A2610C0005430C001153087883A1880001500C07FC4D9
:20468800188019361004D0FA01C000442140011710C0004418C7883A1005D0BA18C7883ADA
:2046900018C7883A1907883A3884983A19C000171A3FFE041144B03A3200031531C002151D
:204698002080011519800015398003158809883ADFC00217DC400117DC000017DEC00304F6
:2046A00000292B41F800283A100AD27A00C0010419404A36100AD1BA28C00E4418C7883A87
:2046A80029400E0418C7883A18C7883A1909883A20C0001701C000F4213FFE0439EDA00479
:2046B00020C0442601FFFF041940011729CA703A1140022E18C0021720FFFB1E19000317B2
:2046B8003100031530C002152180021519800315003FDE0629C0021710C5883A00C000F4B9
:2046C00018EDA20438C03B262A000317114000543087883A3A00031541C002153140011583
:2046C80018800015003FBD0639C0004C10C5883A3800071E81FFFE1731CDC83A30C003174B
:2046D0003140021711C5883A28C003151940021510C0005430C0011500C000F418EEC6048A
:2046D80018C000172180021510FFC036008000F410B28404114000178809883A0011858087
:2046E000003FBA0628C9883A210001172100004C2000391E29C00217290003171885883A47
:2046E80010C000543900031521C0021530C00115308D883A30800015003FAC0600C0050441
:2046F0001940153628C0170418C7883A294016C4003FB406280BD0BA00C000443880011795
:2046F800194A983A2007883A2884B03A38800115003FBB06218005152180041510C0005487
:2047000031C0031531C0021530C00115308D883A30800015003F950600C0150419400536F7
:20470800100AD33A28C01BC418C7883A29401B84003F9C0600C0550419400536100AD3FA85
:2047100028C01E0418C7883A29401DC4003F950600C1550419400536100AD4BA28C01F4419
:2047180018C7883A29401F04003F8E0600C03F8401401F84003F8B0610C0005430C0011520
:20472000308D883A30800015003F78060011CAC1008000F410AEC404300F883A280D883AEA
:20472800200B883A110000170011CAC1DEFFE804DD401415DC801115DC401015DC000F15EE
:20473000DFC01715DDC01615DD801515DD001315DCC012152023883A2821883A302B883A5A
:204738003825883A2000022620800E1710005A268080030B00C042041080420C10C05B2662
:2047400085000A17A000F6260080004490803E26008000849080102690000F2600800584A7
:204748008880001504FFFFC49805883ADFC01717DDC01617DD801517DD401417DD001317A0
:20475000DCC01217DC801117DC401017DC000F17DEC01804F800283A80800417002F883A9B
:204758000027883A1000CB268080030B10C2068C1800071E10C1000C1800451E00C000741C
:2047600018D05B04A0C0B726108200148080030D800B883A8809883A001121001027883A34
:20476800103FE01E81400717900F883AA80D883A8809883AA03EE83A00FFFFC410FFD9260A
:2047700081400C172800052680801004288002268809883A001197C080000C158080030BA4
:2047780080C004178000011510BDF7CC80C000158080030D01800204000B883A810017044B
:2047800000135300003FC806800B883A8809883A001121008080030B10C4000C1800872621
:2047880084C0141710C0010C1800431E1080020C1000802680C00017808004171800022646
:204790001887C83A98E7883AACEB883A05C000440025883A003FC30600115FC08080030B98
:2047980000C042041080420C10FFA51E800B883A8809883A00112100003FA1068080030B85
:2047A00000C1000480C0131510C4B03A8080030D9000311EA82D883AB800371E8080030B6D
:2047A8001084000C10007F26808014178180011781400C1711A7C83A2800822681C00F1783
:2047B00099E7C83A81000E178080041799A7883A2087C83A98E7C83A38C7883AB4C02B1604
:2047B80098C9883AB100292EB4E7C83A14C5883A1CE7C83A8080001584C0011528000526B7
:2047C00080801004288002268809883A001197C080000C158080030B01800204000B883A37
:2047C80010BFF7CC8080030D81001704001353000027883A003F7C0680C0011780800C1708
:2047D00098E7C83A10003B2680C00F178080041798E7C83A003FBC068140038FD80D883ADA
:2047D8008809883A001210C0103F891EDD800417ADAD883AB83FC92681400C17818001171F
:2047E0002800502681C00F17003FCE0684C0131781400717000F883A04E7C83A9DA6703AA9
:2047E800980D883A8809883AA03EE83A00FFFFC410FF77268080041781400C1780000115F4
:2047F000808000152800052680801004288002268809883A001197C080000C158080030BF3
:2047F800B4E7C83A10BFF7CC8080030D98000B26800B883A8809883A0013D780103F641EBE
:204800008080011714FF623680C0001714C5C83A808001151CE7883A84C0001501800204E8
:20480800000B883A81001704001353000027883A003F3D0680800417003F83068140071794
:20481000900F883A000D883A8809883AA03EE83A1027883A00BFFFC498BF32268080030BCD
:20481800003F70068140038F283F4716D80D883A8809883A001210C01000041ED880011736
:2048200000E0001410BC000C10FF7C268080030B003F3D06800B883A8809883A00127B80BE
:20482800003F31068140071701C00044000D883A8809883AA03EE83A00FFFFC410FF7B1E8A
:20483000003F330680C0001780800417000B883A1887C83A98E7C83A30C7883A003F7F0612
:20483800008007448880001504FFFFC4003F0E06008000F410AEC404300F883A280D883A6D
:20484000200B883A110000170011CAC1DEFFFD042805883ADC000015040000F4DC400115BF
:20484800843281042023883A300B883A1009883ADFC00215800000150028F10000FFFFC412
:2048500010C00526DFC00217DC400117DC000017DEC00304F800283A80C00017183FF926A2
:2048580088C00015003FF706308002171000672628C0030BDEFFF404DD400715DD00061545
:20486000DC000215DFC00B15DF000A15DDC00915DD800815DCC00515DC800415DC400315F4
:204868001880020C2821883A202B883A3029883A1000272628800417100025261880008CB8
:20487000A440001710002A2605A000340027883A0025883AB5BF0004980D883AA809883AD2
:2048780090004626900F883AB480022E01E0003439FF00048080091781400717103EE83A9F
:2048800000805A0EA0C0021798A7883A90A5C83A1885C83AA0800215103FEF1E0005883A86
:20488800DFC00B17DF000A17DDC00917DD800817DD400717DD000617DCC00517DC800417B2
:20489000DC400317DC000217DEC00C04F800283A800B883AA809883A00180E401000EE1E93
:2048980080C0030BA44000171880008C103FD61E1880004C1000421E0039883A0025883A1A
:2048A00090001A261880800C84C0021710002126982F883A94C096361881200C1000A11E13
:2048A80081000017B80D883AE00B883A00133D4080C00217810000179005883A1CE7C83A47
:2048B00025CF883A84C0021581C00015A0C00217E0B9883A90A5C83A18A7C83AA4C002153A
:2048B800983FCE2680C0030B903FE61E8F0000178C8001178C400204003FE1068CC00017CF
:2048C0008C8001178C400204003FB3060005883AF800283A810000178080041711005A3675
:2048C80085C0051795C0583600A0003410BFFFC49009883A1480012E1009883AB80B883AA8
:2048D00000260AC0B80B883A1009883A002626008140071780C00917100F883AE00D883A5D
:2048D800A809883A183EE83A00BFD8168080030B108010148080030D00BFFFC4003FA806E7
:2048E0000027883A0011883A0039883A0025883A90001F2640005A26982D883A94C0012E7B
:2048E800902D883A8100001780800417B02F883A81C005171100032E80C0021738C7883A24
:2048F0001D801816B1C03E168080091781400717E00D883ADA000115A809883A103EE83A97
:2048F800102F883ADA00011700BFE00E9DE7C83A98001F26A0800217E5F9883A95E5C83A48
:2049000015EFC83AA5C00215B83F8426903FE11E8F0000178C8001170011883A8C40020437
:20490800003FDB06180D883AE00B883ADA000115D8C0001500133D40D8C0001780800017E8
:20491000800B883AA809883A10C5883A80800015D8C0001500112100D8C00017DA0001179B
:20491800103FC21E182F883A9DE7C83A983FE11E800B883AA809883A00112100103FBB1ED1
:204920000011883A003FDB0694C0012E9027883A980D883AE00B883A00133D4080800217CB
:2049280080C0001714C5C83A1CC7883A8080021580C00015100043269805883A003F83068C
:20493000B00D883AE00B883ADA00011500133D408080021780C00017DA0001171585C83ABD
:204938001DAD883A8080021585800015003FBF06810000179027883A902F883A003F69065E
:20494000900D883A01400284E009883A00131A8010003E26108000441727C83A020000440B
:20494800003F9D06808005178140041781C0001710A7883A9885883A1026D7FA396DC83A16
:20495000B10000449885883A1027D07A2485883A980D883A9880022E1027883A100D883A00
:2049580018C1000C18001C26300B883AA809883A001299C0102F883A1000292681400417E9
:20496000B00D883A1009883A001328C08080030B00FEDFC410C4703A108020148080030DE1
:20496800BD89883A9D8FC83A85C0041584C00515810000159027883A81C00215902F883A55
:20497000003F3806800B883AA809883A00112100103FB926003F6506A809883A00137F805B
:20497800102F883A103FEE1E81400417A809883A001197C08080030B00FFDFC41884703A16
:2049800000C00304A8C00015003F590694C0004402000044003F600600BFFFC4003F0006EB
:2049880000800304A88000158080030B003F5006DEFFF704DD000415DFC00815DDC0071565
:20499000DD800615DD400515DCC00315DC800215DC400115DC0000152500B804A000232644
:20499800282B883A002F883A0580004404FFFFC4A4400117A48002178C7FFFC488000D16B8
:2049A00094000304948003848080000B8C7FFFC4813FFD04B080042E9080000F14C00226AA
:2049A800A83EE83AB8AEB03A84001A0494801A048CFFF51EA5000017A03FED1EB805883A00
:2049B000DFC00817DDC00717DD800617DD400517DD000417DCC00317DC800217DC40011764
:2049B800DC000017DEC00904F800283A002F883A003FF206DEFFF704DD000415DFC0081535
:2049C000DDC00715DD800615DD400515DCC00315DC800215DC400115DC0000152500B80444
:2049C800A0002326282B883A2027883A002F883A0580004404BFFFC4A4400117A4000217CF
:2049D0008C7FFFC488000C16840003048080000B8C7FFFC4817FFD04B080052E8080008FF8
:2049D8009809883A14800226A83EE83AB8AEB03A84001A048CBFF51EA5000017A03FEE1EA1
:2049E000B805883ADFC00817DDC00717DD800617DD400517DD000417DCC00317DC800217E9
:2049E800DC400117DC000017DEC00904F800283A002F883A003FF2062880030B10C0008C49
:2049F0001800411EDEFFEC04DC000F152821883A2940038FDC401015DFC01315DCC0121592
:2049F800DC8011152023883A28001C16D80D883A001210C010001816D880011700E0001493
:204A000010BC000C14C8002010C0372680C0030B18C2001480C0030D00C8000410C0521EFD
:204A08008140038F8809883A0019BE8010004C268080030B80C010C480C0001510800054B4
:204A10008080030D0080004480C004158080051504810004000007068080030B10C0200C9F
:204A180018001F1E04810004108200148080030D0027883A900B883A8809883A001299C0E6
:204A200010002C2680C0030B010000742104A90489000F1518C0201480C0030D8080001561
:204A2800808004158480051598001A1EDFC01317DCC01217DC801117DC401017DC000F1710
:204A3000DEC01404F800283A288010C428800015288004150080004428800515F800283A7C
:204A380004801004003FE00681000A1700C0007418D05B0420FFC51E8080030B04810004EB
:204A4000848013151484B03A8080030D0027883A003FD8068140038F8809883A0019BE8095
:204A4800103FE2268080030B108000548080030D003FDE068080030B10C0800C183FDB1E18
:204A50001080009480C010C48080030D0080004480C0001580C0041580800515003FD3065A
:204A580004810004003FC3060027883A04810004003FC006008000F410AEC404200B883A4F
:204A600011000017001299C1008000F410AEC404200B883A11000017001197C1DEFFF50454
:204A6800DC800315DFC00A15DF000915DDC00815DD800715DD400615DD000515DCC00415E8
:204A7000DC400215DC000115288002C400C005842025883A18807F2E047FFE041462703A59
:204A78008800A3168940A23600292B0000807DC41441E92E8804D27A1000A12600C0010447
:204A800018811E368804D1BA12000E4411C00E044209883A04C000F42109883A9CEDA004ED
:204A88002109883A9909883A24000117213FFE04240097268080011701BFFF04014003C45C
:204A90001184703A1447C83A28C007161800920E8400031724008E26808001171184703AE0
:204A98001447C83A28FFF90E3809883A018000F49C00041731ADA0043200020482013426AD
:204AA00080C0011700BFFF04188E703A3C45C83A00C003C418811F1632000515320004151D
:204AA80010007F0E00807FC411C0FD363806D0FA01C000443080011719400044294B883AE2
:204AB0001807D0BA294B883A294B883A298B883A38C6983A29C000172A7FFE041886B03A58
:204AB8008240031581C0021530C001152C0000153C0003152005D0BA01400044288A983A59
:204AC00019406F3628C4703A10000A1E00BFFF04294B883A2088703A28C4703A2100010404
:204AC8001000041E294B883A28C4703A21000104103FFC2602BFFF04024003C42180004487
:204AD000318D883A318D883A318D883A998D883A333FFE042017883A3180010434000017F0
:204AD80031FFFD0481C0041E0000FB061801030E8400031781C0F826808001171284703AAA
:204AE0001447C83A48FFF90E80800317810002178940005481400115208003151100021583
:204AE8008463883A9C4005159C40041518800054888001158A0003158A00021588E3883AA0
:204AF00088C000159009883A00292B408080020400001B06044004048940253600292B006F
:204AF800008001840100008404C000F41085883A9CEDA0041085883A9885883A1400011776
:204B000010FFFE0480C0D92680C001178100031700BFFF041884703A814002178085883AA9
:204B080010C00117290003152140021518C0005410C001159009883A00292B4080800204E5
:204B1000DFC00A17DF000917DDC00817DD800717DD400617DD000517DCC00417DC8003172F
:204B1800DC400217DC000117DEC00B04F800283A00800304908000150005883A003FF006A5
:204B2000010020040200100401C00FC4003F61064009883A003F750681000317003FDE067D
:204B280081C5883A114001179009883A294000541140011500292B4080800204003FE006BE
:204B30009C00021700BFFF0485800117B0AC703AB4400336B445C83A00C003C418805D1611
:204B380005C000F4008000F410B28404BDEEC50415400017B8C0001700BFFFC4858D883A21
:204B40008D6B883A1880EA26AD4403C400BC0004A8AA703AA80B883A9009883AD980001541
:204B48000013F4C01029883A00BFFFC4D9800017A080E826A180A636070000F4E7329304C3
:204B5000E0800017A887883AE0C000153500E626B900001700BFFFC42080EE26A185C83AB9
:204B580010C5883AE0800015A0C001CC1800BC26A0E9C83A00840204A500020410C7C83A71
:204B6000A545883A1083FFCC18ABC83AA80B883A9009883A0013F4C000FFFFC410C0E12636
:204B68001505C83A1545883A10800054E0C000179D000215A0800115A8C7883AE0C000158A
:204B700084C00E26018003C43580A72E81400117013FFE04B0BFFD041104703A2900004C1C
:204B78002088B03A81000115014001448089883A21400115214002153080CD36008000F48D
:204B800010B283041100001720C0012E10C00015008000F410B28204110000179C00021717
:204B880020C0012E10C0001580C0011700BFFF041886703A1C45C83A1C40023600C003C439
:204B9000188004169009883A00292B400005883A003F7B0688C0005480C001158463883A42
:204B9800108000549C400215888001159009883A00292B4080800204003F710600C0050494
:204BA00018804A2E00C0150418806E368804D33A12001BC411C01B844209883A003EDD06A8
:204BA8003804D27A00C001041880442E00C00504188081361140170410C016C4294B883A32
:204BB000294B883A294B883A994B883A28800017018000F4297FFE0431ADA0042880652640
:204BB80001BFFF0410C001171986703A38C0022E1080021728BFFB1E1140031798C001173D
:204BC00081400315808002152C00021514000315003EF80688C0005480C001158463883A9F
:204BC800344005153440041510C000548A0003158A00021588C0011588A3883A88800015E3
:204BD0009009883A00292B4080800204003F3C0630C00117003EE7065AC00044588000CC1A
:204BD80031800204103EFD1E0000240614000317143F251E21000084003EBC068085883A43
:204BE00010C00117810003178140021718C0005410C0011529000315214002159009883A32
:204BE80000292B4080800204003F25061200170411C016C44209883A003E96063804D1BA23
:204BF00011400E4410C00E04294B883A003FBC0684FF5926008000F410ADA00414000217E5
:204BF80000BFFF0480C001171886703A003F910660800217213FFFC41300651E208000CC47
:204C0000633FFE04103FFA1E988001170146303A1884703A98800115294B883A117F283610
:204C0800283F27262886703A5809883A183EC31E294B883A2886703A21000104183FFC26F9
:204C1000003EBE0600C05504188012368804D3FA12001E0411C01DC44209883A003E6D068C
:204C180000C40004003F460600800044A0800115003F74061805D0BA01C0004430C00117C2
:204C2000388E983A2805883A38C6B03A30C00115003F9B0600C1550418801A368804D4BA03
:204C280012001F4411C01F044209883A003E5906AD400404003F170600C01504188023363E
:204C30003804D33A11401BC410C01B84294B883A003F7B069C00021700BFFF0480C00117B7
:204C38001886703A003F53063083FFCC103F181E99000217B545883A108000542080011571
:204C4000003F3E0601003F8402001FC401C01F84003E4006008000F410AEC504150000151B
:204C4800003F110600800044002B883A003F1F06814002049009883A001197C0008000F4E3
:204C500010B2930410C00017003F2C0600C05504188005363804D3FA11401E0410C01DC47A
:204C5800294B883A003F560600C15504188005363804D4BA11401F4410C01F04294B883AD7
:204C6000003F4F0601403F8400C01F84003F4C0698800117003FA0068808D0FA2080004455
:204C68001085883A003E9006208000CC280F883A1000342630BFFFC430001A2620C000032D
:204C700029803FCC30C0051E000018061000152620C0000310BFFFC430C0142621000044F0
:204C780020C000CC183FF91E020000C44080113610000C2620C0000329403FCC28C00B2683
:204C800020C0004439803FCC2089883A0000030618C00044197FFFC3314005261805883AC7
:204C880020FFFB1E0005883AF800283A2005883AF800283A28C03FCC1812923A02FFBFF4D5
:204C900002A0207448D2B03A4806943A5AFFBFC452A0200448D2B03A20C0001748C6F03A89
:204C98001ACD883A00C6303A30C6703A1A86703A183FE01E10BFFF042100010440BFF636C1
:204CA000003FDB063005883A003FD706DEFFFD04DFC00215DC400115DC00001500C003C483
:204CA8002005883A1980452E2906B03A18C000CC1800441E347FFC048822D13A28C001046D
:204CB000234001048820913A2B00020422C00204840005042A800304224003042C21883A3A
:204CB8002811883A200F883A410000171FC0001763C0001739000015538000176FC00015EC
:204CC0005BC000154B80001518C0040439C00404420004046B400404630004045AC0040459
:204CC800528004044A4004041C3FEF1E89C00044380E913A310003CC02C000C411C7883A3A
:204CD00029CB883A5900212E1813883A2811883A200F883A428000174A40010439FFFF04EA
:204CD8004ABFFF154200010459FFFA36213FFF042008D0BA318000CC210000442109883AED
:204CE0002109883A1907883A290B883A30000626198D883A29C0000318C000442940004477
:204CE80019FFFFC519BFFB1EDFC00217DC400117DC000017DEC00304F800283A2007883A18
:204CF000003FF2062007883A003FF106200D883A003FEE062005883A29000B2E298F883A69
:204CF80021C0092E2187883A198BC83A3000482639FFFFC43900000318FFFFC419000005A7
:204D000028FFFB1EF800283A00C003C41980412E2886B03A18C000CC1800401E33FFFC0486
:204D0800781ED13A28C0010413400104781C913A2B00020412C00204738005042A80030490
:204D1000124003042B9D883A2811883A100F883A4100001739C0040418C00404393FFC1502
:204D1800193FFC176B4004045AC00404693FFC15610000174A40040442000404593FFC1585
:204D2000510000176300040452800404493FFC151BBFEF1E790000442008913A328003CC15
:204D280002C000C41107883A290B883A5A801E2E1813883A2811883A500F883A410000178E
:204D30004A40010439FFFF04493FFF154200010459FFFA36513FFF042008D0BA318000CC6C
:204D3800210000442109883A2109883A1907883A290B883A30000B26198D883A29C0000391
:204D400018C000442940004419FFFFC519BFFB1EF800283A1007883A003FF6061007883A76
:204D4800003FF506F800283A500D883A003FF10620C000CC2005883A1800442631FFFFC45A
:204D5000300040262813883A200D883A2007883A000004063A3FFFC4318000443800392606
:204D5800400F883A18C00044324000051A0000CC403FF81E010000C421C02D2E29003FCCE7
:204D6000200C923A3108B03A200C943A218CB03A010003C421C0182E3B3FFC046018D13A9B
:204D68001A0001041AC002046008913A1A8003041813883A210005041909883A498000157F
:204D7000418000155980001551800015420004044A4004045AC0040452800404413FF71E0C
:204D7800630000446018913A39C003CC010000C41B07883A21C00E2E1813883A3811883AAB
:204D8000010000C449800015423FFF044A400104223FFC36393FFF042008D0BA39C000CCD8
:204D8800210000442109883A2109883A1907883A3800052619CF883A1940000518C0004465
:204D900038FFFD1EF800283AF800283A2007883A300F883A003FC706DEFFFD042805883A3A
:204D9800DC000015040000F4DC400115300B883A843281042023883A380D883A1009883AC1
:204DA000DFC002158000001500292B8000FFFFC410C00526DFC00217DC400117DC00001738
:204DA800DEC00304F800283A80C00017183FF92688C00015003FF706DEFFFD042805883AB9
:204DB000DFC00015D9800115D9C0021521400217D9C00104100D883A0015CD00DFC0001781
:204DB800DEC00304F800283ADEFFFC04DFC00015D9400115D9800215D9C00315008000F487
:204DC00010AEC40410800017200B883AD9800104110002170017FAC0DFC00017DEC0040404
:204DC800F800283ADEFFF604DC0007152021883A2809883ADC400815DFC009152823883AA9
:204DD00000142AC010C00044D8800115008000F410A66404D880021500800044D88003150E
:204DD80000800084DC400015D8C00615DEC00415D88005158000022680800E171000142693
:204DE000814002172880030B10C8000C1800061E2900191700F7FFC41088001420C6703AB4
:204DE8002880030D28C01915D98004048009883A001216801000091E00800284DFC009178D
:204DF000DC400817DC000717DEC00A04F800283A8009883A00115FC0003FE90600BFFFC43D
:204DF800003FF606008000F410AEC404200B883A1100001700137241DEFFF604DC80021541
:204E0000DFC00915DF000815DDC00715DD800615DD400515DD000415DCC00315DC40011595
:204E0800DC0000153025883A2800B726282B883A2029883A00292B00A8BFFF17043FFF0446
:204E100090C002C401000584ACFFFE041420703A20C0332E047FFE041C62703A8807883A18
:204E1800880058168C80573680C0300E070000F4E72DA004E1C002179C09883A220001175F
:204E200021C06326017FFF84414A703A214B883A298001173180004C30003F261080004C73
:204E280010008326900B883AA009883A001299C01025883A10011E26A93FFF1710FFFE0423
:204E300000BFFF842084703A9885883A1880EE2681BFFF04008009041180B83600C004C470
:204E3800198096369005883AA807883A1900001711000015190001171100011518C002178E
:204E400010C00215A80B883AA009883A001197C0A009883A00292B409005883A00001206B5
:204E480000C004041823883A003FCE06A825883A8445C83A00C003C418802636998001176C
:204E50009C07883A3180004C3420B03A9C000115188001171080005418800115A009883A43
:204E580000292B409005883ADFC00917DF000817DDC00717DD800617DD400517DD0004172C
:204E6000DCC00317DC800217DC400117DC000017DEC00A04F800283A017FFF04414A703A22
:204E6800814D883A30C01F162080031720C00217A825883A3021883A1880031510C0021589
:204E7000003FDB0600800304A08000150005883A003FE50698C001179C4B883A11000054D7
:204E780018C0004C1C62B03A9C400115290001152885883A10C0011729400204A009883A2C
:204E800018C0005410C00115001197C0003FD306017FFF04414A703A898004048151883A23
:204E88004180590E1080004C103F9E1EADBFFE1700BFFF049DADC83AB18001173084703AC5
:204E90002000202680AF883AB96F883A21C05F26B8C01C162080031720C0021781BFFF04BB
:204E9800010009041880031510C00215B0C00217B0800317B48002041880031510C00215B1
:204EA00021801B36008004C41180352EA8800017B0800215A8800117B0800315008006C46C
:204EA80011807F36B0800404AD40020400002D06ADBFFE1700BFFF049DADC83AB1000117EE
:204EB0002084703AB03F772680AF883AB8FF7516B0800317B0C0021781BFFF0401000904B1
:204EB8001880031510C00215B480020421BFE52EA80B883A9009883A00133D40B821883A1B
:204EC000B027883A003F8A06300B883ADFC00917DF000817DDC00717DD800617DD40051742
:204EC800DD000417DCC00317DC800217DC400117DC000017DEC00A04001299C1A8C00017E9
:204ED00090C00015A8C0011790C0011500C006C41980453690800204A8C00204003F6306AD
:204ED8009005883AA8C00017B821883AB027883A10C00015A8C0011710C00115A8C00217E4
:204EE00010C00215003F6A069C67883A4445C83AE4C002151080005498800115A8BFFF1782
:204EE800A009883A1080004C1462B03AAC7FFF1500292B40A805883A003F6B06A80B883A9C
:204EF0009009883A00133D40003F4E0689000404B93FBC16B0800317B0C0021781BFFF04B3
:204EF800010009041880031510C00215B480020421804336008004C411803F2EA88000171C
:204F0000B0800215A8800117B0800315008006C411803F36B0800404AD400204A8C00017C8
:204F080010C00015A8C0011710C00115A8C0021710C00215B447883ABC45C83AE0C002155F
:204F10001080005418800115B0800117A009883A1080004C1462B03AB440011500292B4062
:204F18009005883A003F4006A8C0021790C00215A8C0031790C003153080112690800404CC
:204F2000A8C00404003F190690FFFF1700BFFF04A825883A1884703A80A1883A003F24061B
:204F2800A8800217B0800415A8800317B080051531000A26B0800604AD400404003FA906D5
:204F3000A900041790800604A8C0060491000415A900051791000515003F0406A8C004172B
:204F3800AD400604B0800804B0C00615A8FFFF17B0C00715003F9B069005883A003FC7060F
:204F4000A80B883A9009883A00133D40003FC906A8800217B0800415A8800317B0800515CD
:204F480031000726B0800604AD400404003FBB06A009883A00292B400005883A003F0A06A7
:204F5000A8C00417AD400604B0800804B0C00615A8FFFF17B0C00715003FB0062080030B14
:204F580000C002441080024C10C002260005883AF800283A001126C1DEFFFC04DC40011535
:204F6000DC000015DFC00315DC8002152023883A2821883A2000022620800E1710003C2687
:204F680080C0030B1908000C1805883A2000071E810019171888001400F7FFC420C8703AD9
:204F70008080030D1007883A81001915800001151100080C2000571E1100010C20001F26B6
:204F780081400C172800082680801004288002268809883A001197C080800F1780000C1579
:204F8000808001151000391E8080041710004B268480030B908000CC10001F1E81800417A1
:204F88008080081781C0051781400717818000158809883A103EE83A8080011500800E0E23
:204F90000005883ADFC00317DC800217DC400117DC000017DEC00404F800283A1100040CC4
:204F9800200030261080020C1000241E18C0011480C0030D003FE40680C0030B1000161E9B
:204FA00018C0081400BFFFC480C0030D003FED0600115FC0003FC206008000F410AEC304C9
:204FA800110000170140007400800044294F57048080030D00126300008002448480030D16
:204FB0009480024C90BFD51E800B883A8809883A0010FF40003FD10618C0101480000115A6
:204FB80000BFFFC480C0030D003FD60680C00E170005883A80C00015003FD206800B883A07
:204FC0008809883A0011210010000A1E8080030B00FFFDC4800002151886703A80000615CC
:204FC800003FD206008002448880001518C0101480C0030D00BFFFC4003FC206800B883AAD
:204FD0008809883A00127B80003FB106DEFFFD04DC000015040000F4DC4001158432810437
:204FD8002023883A2809883ADFC0021580000015002934C000FFFFC410C00526DFC00217E4
:204FE000DC400117DC000017DEC00304F800283A80C00017183FF92688C00015003FF70625
:204FE800DEFFE204DC001A152821883ADFC01B15D9801C15D9C01D1500C08104D8C0030DBF
:204FF000D9000015D900041500142AC000C000F418EEC404D8800115D88005151900001731
:204FF8000080007410903A04D8800815D9C01C04800D883AD80B883A00BFFFC4D8000C152A
:20500000D8001115D880038D00143440DFC01B17DC001A17DEC01E04F800283ADEFFE20467
:20500800DC001B152021883ADFC01C15D9C01D15008081042809883AD9400015D940041586
:20501000D9801A15D880030D00142AC0D8800115D8800515D9801A170080007410903A0456
:20501800D8800815D9C01D04D80B883A8009883A00BFFFC4D8000C15D8001115D880038DF8
:2050200000143440DFC01C17DC001B17DEC01E04F800283ADEFFFE04DC0000152821883A13
:205028002940038FDFC00115001B08401000071680C014171887883A80C01415DFC001173C
:20503000DC000017DEC00204F800283A80C0030B18FBFFCC80C0030DDFC00117DC00001749
:20503800DEC00204F800283A0005883AF800283A2880030BDEFFFB04DCC00315DC80021580
:20504000DC400115DC000015DFC0041510C0400C2821883A2023883A3025883A3827883A11
:20504800180005262940038F01C00084000D883A0019D4808080030B8140038F10BBFFCC92
:20505000980F883A900D883A8809883A8080030DDFC00417DCC00317DC800217DC400117FC
:20505800DC000017DEC0050400180841DEFFFE04DC0000152821883A2940038FDFC00115B2
:205060000019D48000FFFFC410C0082680C0030B8080141518C4001480C0030DDFC0011795
:20506800DC000017DEC00204F800283A80C0030B18FBFFCC80C0030DDFC00117DC00001711
:20507000DEC00204F800283A2940038F001823812144B03A108000CC1000171E20800017C4
:2050780028C0001710C0141E027FBFF44A7FBFC40086303A022020741245883A4220200452
:2050800010C4703A1204703A10000226000023061000221E2100010420C000172940010496
:20508800298000171A4F883A00C4303A3884703A1204703A19BFF6262080000310C03FCC57
:2050900018C0201C18FFE00418000C262980000719800326000013062980000711800B1EB2
:205098002100004420C000032940004418803FCC1080201C10BFE004103FF71E0007883AB4
:2050A000288000031885C83AF800283A2880000318C03FCC1885C83AF800283A0005883AFE
:2050A800F800283A10C03FCC003FF506208000CC1000202620800007100020262005883AD3
:2050B0000000020610C00007180018261080004410C000CC183FFB1E10C0001701FFBFF431
:2050B80039FFBFC400CA303A01A0207419C7883A31A020041946703A1986703A1800091E8C
:2050C0001080010410C0001719CB883A00C6303A28C6703A1986703A183FF9260000010620
:2050C8001080004410C00007183FFD1E1105C83AF800283A2005883A003FE7060005883A5F
:2050D000F800283A2880030BDEFF4B04DF00B315DDC0B215DFC0B415DD80B115DD40B0150C
:2050D800DD00AF15DCC0AE15DC80AD15DC40AC15DC00AB1510C8000CD9C09C152839883AD0
:2050E000202F883A1800061E2900191700F7FFC41088001420C6703A2880030D28C0191546
:2050E800308000030021883A058000F4D800A115D8009E15D800A015D8809B15B5AEC704BD
:2050F0008025883AE027883A3500004410001E26B40000178087883A18C0004318C0020C0E
:2050F80018001B269880011700800E0E98C00017B1000017188000032085883A1080004367
:205100001080020C10000B269880011718C0004498C0001510BFFFC49880011594800044DF
:2051080000BFF216980B883AB809883A001D6140103FEE26A00D883A30800003350000441C
:20511000D8809B15103FE21ED880A01700009A0600C0094410C0891E0039883A3540004342
:205118000023883A01801E0400C01B04E009883AA1C000443540A236A80490BA01400074C8
:20512000295124041145883A108000171000683A000146B400014700000147000001470089
:20512800000147000001470000014700000147000001470000014700000147000001470027
:2051300000014700000147000001470000014700000147000001470000014700000147001F
:20513800000147000001470000014700000147000001470000014700000147000001470017
:2051400000014700000147000001470000014700000147000001470000014700000147000F
:20514800000147000001467400014700000147000001470000014700000146E800014700AD
:205150000001470000014700000147000001470000014848000148480001484800014848DB
:20515800000148480001484800014848000148480001484800014848000147000001470041
:205160000001470000014700000147000001470000014700000147000001470000014700EF
:2051680000014818000148F400014700000148F400014700000147000001470000014700E4
:20517000000148E00001470000014700000148B0000147000001470000014700000147004D
:205178000001470000014700000147000001470000014880000147000001470000014A3C17
:2051800000014700000147000001470000014700000147000001470000014700000149BC11
:2051880000014990000148F4000148F4000148F40001497C00014ACC000147000001470009
:205190000001496800014700000149380001490C000147E80001470000014700000147D055
:205198000001470000014754000147000001470000014880D9C09D153829883A988001171C
:2051A0000081C60E98800017A0FFFFC31100000320FF6D1E98C001171080004498800015DB
:2051A80018BFFFC49880011594800044A00D883A003F610600BFFFC4DFC0B417DF00B3171D
:2051B000DDC0B217DD80B117DD40B017DD00AF17DCC0AE17DC80AD17DC40AC17DC00AB17CF
:2051B800DEC0B504F800283AA14000433829883A8C4004142D403FCCA1C00044357F5E2E9E
:2051C000856B883AA8800043D9C09D1500C00044108000CC2039883A10C1A5269880011720
:2051C80000804216980B883AB809883A001D614010015E1E010000B4213278040140028471
:2051D000B4000017D900A115D9409E15050000C400000A0698800117D9C09D152039883A2A
:2051D8000081E20E00C000B418F3D60401000284D8C0A115D9009E15050000C498C0001754
:2051E0000000020618C0004498C000151900000320803FCC8085883A108000431140020C5E
:2051E80028020126988001179480004410BFFFC49880011500BFF316980B883AB809883A5E
:2051F000001D61401001391EB4000017003FEB0698800117D9C09D152039883A0081AA0EAF
:2051F80005000084003FE50698800117D9C09D152039883A8C4088140081DF0E00C000B404
:2052000018F3D60401000404D8C0A115D9009E15050000C4003FD90698800117D9C09D1564
:205208002039883A8C4000540081850E00C000B418F2780401000284D8C0A115D9009E15DC
:20521000050000C4003FCD0601400284D8C0A615D980A915D9C0AA1500262600A1400043AA
:20521800D9C0AA171545883A113FF4043829883A2D403FCCD8C0A617D980A917003EFC066F
:2052200098800117D9C09D152039883A8C4080140081710E014000B42973D6040080040485
:20522800D940A115D8809E15050000C4003FB30698800117D9C09D152039883A8C40005415
:205230000081840E014000B42973D60400800204D940A115D8809E15050000C4003FA706CB
:20523800A14000438C4000943829883A2D403FCC003EDF0698800117D9C09D152039883A7E
:2052400000816D0E05000104003F9C0698800117D9C09D152039883A0081800E010000B40D
:205248002133D60401400204D900A115D9409E15050000C4003F9106D9C09D158880040C74
:205250001000A01E8880010C10012826D9009C173829883A2080001721000104D9009C15E6
:205258001480000D003EB306A5400043A8C11A268C4000543829883A003EBD06A140004365
:205260008C4001143829883A2D403FCC003EB80698800117D9C09D152039883A00BF610EF2
:20526800008000B410B2780400C00284D880A115D8C09E15050000C4003F70069880011767
:20527000D9C09D152039883A0080C60EE000011E070000448880004C1000461E8C40040C76
:205278008800DC260021883A000008061887883A980B883AB809883A98C0001580A1883A02
:20528000E0B9C83A001D61401000CC1E9880011798C00017173FF5161705C83A1F15883AA7
:205288008721883A988001159A800015DD009D179425883AA00D883A003E7F062039883AE6
:20529000380B883AD9005884D9C09D15001B0E401029883A988001170081120E9900001714
:2052980020800003E0005A268C40040C88005B26E023883A0021883A0000010620800003BC
:2052A00010803FCCD8C058841885883A108000071000AE26988001172100004484000044A8
:2052A80010BFFFC498800115990000158700A12600BFF216980B883AB809883A001D6140BD
:2052B00010009B1E99000017003FEC0698800117D9C09D152039883A00811C0E014000B4FE
:2052B80029727804D940A115D8009E15050000C4003F2206DD4099048C40040C0180020418
:2052C000000B883AA809883ADC409F1500135300DC409F1788006E260029883A0023883A9A
:2052C8000019CF40144061269880001798C00117D90001041200000318FFFFC41080004483
:2052D00098C00115988000158C000044DD4000152463883A200D883AA00B883A800F883A2B
:2052D800B809883A8A0000050019DA80017FFFC411404E261000601ED8C09F171800641EB3
:2052E000A00000159425883AE179883AA5000104988001170023883A00804B16980B883A5D
:2052E800B809883A001D61401000472688003F1ED8C09F171800031ED900A0172100004487
:2052F000D900A015DD009D17A00D883A003E1A068C40040C073FFFC4883FA51ED9409C1777
:2052F800E2BFFFC42C0000172C4001048007883A82AB883A0000030699000017E007883AE4
:205300002080000310803FCCD94058842885883A1080000710004B269880011721400044FE
:205308009940001510BFFFC498800115208000031F000044188000051D400726988001177A
:2053100000BFED16980B883AB809883A001D6140103FE92687001526E421C83A803DFA2611
:20531800D880A017E0000005DC409C1510800044D880A0159425883AA00D883A003DEE06B8
:20532000013FFF841103ED1E8821883A9880011700834116980B883AB809883A001D614070
:2053280010033D26DC409F1780034426D900A017203E80269880030B1080100C103E7D1EE1
:205330002005883A003E7C06E03F951E003FB806D8809C171500001710800104D8809C1512
:20533800003F8E06980B883AB809883A001D6140103F3626003FED06013FFF841100071E06
:20534000988001178023883A00BF8516003FA3069425883AE73FFFC4003F9D06D8C09F17E2
:205348009425883AE73FFFC4183F9826003F98068023883A8821883A003FCE06803F3B1EF4
:20535000003FDA061839883A003FC306803FC91E003DBD06D8809C17DCC00015B809883A1E
:2053580011400017E00F883A01800044001D6840D9009C1720C00104103FCC26D940A01710
:20536000DD009D1790A5883A29400044D940A015D8C09C15A00D883A003DA706980B883A23
:20536800B809883A001D6140103E3626003FBF069880011788E2B03A0080210E014000B40E
:205370002972780400800284D940A115D8809E15050000C4003E6906A14000838C400094EC
:20537800A50000842D403FCC003DA1068880004C10000C1E8C40008C88000A26D8C09C17A7
:20538000D9009C17DD009D17188000179007D7FA210001041480001510C00115D9009C159A
:20538800003D8406D9409C17DD009D172880001729400104D9409C1514800015003D7D0681
:20539000980B883AB809883A001D6140103F971EB4000017003ED206980B883AB809883A8A
:20539800001D6140103F911E010000B42133D60401400404B4000017D900A115D9409E15E7
:2053A000050000C4003E3D06980B883AB809883A001D6140103F851EB400001705000084B7
:2053A800003E3606980B883AB809883A001D6140103EEA26003F7D06980B883AB809883ABD
:2053B000001D6140103F791EB400001705000104003E2A06980B883AB809883A001D614050
:2053B800103F721EB4000017003E8C06980B883AB809883A001D6140103F6C1E008000B4A8
:2053C00010B3D60400C00284B4000017D880A115D8C09E15050000C4003E1806980B883A3C
:2053C800B809883A001D6140103F601E008000B410B3D60400C00204B4000017D880A11547
:2053D000D8C09E15050000C4003E0C06980B883AB809883A001D6140103F541E008000B4BE
:2053D80010B27804B4000017D880A115D8009E15050000C4003E0106980B883AB809883A1D
:2053E000001D6140103F491E008000B410B3D60400C00404B4000017D880A115D8C09E157C
:2053E800050000C4003DF506014000C4A141672601000104A101491EB809883A0019D18034
:2053F00010800017E0FFFFC4D880A3150080570410C21E2EE73FA8C4DF00A2150700574481
:2053F8008D01E0140023883ADC000104002B883A8805883A0007883A8023883AB80D883A5C
:20540000E021883AA82F883AD800A515D800A415D8009F1501C01384182B883A1039883A19
:20540800990000172140000328BFF54410803FCC38810E36100490BA00C0007418D4130423
:2054100010C5883A108000171000683A000153400001546C000153400001546C0001546C21
:20541800000153140001518800015188000151880001518800015188000151880001518816
:2054200000015188000151880001546C0001546C0001546C0001546C0001546C0001546C32
:205428000001546C0001545C0001546C0001546C0001546C00015418000153FC0001546C31
:205430000001546C000153C40001546C0001546C0001546C0001546C0001538C0001546CDE
:205438000001546C0001546C0001546C0001546C000153700001546C0001546C0001546C49
:205440000001546C000153540001546C0001546C0001546C0001546C0001546C0001546C5D
:205448000001546C0001545C0001546C0001546C0001546C00015418000153FC0001546C11
:205450000001546C000153C40001546C0001546C0001546C0001546C0001538C0001546CBE
:205458000001546C0001546C0001546C0001546C000153700001546C0001546C0001546C29
:205460000001546C00015354A8803FCC1080201C10BFE004B885883A10000D1E00BF9FC4B5
:20546800A0A8703A894000058C40004498800117843FFFC49480004410BFFFC49880011586
:205470000080B40E2100004499000015803F941E8821883AA807883AE023883AB82B883A10
:20547800302F883AE001961EAB3FFFC4008000441302A22E18803FCC1080201C10BFE004E6
:20548000113FFFC40140018429001136010000842082770E054000C41839883A15400C2674
:205488009425C83A843FFFC481400007980D883AB809883A001D50C0E0BFFFC410C03FCCA7
:205490008493883A1039883AA8FFF6364825883AA080400C10001426A081000C10027B1E88
:20549800817FFFC700801944873FFFC4957FFFC4288008260080114428800626980D883A0B
:2054A000B809883A001D50C0817FFF87873FFF84957FFF84980D883AB809883A001D50C0BF
:2054A800A825883AE021883AA080040C103E451E80000005A081800C010100041101EA2657
:2054B000D8C0A4171801F41E000D883AD9400104B809883A001B2E401021883AA080004C06
:2054B8001001B926D9009C172080001721000104D9009C151400001510C00115D8C0A01793
:2054C000DD009D1718C00044D8C0A015A00D883A003C4906A080400C103F9B26D8C0A2170B
:2054C80000BFDFC4A0A8703AE7000044183F9F2618FFFFC4D8C0A21584000044003F9B0658
:2054D000A080200C103FA22600BFDFC4A0A8703A003F9406A8803FCC1080201C10BFE0047A
:2054D80000C001C410FF9A1E05400204003F8D06A8803FCC1080201C10BFE0040200018412
:2054E000123F931E054001C4003F8606B8004F1EE000031EA081C00C0201C0041201A22620
:2054E800A8803FCC1080201C10BFE004020000441200022602000104123F851EAD40004446
:2054F000003F7806A8803FCC1080201C10BFE0041000391EE001151EA081C00C0201C004FE
:2054F80012019B268821883AA807883AE023883AB82B883A302F883A003F7B06A8803FCC66
:205500001080201C10BFE00402000084123F701E054000C4003F6306A081400C00C10004C4
:2055080010C00326A0C4703A103F6926E03FED26A080800C1000041ED8C09F17DC40A5156A
:20551000E0F9C83ADF00A41500BE1FC4A0A8703AA50060140039883A003F52060080004406
:20551800B8BF5B1E05C00084003F4E06D8C0A3172A003FCC1880000340BF551EA080800C67
:20552000103F532600BF5FC4A0A8703ADF009F15003F44063009883A980B883AD980A9153C
:20552800D9C0AA15001D6140D980A917D9C0AA17103F4626003F4606020000C4123FBF2698
:2055300002000144123FBD26003F410600800084B8BFB31E05C000C4003F3206E000011E0F
:20553800073FFFC48900004C20011D1E8C40040C8800DA260023883A00000306188000032C
:205540008085883A108000431080020C1000FC1E9880011718C000448C40004410BFFFC4FB
:205548009880011598C000158F00F52600BFF316980B883AB809883A001D61401000F01E72
:20555000B400001798C00017003FEC06E0BFFFC4014057042880BF2EE1FFA8C4070057444F
:205558008C4360149013883A8825883ADC409E170029883ADC0001040540134402C080049D
:2055600001BF7FC4023FDFC420BFF54410803FCCA8807236100490BA0140007429556B04C1
:205568001145883A108000171000683A000157E00001575C000157E00001575C0001575C26
:20557000000157B8000157980001579800015798000157980001579800015798000157987B
:2055780000015740000157400001575C0001575C0001575C0001575C0001575C0001575CAB
:205580000001575C0001572C0001572C0001572C0001572C0001572C0001572C0001575C8B
:205588000001575C0001575C0001575C0001575C0001575C0001575C0001575C0001575C63
:205590000001575C0001575C0001575C0001575C0001575C0001575C0001575C0001575C5B
:20559800000156E40001575C0001575C0001575C0001575C0001575C0001575C0001575CCC
:2055A0000001575C0001572C0001572C0001572C0001572C0001572C0001572C0001575C6B
:2055A8000001575C0001575C0001575C0001575C0001575C0001575C0001575C0001575C43
:2055B0000001575C0001575C0001575C0001575C0001575C0001575C0001575C0001575C3B
:2055B800000156E49081800C12C01C1E91A4703A948140140440040481000005840000440D
:2055C0009880011710BFFFC4988001150080380E18C0004498C00015E73FFFC4E0000F268E
:2055C80098C0001719000003003F97060080028414400A0E00BD1FC490A4703A003FEE0639
:2055D000014000F48C63883A29695A842C45883A1440000F00800204147FF616DC409E15DB
:2055D8009023883A8880400C4825883A10000426D88001041400B036D8C001041C3B3226DE
:2055E0008880040C10006226D880010480A1C83A8521883A003CA506014000F48C63883A46
:2055E80029695A842C45883A1440000F00BD1FC490A4703A003FD0069082000C103FCE26A9
:2055F0008800021E94808014044002049081000C1000862600BE9FC490A4703A003FC6061E
:2055F8009080200C103FDD269224703A003FC206980B883AB809883AD980A915D9C0AA1547
:20560000DA00A715DA40A815DAC0A615001D6140D980A917D9C0AA17DA00A717DA40A81726
:20560800DAC0A617103FBC26003FCC068821883AA807883AE023883AB82B883A302F883A82
:2056100000BFBFC4A0A8703A003E6706D800A215003DE306000F883A003F4106D9409C17C3
:20561800E2BFFFC42C4000172C0001048AA9883A880B883A0000060698C00017B1000017CD
:20562000A80B883A188000032085883A108000431080020C1000621E988001171900004465
:205628009900001510BFFFC498800115188000032D400044A839883A288000052D000626FF
:205630009880011700BFEC16980B883AB809883A001D6140103FE826D880A017DD009D17C6
:20563800E463C83A10800044E00000059465883AD880A015DC009C15A00D883A003ACE067E
:20564000DD009D179465883AA00D883A003ACA06D8C0A117D9C09E17000D883AD9400104FA
:20564800B809883A80000005183EE83A88C0080C1800351E88C0010C18007026D9409C172C
:2056500028C0001729400104D9409C151880000DD940A01729400044D940A015003F8A0644
:20565800DD4099048C40040C01800204000B883AA809883A001353008800391ED8C09C1745
:205660001D00001718C00104D8C09C15000D883A3021883ADC409F1598800017B0C0001768
:20566800108000031885883A108000431080020C1000011EE000651EDC409F17883C811EF8
:20567000A0000015003C7C06A2C0008C58003C26D9409C172880001729400104D9409C153C
:205678001400001510C00115003E440600BF1FC490A4703A3800022639FFFFC4E700004475
:20568000A5000044003F3E06D9009C1720C0001721000104D9009C1518800015003FCC06AD
:205688002839883A003FAC0600BE1FC4A0A8703A05C00044003DDB06817FFFC7980D883A07
:20569000B809883A843FFFC4001D50C0003F4A0600FE1FC4A0E8703A05400044003DD10685
:20569800DD009B04003FC906D8C09F1788E3C83A044DC83A883E1426D88055C480800136B2
:2056A000DC005584014000F4296959048009883A001B2140003E0C06D8C0A517000D883AD7
:2056A80001C0028419400044B809883A001C9E00D8C0A417DC00A51710CDC83A003FEE06C4
:2056B000D8809C17180B883A8009883A1500001714400104D8C0A6150010AB40D8C0A61777
:2056B800100072268009883A180B883A0028CC40A0800015DC409C15003E000688C0004CEC
:2056C000183FC11E8C40008C883FBF26D940A117008000B410B3D604D9C09E17000D883AD1
:2056C80028806726D9400104B809883A001CC540D9409C172900001729400104D9409C1587
:2056D0002080001520C00115003F81060019CF4080BC56269880001799000117D94001046B
:2056D80012000003213FFFC410800044990001159880001584400044DD4000152C21883A81
:2056E000280D883A880F883AA00B883AB809883A820000050019DA8000FFFFC410FC432639
:2056E800103C371EA00000150009883A0019C3C010001B268821883ADC409F17803F7F26F3
:2056F000843FFFC4D94001042C2B883A00000106843FFFC4A9400003980D883AB809883A7A
:2056F800001D50C0AD7FFFC4803FF91E003F7306D9400104802B883A9839883A2C3A122E24
:20570000AD7FFFC4A9400007E00D883AB809883A001D50C0D8800104157FF91E003A0A06F9
:20570800D8C09F179465883AE73FFFC41800051EA50001040021883A003C1406A1000017B9
:20571000003FDA060021883A003C1006D8C00104802B883A9839883A1C39FB2EAD7FFFC41B
:20571800A9400007B809883AE00D883A001D50C0D9000104257FF91E0039F306D8C00104BA
:20572000802B883A9839883A1C39EF2EAD7FFFC4A9400007B809883AE00D883A001D50C0B9
:20572800D9000104257FF91E0039E7060009883A001B1B40A0800015DC409C15003D8F068D
:20573000D9400104B809883A001D1EC0003F9806DEFFB804DFC04715DDC04515DD404315E0
:20573800D9002D15282F883A302B883AD9C02E15DF004615DD804415DD004215DCC041150E
:20574000DC804015DC403F15DC003E150019D180108000171009883AD880341500142AC06E
:20574800D8803715D8802D171000022610800E171000FB26B880030B10C8000C1800061E7D
:20575000B900191700F7FFC41088001420C6703AB880030DB8C0191510C0020C1800C3268D
:20575800B8C004171800C1261080068C00C0028410C0C626D8C00404050000F4D9001E04E7
:20576000A5297384D8C01E15D8002015D8001F15D8003315D8003615D80038151811883A2D
:20576800D8003915D8003A15D8002F15D9002815A880000710028B2600C00944A823883A16
:2057700010C0021E0000140610C003268C40004488800007103FFC1E8D61C83A80000E26EA
:20577800D8C02017D8801F17454000151C07883A10800044D8C0201544000115D8801F15AE
:2057800000C001C41880A91642000204D9402F172C0B883AD9402F15888000071000AA2641
:205788008D4000448C4000470021883A00BFFFC40025883ADC002905D8002785D8002B05FB
:20579000D8802A15D800311504C01604058002449021883A4039883AAD40004488BFF80479
:2057980098833236100490BA00C0007418D79F0410C5883A108000171000683A00016A24CB
:2057A00000016B2C00016B2C00016A4400016B2C00016B2C00016B2C00016B2C00016B2C12
:2057A80000016B2C0001612C0001693400016B2C00015FF00001615000016B2C000161A0E9
:2057B000000161AC000161AC000161AC000161AC000161AC000161AC000161AC000161AC69
:2057B800000161AC00016B2C00016B2C00016B2C00016B2C00016B2C00016B2C00016B2C9B
:2057C00000016B2C00016B2C00016B2C000161E8000162B000016B2C000162B000016B2C61
:2057C80000016B2C00016B2C00016B2C0001635C00016B2C00016B2C0001636800016B2CA5
:2057D00000016B2C00016B2C00016B2C00016B2C000167EC00016B2C00016B2C0001685814
:2057D80000016B2C00016B2C00016B2C00016B2C00016B2C00016B2C00016B2C00016B2CF1
:2057E00000016B2C00016B2C00016AD000016A50000162B0000162B0000162B000016A706F
:2057E80000016A5000016B2C00016B2C00016A7C00016B2C00016A900001691400015FFC62
:2057F0000001694C00016B2C0001695800016B2C000169BC00016B2C00016B2C000169DC55
:2057F800D8C03117D8802E1500C7C83AD8C0311584000114AC400007003F970600800C0477
:20580000D880270500801E04D8802745D9002A17D8802E17D8002785E011883A10C00104DB
:2058080014C00017002D883A808000942002CA1600BFDFC480A4703AD8C02E15948000945D
:205810009802B41E014000F429696C04D940391504401E04D8802A170039883A1001FA2643
:205818000027883A002D883A00021906D9002D17B80B883A00180E401005DC1EB880030B1A
:2058200000C002841080068C10FF3A1EB880038F103F3816D9C02E17D9002D17A80D883AC0
:20582800B80B883A0017FC8000001106D9002D17D9801E04B80B883A0020F0801000081E4E
:20583000DA000404003F5106D880201710000426D9002D17D9801E04B80B883A0020F0806A
:20583800B880030B1080100C1005C01ED8802F17DFC04717DF004617DDC04517DD804417E3
:20584000DD404317DD004217DCC04117DC804017DC403F17DC003E17DEC04804F800283A0D
:20584800D9002D1700115FC0003F0206D9002E17D9402E172100001728800104D90031152C
:20585000203FA716D8802E15AC400007003F4206AC40000701000A84A8C0004489075826CB
:205858008CBFF404B486AE360009883A1823883A014002840026260088C000071489883A46
:205860008D4000441CBFF404A823883AB4BFF82E1823883A2005F616D9002A15003F2F0664
:2058680084002014AC400007003F2B068CBFF404D80031150009883AA823883A0140028485
:205870000026260088C000079089883AAD4000441CBFF404A823883AB4BFF82E1823883A7B
:20587800D9003115003F1D068025883ADC002903E011883A84003FCC8007531E94800414BA
:205880009080080C1003A326D9002E172080011724C0001721000204D9002E15102D883AF5
:2058880010047316D9002A17DF0027832003E41600FFDFC49D84B03A90E4703A1001802621
:20589000B003AB26DC402915DC001E04B023883A402D883A9809883A880B883A0180028499
:20589800000F883A0025AE8010800C04843FFFC49809883A880B883A8080000501800284E2
:2058A000000F883A00254EC01027883A10C4B03A1823883A103FEF1ED8C02817DC402917A1
:2058A800B011883A1C07C83AD8C02B1500005F068025883ADC002903E011883A84003FCC4A
:2058B00080071E1E9080020C1004AF26D9002E17D9402E17D8802E1721000017294001173C
:2058B80010800204D9003615D9403815D8802E15D9003617D9403817DA003D150400004413
:2058C0000010AB40DA003D171404441ED9003617D9403817000D883A000F883A002786400A
:2058C800DA003D171005E316DF002783008011C41445580E040000F48429640400C000C456
:2058D00000BFDFC4D8C0291590A4703AD8C02B15D8002A15D800321500003A0684000214BA
:2058D800AC400007003EBC068025883ADC002903E011883A84003FCC8007001E948004143B
:2058E0009080080C1002FA26D9002E17D9402A17D80027852080020424C0001725800117F8
:2058E8002804B116013FDFC49D86B03AD8802E159124703A1802FB1ED8C02A170039883ABC
:2058F0001805E5260027883A002D883ADC001E049806D0FAB008977AB02CD0FA9CC001CC9A
:2058F80098800C04843FFFC420E6B03A808000059D86B03A183FF61E90C0004C1801412659
:2059000010803FCC1080201C10BFE00400C00C0410C13C2680FFFFC5D8C0281780BFFFC44E
:205908001021883A1887C83AD8C02B15D8802B17D9002A171100010E2005883AD8802915C2
:20591000D8003215E7003FCCE700201CE73FE004E0000326D8C0291718C00044D8C0291566
:2059180090C0008CD8C02C1518000326D8C0291718C00084D8C0291590C0210CD8C0301515
:205920001801C51ED9003117D8C0291720E7C83A04C1C10E02400404D8C02017D8801F172E
:205928004CC52F0E014000F429697784DC403B15D94035159823883A482D883A9027883A53
:20593000070001C48025883ADC002D17000003068C7FFC0442000204B440130E010000F49E
:2059380018C0040410800044212977844100001545800115D8C02015D8801F15E0BFF40E2B
:20594000D9801E04B80B883A8009883A0020F080103EF31E8C7FFC04D8C02017D8801F17A5
:20594800DA000404B47FED169021883A9825883A8827883ADC403B17D940351798C7883AD0
:20595000108000444140001544C00115D8C02015D8801F15010001C42082C516DF0027878A
:2059580042000204E0000C26D8801F17D900278418C0004410800044410000150100004438
:2059600041000115D8C02015D8801F15010001C420825E1642000204D8802C1710000C2676
:20596800D8801F17D900270418C0008410800044410000150100008441000115D8C020155E
:20597000D8801F15010001C42082581642000204D9003017008020042081BB26D9402A17CD
:20597800D8802B1728ADC83A0580310E07000404D8801F17E584360E014000F429697384D2
:20598000DC402A15D9402C15B023883A04C001C4A82D883A902B883A8025883ADC002D1799
:20598800000003068C7FFC0442000204E440110E18C00404108000444500001547000115F5
:20599000D8C02015D8801F1598BFF60ED9801E04B80B883A8009883A0020F080103EA01E5C
:205998008C7FFC04D8C02017D8801F17DA000404E47FEF169021883AA825883AB02B883A9E
:2059A000882D883ADC402A17D9002C171D87883A108000444100001545800115D8C02015BF
:2059A800D8801F15010001C420821016420002049080400C10013A1ED9402B17D8801F17CF
:2059B000440000151947883A1080004441400115D8C02015D8801F15010001C42081F51626
:2059B800420002049480010C90003226D9403117D880291728A1C83A04002E0E044004042E
:2059C000D8801F178C04C40E014000F429697784D9403515048001C4DCC02D170000030680
:2059C800843FFC04420002048C00130E010000F418C00404108000442129778441000015C3
:2059D00044400115D8C02015D8801F1590BFF40ED9801E04B80B883A9809883A0020F08080
:2059D800103E5F1E843FFC04D8C02017D8801F17DA0004048C3FED16D94035171C07883ACA
:2059E000108000444140001544000115D8C02015D8801F15010001C42080060ED9002D17F3
:2059E800D9801E04B80B883A0020F080103E4C1ED8C02017D8803117D90029171100010EAF
:2059F0002005883AD9402F17288B883AD9402F151801C01EA8800007D8001F15DA0004046B
:2059F800103D751EA823883A003D8B068025883ADC002903E011883A84003FCC8005E51E1B
:205A0000948004149080080C10022B26D9002E17D9402A17D800278520C0020424C00017F6
:205A08002580011728042E16013FDFC49D84B03AD8C02E159124703A0039883A103E801E42
:205A1000D9002A172002E01ED8002A15D8002B15DC001E04003EF5068025883ADC00290367
:205A1800E011883A84003FCC8005BA1E010000F421296704D90039159080080C1000612643
:205A2000D9402E172CC000172D80011729400204D9402E159080004C1001AC269D84B03A2B
:205A280010038526D8C02A1700800C04D8802705DC402745D8002785908000941804791658
:205A300000BFDFC490A4703A948000940039883AD9003917DC001E04988003CCB006973ADE
:205A38002085883A9826D13A10800003B02CD13A843FFFC41CE6B03A808000059D84B03A22
:205A4000103FF51ED8C028171C07C83AD8C02B15003EC6068025883ADC002903E011883AE4
:205A480084003FCC803E9626D8C02B03D8C02785003E930600C00044D8C0290500C00AC4FC
:205A5000D8C02B05AC400007003D430684000814AC400007003D4006D8802E178025883ADB
:205A5800D800278514000017E011883A14C0010480042D26D8C02A171803E416180D883A47
:205A6000000B883A8009883ADF003D1500131A80DA003D17100468261405C83AD8802B15AD
:205A68001003E016DF002783D8802915DCC02E15D8002A15D8003215003EA2068025883A94
:205A7000DC002903E011883A84003FCC803F8D26D8C02B03D8C02785003F8A068025883A1A
:205A7800DC002903E011883A84003FCC8005661E010000F421296C04D90039159080080CC1
:205A8000103F9F1E9080040C1002EB26D8802E17002D883A14C0001710800104D8802E1510
:205A8800003F9C06D8802B071002E11E00C00044D8C0290500C00804D8C02B05AC40000731
:205A9000003D050684000054AC400007003D02068025883ADC002903E011883A84003FCCED
:205A9800803DE726D8C02B03D8C02785003DE40684001014AC400007003CF706AC4000072C
:205AA00000801B0488838F2684000414003CF2068025883ADC002903E011883A84003FCC06
:205AA80080053F1E9080080C1002D226D9002E17D9402F17208000172807D7FA2100010474
:205AB000D9002E151140001510C00115003CB806D8C02E17D9002E178025883A1880001763
:205AB8002100010400C00044E011883AD8C02915D8002785D8801405D9002E15D8C02B1532
:205AC000D8002A15D8003215DC0014040039883A003E5306010000F421296C040039883A60
:205AC800D900391504401E04003F69068025883ADC002903E011883A84003FCC8005081E27
:205AD000883D612600C00044D8C02915DC401405D8002785003FE906014000F429696C0472
:205AD800D9403915D8C02E151025883A04401E049D84B03A1000FC1E0039883A00800084DB
:205AE00010803FCC00C0004410C20F2600C0008410FD3326003E0B06D8C02017003E710683
:205AE8000080194414407E0ED9003617D9403817000D883A000F883AD8C03C15DA003D159E
:205AF00000277000D8C03C17DA003D171000F71ED8801F17010000F42129730418C0004461
:205AF80010800044410000150100004441000115D8C02015D8801F15010001C42082B81639
:205B000042000204D8802617D9403317114002169080004C103EB326D8803717D90034178F
:205B0800D94037171887883AD8801F17410000154140011510800044D8C02015D8801F150D
:205B1000010001C42083291642000204D8803317143FFFC4043EA30E04400404D8801F1700
:205B18008C00880E014000F429697384D9402C15058001C4DCC02D170000030642000204B8
:205B2000843FFC048C00820E18C00404108000444500001544400115D8C02015D8801F1585
:205B2800B0BFF60ED9801E04B80B883A9809883A0020F080103D0A1ED8C02017D8801F1725
:205B3000DA000404003FEE06D9403117D880291728ADC83A05BE410E07000404D8801F17C1
:205B3800E5838F0E014000F429697384DC403015D9402C15B023883A04C001C4A82D883A1A
:205B4000902B883A8025883ADC002D17000003068C7FFC0442000204E440110E18C00404C2
:205B4800108000444500001547000115D8C02015D8801F1598BFF60ED9801E04B80B883AFE
:205B50008009883A0020F080103CE51E8C7FFC04D8C02017D8801F17DA000404E47FEF1659
:205B58009021883AA825883AB02B883A882D883ADC403017D9002C171D87883A108000445E
:205B60004100001545800115D8C02015D8801F15010001C420818E1642000204003E0F06F5
:205B6800D94033170080004418C000441141530EDC401F1700800044408001158C4000442B
:205B700044000015D8C02015DC401F15008001C414416B1642000204D8803717D900341772
:205B78008C40004410C7883A4080011541000015D8C02015DC401F15008001C41441691602
:205B800045800204D9003617D9403817000D883A000F883AD8C03C1500277000D8C03C17A1
:205B88001000BC26D9403317840000448C40004428BFFFC41887883AB0800115B4000015B6
:205B9000D8C02015DC401F15008001C414414316B5800204D9003A17DF0022C48C400044AB
:205B980020C7883AB7000015B1000115D8C02015DC401F15008001C414400E16B20002041F
:205BA000003E1806010000F421297384D9002C15D9002C171C07883A440001154100001588
:205BA80010800044D8C02015D8801F15010001C420BE0B0ED9002D17D9801E04B80B883AD6
:205BB0000020F080103C861ED8C02017DA000404003E0406D9002D17D9801E04B80B883A3F
:205BB8000020F080103E3B26003C7D06D9002D17D9801E04B80B883A0020F080103C781E40
:205BC000D8C02017DA000404003DE906D9002D17D9801E04B80B883A0020F080103C701E61
:205BC800D8C02017DA000404003D9B06D9002D17D9801E04B80B883A0020F080103C681EAF
:205BD000D8C02017DA000404003DA106D9402A17D8002785283F061600FFDFC49D84B03A12
:205BD80090E4703A103C3B260039883A003E58069080040C1001B326D8C02E17D9002A174A
:205BE000D8002785188001041CC00017002D883A2001B51600FFDFC4D8802E1590E4703A5B
:205BE800983D05260039883A003D0806DC4026170441D30EDC403217D88033171440010E6E
:205BF0001023883A04400A0ED8801F171C47883A440000151080004444400115D8C02015FD
:205BF800D8801F15010001C4208265164200020488026116D90032172463C83A04407B0E5D
:205C000005800404D8801F17B4419D0E010000F421297384D9002C15070001C4DCC02D17CD
:205C080000000306420002048C7FFC04B441970E18C004041080004445000015458001159D
:205C1000D8C02015D8801F15E0BFF60ED9801E04B80B883A9809883A0020F080103C201EFB
:205C1800D8C02017D8801F17DA000404003FEE06D9002D17D9801E04B80B883A0020F0804D
:205C2000103C171ED8C02017DF002787DA000404003D34069080040C10016126D9402E1718
:205C28002CC0001729400104D9402E15982DD7FAB005883A003C5A069080040C100035265B
:205C3000D8C02E17D9002A17D8002785188001041CC00017002D883A2000371600FFDFC44B
:205C3800D8802E1590E4703A0039883A983DD4260080024414FC5336D8C02817DC001DC4D6
:205C40009CC00C041C07C83ADCC01DC5D8C02B15003CC606D8803317143FFFC4043F4D0EFF
:205C480007000404E400810E014000F429697384D9402C1501C001C4DCC02D170000030633
:205C5000B5800204843FFC04E4007B0E18C004048C400044B5000015B7000115D8C0201575
:205C5800DC401F153C7FF60ED9801E04B80B883A9809883AD9C03C150020F080D9C03C1754
:205C6000103BD71ED8C02017DC401F17DD800404003FEC069080100CD800278510010E2638
:205C6800D9402E17D8C02A17002D883A288001042CC0000B183FC90ED8802E150039883A8E
:205C70009D84B03A103C1E1E00800044003E6C06D9002D17D9801E04B80B883A0020F08060
:205C7800103BBF1ED8C02017DA000404D9003217D8802617D94033178123883A114002164A
:205C80009100004C20000D26D9003717D94034171907883AD9001F1741400015D94037175B
:205C880021000044D8C0201541400115D9001F15014001C42901E81642000204D90033178D
:205C90008121883A2085C83A8461C83A1400010E1021883A04000A0ED9001F171C07883ADC
:205C9800444000152100004444000115D8C02015D9001F15014001C42901FB164200020431
:205CA0008001F7161421C83A043D160E04400404D8801F178C3EFB0E014000F4296973844F
:205CA800D9402C15058001C4DCC02D170000030642000204843FFC048C3EF50E18C0040497
:205CB000108000444500001544400115D8C02015D8801F15B0BFF60ED9801E04B80B883A40
:205CB8009809883A0020F080103B7D1ED8C02017D8801F17DA000404003FEE069088703ABF
:205CC000203EAB1EDC401F1740800115440000158C400044D8C02015DC401F15008001C4AA
:205CC80014400E1645800204003ECA06010000F421297384D9002C15D8802C171C07883A9B
:205CD0008C400044B0800015B4000115D8C02015DC401F15008001C4147EBD0ED9002D17B9
:205CD800D9801E04B80B883A0020F080103B5C1ED8C02017DC401F17DD800404003EB506D8
:205CE000D9002D17D9801E04B80B883A0020F080103B531ED8C02017DC401F17DA00040438
:205CE800003E8D06D9002D17D9801E04B80B883A0020F080103B4A1ED8C02017DC401F174A
:205CF000DD800404003E8F060027883A003F4A06D9002D17D9801E04B80B883A0020F08037
:205CF800103B3F1ED8C02017DA000404003C7B06D9402A1704E7C83A07000B449804C03A43
:205D000005ADC83ADF002785B0ADC83A28017B1600BFDFC490A4703A003B8906D9003617FB
:205D0800D9403817DA003D150010AB40DA003D171000F026D9002A1705BFF7C400BFFFC47D
:205D10008DAC703A20820026008011C4B081F726D900381790C04014D8C02C152002151633
:205D1800DCC03817D8002905008019848881F9260080118488821C2600801144B081EF26B9
:205D2000D8C02A17D8802104D8800315D9403617D8802504D9002D17D8800215D8802604A8
:205D2800D8C00015D880011501C00084980D883AD8C03C15DA003D1500184B401021883AE9
:205D3000008019C4D8C03C17DA003D1788817126008011C48882912680F9883AD9003617C6
:205D3800000D883A000F883A980B883ADA003D1500277000DA003D1710018D26D880211701
:205D40001700062E01000C0410C00044D8C0211511000005D8802117173FFB361405C83ABD
:205D4800D8803315008011C4B0817626008019441442800ED8C0261700801984D8C03215E7
:205D50008881FE26D8C03217D90033171901DD169480004C90022B1E1805883A1802831628
:205D5800D8C03217044019C4D8C02B15DF002907E001531EDF002783D8802915DC802C1732
:205D6000D8002A15003BAF06D8C02E17D9002E17D9402E1718C0001721000117294002042C
:205D6800D8C03615D9003815D9402E15003B5006AC400007003A28069080100C1000A826C0
:205D7000D8C02E17002D883A1CC0000B18C00104D8C02E15003CAF06D9002E17D9402A173F
:205D7800002D883A2080010424C00017283EBB0E003EF1069080040C1000921E9480100C08
:205D800090013926D9402E17D8C02F172880001729400104D9402E1510C0000D0039E4064E
:205D88009080100C10008026D8802E1714C0000F10800104D8802E15982DD7FAB005883A5C
:205D9000003AF7069080100CD800278510008A1ED9002E17D9402A17002D883A2080010448
:205D980024C00017283E4B0E9D86B03AD8802E15183E4C1E0039883A0005883A003D400684
:205DA000014000F429697384D9402C15D9402C171C47883A10800044414000154440011546
:205DA800D8C02015D8801F15010001C420BEC81642000204003ECD06D9002A17D800278509
:205DB000203D2D1600BFDFC490A4703A003A6106010000F421297384D9002C15003BEA06D7
:205DB800D9002D17D9801E04B80B883A0020F080103A7B1ED8C02017DA000404003D410606
:205DC000D8801F17014000F40100004418C0004410800044296973044100011541400015D5
:205DC800D8C02015D8801F15010001C420805C16420002048800041ED88033171000021EC6
:205DD0009080004C103BE726D9003717D8801F17D940341720C7883A108000444100011512
:205DD80041400015D8C02015D8801F15010001C420812116420002040463C83A0440730EA8
:205DE00005800404B440860E014000F429697384D9402C15070001C4DCC02D1700000306C1
:205DE800420002048C7FFC04B440800E18C00404108000444500001545800115D8C0201510
:205DF000D8801F15E0BFF60ED9801E04B80B883A9809883A0020F080103A411ED8C02017F9
:205DF800D8801F17DA000404003FEE0600BFFFC4003A3F06008011C41440B816040000F478
:205E00008429650400C000C400BFDFC4D8C0291590A4703ADF002783D8C02B15D8002A155A
:205E0800D8003215003B0706D8C02E171CC0001718C00104D8C02E15982DD7FAB005883A7E
:205E1000003A7706D8C02E17D9002F171880001718C00104D8C02E1511000015003954069F
:205E1800D9002E17002D883A24C0001721000104D9002E15003C0706D9402E17D8C02A17A0
:205E2000002D883A288001042CC0000B183DC10E003F7506040000F484296304003AA706FE
:205E2800D9002D17D9801E04B80B883A0020F080103A0B1EDC402617D8C02017DA00040430
:205E3000003F9C06AC40004384000814AD4000448C403FCC8C40201C8C7FE00400395E0606
:205E3800D8C02E150039883A003E3506D9002D17D9801E04B80B883A0020F0801039F81EEF
:205E4000D8C02017DA000404003CD0068009883ADF003D1500142AC0D8802B15DA003D173F
:205E4800103C200E0005883A003C1E06D9002D17D9801E04B80B883A0020F0801039E81E9D
:205E5000D8C02017D8801F17DA000404D9403317108000444400001528C7883A003B5B0616
:205E5800010000F421297784D9003515003AF206013FFFC4003A08060023883A003D9D068B
:205E6000D9002D17D9801E04B80B883A0020F0801039D31ED8C02017DA000404003D9406B3
:205E6800010000F421297384D9002C15D9002C171C47883A108000444100001544400115C5
:205E7000D8C02015D8801F15010001C420BFD71642000204003FDD06D9002D17D9801E0425
:205E7800B80B883A0020F0801039BD1ED8802617D8C02017DA000404003E10060080004473
:205E800010803FCC00C0004410FA0D2600C0008410FBAF26003A6D06010000F4212977841B
:205E8800D9003515003B5406D8802A1700C001841880012E1805883AD8802B151000EF1611
:205E9000040000F4D8802915DCC02E15D8002A15D8003215842971040039883A003A800672
:205E98000021883A003E0706D9002D17D9801E04B80B883A0020F0801039991ED88026177A
:205EA000D9403317D8C02017DA0004042885C83A003DFB069080004C103E8F1ED8802117FA
:205EA800003E9E061025883A0039883A00800084003FD30607000B44DF002785003A1B06AE
:205EB00000C00B44D8C02785D8802915DC802C17D8002A1507000B44003A5E06040000F447
:205EB80084296604003F4706D9002E17D9402F172080001721000104D9002E15114000154B
:205EC0000038AB06DD80261700BFFF44B0801C16D9402A172D801A16DD803215003E890633
:205EC800010000F421297384D9002C15003C9106E005883A003E7906D9002A17DF00278390
:205ED000DCC02E15D9002915D9002B15D8002A15D8003215003A3B069080004C0039883A9B
:205ED8001000042600800C04DC001DC4D8801DC5003B6406D8002B15DC001E04003A2B06C3
:205EE0008C7FFF84B5BFFFC4DD802615DC4022C5B000BF1600800AC4D88023050080024429
:205EE8001580701600800C04B5800C04D8802345DD802385D88023C4DF0022C4D8C03317FF
:205EF0001739C83AD9003317E0C7883ADF003A15D8C02B15008000441100B30ED8C02B173E
:205EF80018C00044D8C02B151805883A1800AC16D8003215003E5D06D9002D17D9801E0485
:205F0000B80B883A0020F0801039351EDC402617D8C02017D8801F17DA000404003ED6061E
:205F0800182B883AD8002A1500388C06D8802A17103E071EDC002A15003E0506D9002A1709
:205F100020C00044003E0F0601400184D9402A15003DFF06D8802104D8800315D88025042C
:205F1800D8800215D8802604D8800115D8802A17D9403617D9002D17D880001501C000C4FC
:205F2000980D883ADA003D1500184B40D8C02A17DA003D171021883A10F9883A81000007DE
:205F280000800C0420805E26D8C02617E0F9883A003E0A0600C00B4424E0003CD8C02905D2
:205F3000003DE906D8C0321700C07A0E00800044D90033171105883AD8802B1510004E1631
:205F3800044019C4003E2106D9002A17D8802104D8800315D9000015D8802504D9403617E7
:205F4000D9002D17D8800215D8802604D880011501C000C4980D883ADA003D1500184B400A
:205F4800D8C02A17DA003D171021883A0080118480F9883A88BFD926003DE806D9002A1764
:205F500000C04D0E2000441E9480004C9000421E1805883A18006F16D8C03217D8C02B150F
:205F5800003E0206DF0022C4DC002A154027883AE021883AB009883A01400284002613009C
:205F600010800C04843FFFC4B009883A014002848080000500260AC0102D883A00800244FF
:205F680015BFF4169811883AB0800C048027883A997FFFC498BFFFC5DC002A172F006D2E4A
:205F7000D9C023843CCFC83AD9002344E1CF883A0000010628800003208000052100004456
:205F780029400044393FFB1ED880230414C5C83AD8C023441885883A003F70060005883A97
:205F8000003F0F06D8C0321718C00044D8C02B151805883A183FB20E0005883A003FB00626
:205F8800D9003617000D883A000F883A980B883AD8C03C15DA003D1500277000D8C03C1737
:205F9000DA003D17103F98260080004410C7C83AD8C02615003F9506D9002A17D8C0321771
:205F9800208000441885883AD8802B15103DBF0E0005883A003DBD062000201E9480004C6F
:205FA00090001E1E00800044D8802B15003DB70600800B4405ADC83AD8802305003F3F0638
:205FA8000005883A003F520690A4703A903F4E26003F4A060080008410C5C83A003F840627
:205FB000D9402E17D9002E17AC4000432940001720800104D8802E15D9402A15182B883A09
:205FB800283E7B0E8C403FCC017FFFC48C40201CD9402A158C7FE0040037D706D8C02A1784
:205FC00018C00084D8C02B151805883A183D970E003FD7060005883A003F8F069080004CA1
:205FC800103F821ED88021171405C83AD8803315B47EF426DD802617003F1206D8C02B037C
:205FD000D8C027850038DF06D8C02B03D8C027850038AA06D8C02B03D8C02785003A4306D1
:205FD800D8C02B03D8C02785003AF5060005883A003D7B06D8802344003F1006D8C02B030B
:205FE000D8C027850038FD06D8C02B03D8C02785003A9706D8C02B03D8C02785003A1806DF
:205FE800D8C02B03D8C02785003ABE06008000F410AEC404300F883A280D883A200B883AB2
:205FF000110000170015CD012880030B2AC019172A80038B2A4007172A000917DEFEE204EA
:205FF80000C10004DC011A1510BFFF4C2821883AD8CB883ADC811C15DC411B15DFC11D1581
:206000002025883AD881030DDAC11915DA81038DDA410715DA010915DEC10015DEC10415C0
:20600800D8C10215D8C10515D80106150015CD001023883A10000416D94100049009883AA7
:206010000011210010000D1ED881030B1080100C100003268080030B108010148080030DE5
:206018008805883ADFC11D17DC811C17DC411B17DC011A17DEC11E04F800283A047FFFC4F7
:20602000003FF106DEFFFD042805883ADC000015040000F4DC400115300B883A843281040A
:206028002023883A380D883A1009883ADFC00215800000150029484000FFFFC410C00526B8
:20603000DFC00217DC400117DC000017DEC00304F800283A80C00017183FF92688C0001548
:20603800003FF706008000F4DEFFFD0410AEC404DC4001152023883A11000017DC000015E4
:20604000DFC002152821883A2000022620800E17100031268080030B10C0020C1009883A44
:2060480018000F2680C00417180015261100004C20001C1E1080008C1000291E80800517F7
:206050008080021518001C260005883ADFC00217DC400117DC000017DEC00304F800283A1A
:206058002080040C10002E262080010C10001E1E80C00417208002148080030D183FEB1E9A
:206060001100A00C01408004217FE826800B883A8809883A00127B808080030B80C00417DA
:20606800003FE20680800517800002150085C83A80800615183FE41E80C0030B0005883A2E
:206070001900200C203FE12618C0101480C0030D00BFFFC4003FDD0600115FC0003FCD0633
:206078000005883A003FD60681400C172800062680801004288003268809883A001197C04E
:206080008100030B80000C1580C0041700BFF6C41108703A8000011580C00015003FD50634
:206088000080024488800015208010148080030D00BFFFC4003FC506DEFFFD04DC000015E6
:20609000040000F4DC400115843281042023883A2809883ADFC00215800000150028ED0033
:2060980000FFFFC410C00526DFC00217DC400117DC000017DEC00304F800283A80C00017F6
:2060A000183FF92688C00015003FF706DEFFF204DDC00B15208004172DC00417DFC00D15BD
:2060A800DF000C15DD800A15DD400915DD000815DCC00715DC800615DC400515DC000415CD
:2060B00015C07A16BDFFFFC4BDE9883A28C00504A529883A1D39883A24C00504D9400215CE
:2060B8009D29883AE1400017D9000015A100001729400044D8C00115DD00031500261A4092
:2060C0001025883A10003026DC4001179829883A002D883A0021883A8D400017900B883A99
:2060C8008C400104A93FFFCC00262600A808D43A900B883A15AD883A00262600A100001745
:2060D000B00CD43AB0FFFFCC217FFFCC2C21883A80C7C83A2008D43A1185883A1821D43AD4
:2060D800117FFFCC2149C83A2421883A8008943A18FFFFCC102CD43A20C8B03AA1000015D0
:2060E0008021D43AA5000104E47FE32ED8C003171880001710000C1E18BFFF049880082E10
:2060E80018FFFF17180003260000050610C000171800031E10BFFF04BDFFFFC498BFFB3626
:2060F000D8C000171DC00415D9400217D9000017001A950010002816DC4001179480004440
:2060F800980D883A0007883A31000017894000173180010420BFFFCC10C7883A28BFFFCC85
:206100001885C83A280AD43A2008D43A1007D43A10BFFFCC2149C83A20C9883A200A943A9C
:206108008C4001042007D43A2884B03A30BFFF15E47FED2EBDC5883A1085883A9887883ADE
:206110001880001710000C1E18BFFF049880082E18FFFF17180003260000050610C00017FE
:206118001800031E10BFFF04BDFFFFC498BFFB36D8C000171DC004159005883ADFC00D1796
:20612000DF000C17DDC00B17DD800A17DD400917DD000817DCC00717DC800617DC4005177C
:20612800DC000417DEC00E04F800283A0005883A003FF20620801017DEFFDE04DF002015BE
:20613000DCC01B15DC801A15DC401915DC001815DFC02115DDC01F15DD801E15DD401D1520
:20613800DD001C15D9C003152039883A3023883A2825883ADC0024173027883A10000826DB
:206140002180111700C00044100B883A1986983A1180011510C00215001A0740E000101530
:2061480088002E1680000015889FFC2C00DFFC3410C01C26000D883A000F883A9009883A6B
:20615000980B883A0027700010002B1ED9C023170080004438800015D880251710019E260D
:20615800D8C02517008000F410A973441880001510BFFFC4DFC02117DF002017DDC01F1770
:20616000DD801E17DD401D17DD001C17DCC01B17DC801A17DC401917DC001817DEC02204B6
:20616800F800283AD8C023170089C3C41880001590017726008000F410AA1F04D90025179A
:20617000203FEC2610C000C71801781E10C000C4D980251730C00015003FE60604E00034E7
:206178009CFFFFC4008000448CE6703A808000159823883A003FCC06D8800204D88000155B
:20618000D9C00104900B883A980D883AE009883A8820D53A001AD1C0D88009158001651E16
:20618800DD800217DC00011700800804B421883A80C10C8410C2D10E00801004810104844A
:2061900010C7C83A9108D83A88E2983A2448B03A0028C1C0017F8434018000441009883A58
:20619800194B883A843FFFC4D9801115000D883A01CFFE3400281C400198DBF401CFF4F447
:2061A0003190D84439E1E9C41009883A180B883A0027958001A2D87401CFF1F431B22CC4C8
:2061A80039E28A04180B883A1009883A002648408009883A1029883A1823883A0028B400A1
:2061B000019427F401CFF4F4319E7EC439D104C41009883A180B883A00279580100D883AA9
:2061B800180F883AA009883A880B883A002648401009883A180B883A1029883A1823883AB8
:2061C0000028AC00000D883A000F883AA009883A880B883AD880051500278640100287167D
:2061C800D8C005170080058410C27536180490FA00C000F418EA3A041885883A110000175C
:2061D00011400117900D883A980F883A0027788000828D0ED9000517D8000E15213FFFC42F
:2061D800D9000515B42DC83AB5BFFFC4B0026F16D8000815D9C0051738026416B1ED883AA5
:2061E000D9C00D15D8000A15D98003170080024411811436008001441184E10E31BFFF049C
:2061E800D98003150023883AD9800317008000C4308367261183410ED9C00317008001042F
:2061F00038827C26008001443884C41E00800044D8800B15D8C00517D90022171907883AEC
:2061F80019800044D8C00C15D98006150183A40ED98006173021883AE0001115008005C46F
:206200001184C92E00C00044008001041085883A11000504180B883A18C00044313FFB2E5E
:20620800E1401115E009883A0019FCC0D8800715E0801015008003841400F7368800F626CA
:20621000D9C0051701C39A0E388003CC100490FA382BD13A00C000F418EA3A041885883A67
:20621800A8C0040C124000171200011718037926008000F410AA30041180081711C009179E
:206220009009883A980B883ADA001715DA4016150026D300DA001717DA401617AD4003CC4F
:20622800040000C41023883A1829883AA800112605C000F4BDEA30044805883A4007883A0B
:20623000A980004C1009883AA82BD07A180B883A30000426B9800017B9C0011784000044F9
:2062380000279580BDC00204A83FF51E1013883A1811883A480D883A400F883A8809883A42
:20624000A00B883A0026D300D8800F15D8C01015D8C00E1718000626D9000F17D94010175F
:20624800000D883A01CFFC340027864010040B168009883A0028B400D9800F17D9C01017DF
:206250001009883A180B883A00279580000D883A01D007341009883A180B883A00264840E9
:206258001021883AD8800617047F30341C63883A10031826D8C00517DB000617D8C01315D9
:20626000D9000B1720038F2660BFFFC4100490FA00C000F418EA3A041885883A11800017D0
:2062680011C00117D88007170009883A014FF834DB00161515C000440026D300800D883A09
:20627000880F883A1009883A180B883A00281C40D9401017D9000F17102B883AD8C0121576
:206278000028AC001009883A1029883A0028B400D9000F17D9401017100D883A180F883A79
:2062800000281C401823883AD8C00717D9401217A2000C041021883A1A000005800D883A72
:20628800880F883AA809883A4029883A0027788000841D16800D883A880F883A0009883AB6
:20629000014FFC3400281C40D9401217100D883A180F883AA809883A00277880DB00161746
:2062980000840E160080004413006B0ED9000717DD800F15DCC010152319883ADCC01217F2
:2062A000602D883ADC801215B825883A0000090600281C40A80D883A980F883A1009883A1F
:2062A800180B883A002786401003E816B825883ABD83E926A809883A980B883A000D883A5E
:2062B00001D0093400279580000D883A01D009348009883A880B883A102B883A1827883A09
:2062B80000279580180B883A1009883A1821883A1023883A0028AC001009883A1029883A30
:2062C0000028B4008809883A800B883A100D883A180F883A00281C40A5000C04A80D883ACA
:2062C800980F883A1009883A180B883A950000051021883A1823883A00278640BDC0004455
:2062D000800D883A880F883A0009883A014FFC34103FCF0ED8C01317D8C00515D9400917E2
:2062D800E009883A001A0740D9000517D9802317D9C02517B80000052080004430800015D7
:2062E0003802AA263DC00015D8800717003E79060080043410BFFFC488A2703A883E851EC8
:2062E800008000F410AA1C04003E840610C00204003E870601400434297FFFC4994A703A6E
:2062F0009009883A843F0044294FFC34DD800217D8001115003EA506008000F410A9730483
:2062F800003E6406E0001115000B883AE009883A0019FCC001BFFFC401C00044D88007158F
:20630000D9800C15E0801015D8000315D9C00B15D9800615D8002215D88001171000891633
:20630800D900051700C0038419008616200490FA00C000F4D980221718EA3A041885883AF1
:20631000140000171440011730016316800D883A880F883A9009883A980B883A0026D300CB
:20631800180B883A1009883A0028AC001009883A102B883A0028B400800D883A880F883A75
:206320001009883A180B883A00279580100D883A180F883A9009883A980B883A00281C4055
:20632800D9C007171009883AA8800C04388000053DC00044D9C0061701800044180B883A2D
:206330002005883A39803826000D883A01D0093400279580000D883A000F883A1009883ABB
:20633800180B883A1025883A1827883A00277000103F9A26D9C00617D8C00717B829883AB3
:2063400038BFFFC418AD883A00000A0600279580000D883A000F883A1009883A180B883A50
:206348001025883A1827883AB829883A00277000103F8A26800D883A880F883A9009883A01
:20635000980B883A0026D300180B883A1009883A0028AC001009883A102B883A0028B40087
:20635800800D883A880F883A1009883A180B883A00279580100D883A180F883A9009883A5E
:20636000980B883A00281C40AA000C04A2000005000D883A01D009341009883A180B883A36
:20636800A5C00044B53FD91E100D883A180F883A1009883A180B883A00264840100D883A6C
:20637000180F883A8009883A880B883A1027883A1825883A0027864010000816980D883A0A
:20637800900F883A8009883A880B883A00277000103F5A1EAD40004CA83F5826BD3FFFC34A
:20638000B8BFFFC41007883A01400E44D98007170000050618FFFFC4118247261D000003DB
:20638800102F883A10BFFFC4A1003FCC2100201C213FE004217FF726A2000044120000055B
:20639000003F4606D9000B172000C826D980031700C000441980F90ED8800617D8C00A1714
:20639800157FFFC41D41F3161D6BC83AD9C006173802AA16DD000817D8800617D8C00817C5
:2063A00001400044E009883A1887883AD8C00815B0AD883A001A40001023883AA00008265B
:2063A8000580070EA005883AB500B916D9000817A0A9C83AB0ADC83A2089C83AD90008150D
:2063B000D9800A170181810ED9C00B173800B326A800B226880B883AA80D883AE009883A7F
:2063B800001A6C80D9800917100B883AE009883A1023883A001A43C01021883AD8800A1740
:2063C000D9400917E009883A1545C83AD8800A15001A0740D8C00A1718009F1E05C000440E
:2063C800E009883AB80B883A001A4000D9000D17102B883A2000CE26200D883A100B883A51
:2063D000E009883A001A6C80D9800317102B883AB981810E0027883AA880041705C00804C6
:2063D800108001041085883A1085883AA885883A11000017001A2E80B885C83A1585883AE8
:2063E000108007CC1000B32600C008041887C83A0100010420C2CD0E00C007041885C83AB7
:2063E800D8C00817A0A9883AB0AD883A1887883AD8C00815D98008170180040E800B883A46
:2063F000E009883A001A80801021883A0580050EA80B883AB00D883AE009883A001A808084
:2063F800102B883AD9C00E173801211ED98006170181380ED8C00B171800AB1EDC800717FF
:20640000DCC006179029883A00000206001A09C01021883AA80B883A8009883A001828C0AA
:2064080010800C0490800005948000449507C83A000F883A01800284800B883AE009883AF9
:206410001CFFF2161011883AD88006170082370ED90007170025883A20AF883A01800044F6
:20641800800B883AE009883ADA001715001A8080A80B883A1009883AD8800915001A9500D7
:20642000DA0017170081800EB93FFFC3B8BFFFC41007883A01800E44D9C0071700000506E3
:2064280018FFFFC411C1232619000003102F883A10BFFFC421403FCC2940201C297FE00413
:2064300029BFF7262100004411000005A80B883AE009883A001A0740883EA0269000042605
:2064380094400326900B883AE009883A001A0740880B883AE009883A001A0740003E9706A2
:2064400001800044D9800E15003D9606D8800817D8C00517D8000D1510C5C83A00C9C83A5B
:20644800D8800815D9000A15003D970605ADC83ADD800815002D883A003D8E06D90005170A
:206450000028B400100D883A180F883AA009883A880B883A00277000103D7126D9C0051798
:2064580039FFFFC4D9C00515003D6D06DD400A17DD0008170023883A003F480610E3C83A25
:206460009448983A003D3206D8000E15003D7506B005883A003F4506DC000915D9800A17D1
:20646800D9400917E009883A001A6C801021883A003F5A0601C00044D9C00B15D880221749
:206470000081280E100D883A1021883AD8800C15D8800615003D8806D880061700BE9B16E8
:2064780010010F1E880B883A000D883A01D005348009883A00279580900D883A980F883A49
:206480001009883A180B883A00277880002B883A0023883A1000BF16D9802217DDC0071719
:20648800018C303AD9800515A80B883AE009883A001A0740883E4926003FAD06D9C0111721
:206490003801BC2610810CC4DD400A17DD000817003F0A0600800704D9000817A0A9883A59
:20649800B0AD883A2089883AD9000815003F5106D8C00317B8C1FC0E0027883AB805883A31
:2064A000003F3E06880B883AE009883A000F883A01800284001A09C0D9000C171023883AAD
:2064A8000102040ED90006150500050E880B883AA00D883AE009883A001A80801023883A35
:2064B0009801241E8829883AD9000617DCC007179480004C20BFFFC49885883AD88004157C
:2064B800DC800615A80B883A8009883A001828C0880B883A8009883A102F883A001A95003D
:2064C000A80B883AA00D883AE009883A102D883A001A9B001007883A10800317BC800C04AA
:2064C800180B883A10004E1E8009883AD8C01615001A9500D8C01617E009883AD8801615A3
:2064D000180B883A001A0740D88016171000041ED98003173000021ED8C0061718003726C2
:2064D800B0002016B000041ED90003172000021ED8C0061718001B2600810716D8C004175A
:2064E0009D8000449C800005B02F883A98C10626800B883A000F883A01800284E009883A24
:2064E800001A09C01021883A000F883A01800284880B883AE009883A8D002526001A09C02B
:2064F000A00B883A000F883A01800284E009883A1023883A001A09C01029883AB027883A30
:2064F800003FC0069011883A00800E0E800B883A01800044E009883ADA001715001A8080A3
:20650000A80B883A1009883A1021883A001A9500DA0017170081960E00800E444081702633
:20650800BA000C448825883A9DC000449A000005A023883ADC000915003F240600800E4400
:206510009011883A9081662605BFF516003FF506001A09C01023883A1029883A003FDF066B
:20651800E009883A001A074000800044003FBC06A80B883A8009883A001A9500103EDB0EEC
:20652000800B883A000F883A01800284E009883A001A09C01021883AD8800517D8C00B1787
:2065280010BFFFC4D8800515183F761ED9000C170101730ED9000615003ED00600800084D9
:206530003081861ED8000B15003F3C06DC000917003E9206D9C003170080008411FEC50E12
:20653800D900061720013C1EA80B883A000F883A01800144E009883A001A09C0100B883A5B
:206540008009883A102B883A001A9500DC00091500BF410ED9C0071700800C4438800005F8
:20654800D88005173DC0004410800044D8800515003F3D06D9800517D9C0071700800C44BA
:2065500031800044D980051538800005003EDF06D8000B15003C9F06903E7E1E00800434E8
:2065580010BFFFC49884703A1000EA1E9CDFFC2C9800E826D9C00817B580004404C0004431
:2065600039C00044D9C00815D8800D17103E721E00800044003E79068009883A0028B40026
:20656800D9800F17D9C010171009883A180B883A00279580000D883A01D007341009883A22
:20657000180B883A00264840047F30341021883A1C63883AD9000F17D9401017000D883A4F
:2065780001D0053400281C40800D883A880F883A1009883A180B883A102B883A1829883A0D
:206580000027788000806C1689E0003C800D883AA809883AA00B883A00278640103D7E0E40
:20658800002B883A0023883A003EFB06D8800717003BD006D9000A17D9800D17DD400A15A8
:20659000A905C83A308D883AD9800D15002B883A003E06069023883A9829883A040000848A
:20659800003C920604000044DC000C15DC000615DC002215E0001115000B883A003C690642
:2065A0003021883A003FFB061000021E4200004C403E7D1E01000C0400000106102F883A98
:2065A800B8BFFFC410C00007193FFC26003E8706D880051700A3C83A8800A426888003CC3B
:2065B000100490FA00C000F418EA3A041885883A1180001711C001179009883A980B883A89
:2065B8008823D13A00279580D8800F15D8C010158800E826050000F4A52A3004040000847E
:2065C0008980004C1009883A8823D07A180B883A30000426A1800017A1C0011784000044DE
:2065C80000279580A5000204883FF51ED8800F15D8C01015003C760600C00C0410C000055C
:2065D000D8C00517BD3FFFC318C00044D8C00515003DB90689400117E009883A0019FCC00E
:2065D80089800417894003041100030431800084318D883A318D883A1027883A001328C06E
:2065E00001800044980B883AE009883A001A80801029883A003ECC0600800E449080902609
:2065E80092000044003F1F069011883A8825883AA023883A003E2906002B883A0023883AC3
:2065F000003F540661BFFFC4300490FA00C000F418EA3A041885883A11000017114001176D
:2065F800D8800717880F883AD9801215800D883ADB00161515C0004400279580D94010174A
:20660000D9000F17D8C01515D88014150028AC001009883A1021883A0028B400D9000F17BB
:20660800D9401017100D883A180F883A00281C401829883AD8C0071784000C041023883AA4
:206610001C000005DB0016170080004460802226D9C007178805883AB82B883A3B19883A94
:206618006023883AA007883ADC800F15000D883A01D009341009883A180B883A002795805B
:20662000180B883A1009883A1829883A1025883A0028AC001009883A1021883A0028B40022
:20662800100D883A180F883A9009883AA00B883A84000C0400281C40AD400044AC3FFFC5CA
:20663000AC7FEA1E1023883AD8801217DC800F171829883AB8AF883AD9001417D9401517AA
:20663800000D883A01CFF83400264840880D883AA00F883A1009883A180B883A0027864054
:2066400010003E0ED9001317BD3FFFC3D9000515003D3B060027883A003F1B06D8800817EC
:2066480011E9C83A0005883A003D540600800044003DC706D8C0021700800D84DD400A170A
:2066500010C5C83ADD000817003D4C06DC800F15DCC0101504000084003BED06D9000617DB
:20665800203F0D26D9800C1701BCAB0ED9401017D9000F17000D883A01D009340027958046
:2066600081000044D8800F15D8C010150028B400D9800F17D9C010171009883A180B883A41
:206668000027958001D00734000D883A1009883A180B883A00264840D9C00517047F3034F1
:206670001021883A39FFFFC4D9C013151C63883ADB000C17003BEA06DC000915003E0E06A5
:2066780001000E448825883A9DC0004499000005A023883ADC000915003DA406D980141717
:20668000D9C015170009883A014FF83400281C40880D883AA00F883A1009883A180B883AE2
:206688000027788000BC7C0E01000C0400000106102F883AB8BFFFC410C00007193FFC26E9
:20669000D9801317D9800515003C4406D9801317D9800515003CEA06DD800F17DCC0101706
:20669800DC801217003C6C06903E031E003EBB06103E6C1E4080004C103E6A26003E660655
:2066A000D8C003170080008410C02916D9000C17003E880604000084003B9D06D9001317E4
:2066A800D9000515003CD606D8801317D8800515003C2A06D9800317008000841180151634
:2066B000D9C00C17D9C00615003DF706193D392600C00F041885C83A003DDF06E009883A2C
:2066B800E0001115000B883A0019FCC0D8800715D8C0071700BFFFC401000044D8800C15B0
:2066C000E0C01015D9000B15D8800615D8002215003C4106D8C00C17D8C00615003E7006D5
:2066C80004400044003B2006000B883A003B3D06D8800C17D8800615003E69062880000734
:2066D00000C01C8410C0242600C01DC410C01E2600C0184410C004260080058420800015A7
:2066D8000005883AF800283A02C08204010000440080420401C00AC402BFF8C4027FFF049E
:2066E00002001E042940004428C000071800062619C008261A3FFB1E2940004428C0000781
:2066E80021020014183FFA1E22C8B03A31000015F800283A1284703A2248703A108004147C
:2066F00021000094003FEF0602C180040100004400800204003FE7060017883A0009883ABF
:2066F80000800104003FE306DEFFFD04DC000015040000F4DC400115843281042023883A9C
:206700002809883ADFC00215800000150029158000FFFFC410C00526DFC00217DC400117D4
:20670800DC000017DEC00304F800283A80C00017183FF92688C00015003FF70600803FC496
:2067100011000836008000F410AEC704108000171109883A208000431080020C10803FCC7E
:20671800F800283A0005883AF800283A30001B26014000F4DEFFFE04296A20043009883AAF
:20672000DC000015DFC001153021883A00141D001000061E008000F410A95804DFC00117FB
:20672800DC000017DEC00204F800283A014000F4296958048009883A00141D00103FF52657
:20673000014000F42965C2048009883A00141D00103FF0260005883A003FF006008000F46F
:2067380010A95804F800283A008000F410AEAA04F800283A008000F410AEC80410800017F3
:20674000F800283A008000F410AEA204F800283A0005883AF800283A008000F410AEB204A4
:20674800F800283A008000F410AEC404280D883A200B883A110000170019C6C1008000F4BD
:2067500010AEB204F800283ADEFFFD042805883ADC000015040000F4DC400115300B883A76
:20675800843281042023883A380D883A1009883ADFC00215800000150029244000FFFFC465
:2067600010C00526DFC00217DC400117DC000017DEC00304F800283A80C00017183FF92673
:2067680088C00015003FF706DEFFF704008000F4DC800715DC400615DC00051510AEC904FC
:20677000DFC008152021883ADC4009171480001730001626D9400215D9800315D9C00415A4
:206778000019CE80D9C00417D9800317D9400217D8800015DC4001158009883A903EE83A67
:2067800000FFFFC410C0031E8800001500C0228480C00015DFC00817DC800717DC4006177D
:20678800DC000517DEC00904F800283A0019CE80018000F431A5C204DC400115D8800015DD
:2067900001C00044000B883A8009883A903EE83A003FEB06DEFFF704008000F4DC800415EB
:20679800DC40031510AEC404DFC00815DD400715DD000615DCC00515DC0002153825883A72
:2067A0001440001728001C26008000F410AEC904154000172821883A2027883A3029883A6A
:2067A8000019CE80D8800015DC800115A00F883A800D883A980B883A8809883AA83EE83A0B
:2067B00000FFFFC410C0031E9000001500C0228488C00015DFC00817DD400717DD000617BB
:2067B800DCC00517DC800417DC400317DC000217DEC00904F800283A008000F410AEC90463
:2067C000140000170019CE80018000F431A5C204DC800115D880001501C00044000B883A65
:2067C8008809883A803EE83A003FE506DEFFFF04280008263000092638000B2630800003A3
:2067D00028800015308000031004C03ADEC00104F800283AD80B883A303FF71E0005883A3E
:2067D800DEC00104F800283A00BFFF84003FF706008000F4DEFFF80410AEC904DFC0071593
:2067E000DC00061514000017D9000215D9400315D9800415D9C005150019CE80D88000155D
:2067E800D8800817D9C00517D9800417D9400317D9000217D8800115803EE83ADFC00717C1
:2067F000DC000617DEC00804F800283A20801317DEFFFC04DC400115DC000015DFC003150B
:2067F800DC8002152023883A2821883A10000F268407883A18C7883A10C7883A1880001783
:206800001000112611000017190000151000041510000315DFC00317DC800217DC40011728
:20680800DC000017DEC00404F800283A01800844014001040022504088801315103FEC1E2F
:206810000005883A003FF306014000442C24983A8809883A91800144318D883A318D883A19
:2068180000225040103FF6261400011514800215003FE6062800082628C001172080131723
:2068200018C7883A18C7883A10C5883A10C0001728C0001511400015F800283ADEFFF70403
:20682800DC8002152C800417DD800615DD400515DD000415DCC00315DC400115DC0000159A
:20683000DFC00815DDC007152827883A2029883A3023883A3821883A2D400504002D883A22
:20683800ADC00017880B883AAD400104B93FFFCC00262600B808D43A880B883A1421883A4C
:2068400000262600800ED43A80FFFFCCB580004411C5883A100E943A1020D43A38C7883A0A
:20684800A8FFFF15B4BFEE1680000926988002179080130E908001441085883A1085883AEA
:206850009885883A14000015948000449C8004159805883ADFC00817DDC00717DD80061741
:20685800DD400517DD000417DCC00317DC800217DC400117DC000017DEC00904F800283A98
:2068600099400117A009883A294000440019FCC099800417994003041100030431800084D9
:20686800318D883A318D883A1023883A001328C098000A2698C00117A080131718C7883AFD
:2068700018C7883A10C5883A10C0001798C0001514C000158827883A003FD6068827883A96
:20687800003FD406DEFFF904DC400115DC0000152023883A2821883A390002040140024414
:20688000DCC00315DC800215DFC00615DD400515DD0004153825883A3027883A00260AC0C2
:2068880000C00044000B883A1880030E18C7883A2940004418BFFD168809883A0019FCC016
:20689000D8C0071710C0051500C0004410C0041500C002441CC0210E80EB883AA829883A8A
:2068980084E1883AA1C0000701800284A5000044100B883A39FFF4048809883A001A09C01E
:2068A000A43FF81EACE1883A843FFE049C800A0E94E5C83A84A5883A81C0000701800284E2
:2068A80084000044100B883A39FFF4048809883A001A09C084BFF81EDFC00617DD40051777
:2068B000DD000417DCC00317DC800217DC400117DC000017DEC00704F800283A8400028471
:2068B8001827883A003FE90620BFFFEC1000141E2008943A0080040420FFC02C1800021EC4
:2068C0002008923A1080020420FC002C1800021E2008913A1080010420F0002C1800031EB1
:2068C8002109883A108000842109883A200003162110002C2000041E00800804F800283A06
:2068D0000005883A003FEC0610800044F800283A20C00017188001CC100008261880004C04
:2068D8001000211E1880008C1000211E1806D0BA0080008420C00015F800283A18BFFFCC41
:2068E000100013260005883A19403FCC2800021E1806D23A10800204194003CC2800021EAC
:2068E8001806D13A10800104194000CC2800021E1806D0BA108000841940004C2800081EB6
:2068F0001806D07A1800051E00800804F800283A1806D43A00800404003FEB061080004447
:2068F80020C00015F800283A0005883AF800283A1806D07A0080004420C00015F800283A95
:20690000DEFFFD04DC00001504000044DC4001152823883A800B883ADFC002150019FCC049
:206908001440051514000415DFC00217DC400117DC000017DEC00304F800283ADEFFEF0426
:20691000DC400815DC000715344004172C000417DD800D15DC800915DFC01015DF000F15A0
:20691800DDC00E15DD400C15DD000B15DCC00A152825883A302D883A8440050E8007883A5B
:206920003025883A8821883A282D883A1823883A908002178447883AD8C002159140011773
:2069280010C0010E294000440019FCC0D8C00217D880061518EB883AAD6B883A10C0050452
:206930001D6B883AD8C00115DD4003151805883A1D40042ED8C00317100000151080010440
:2069380010FFFC368C63883AB58005048C63883A948005048421883AB463883A8421883A9A
:20694000DD800015DC800415DC4005159429883AB4404F2ED8C000171C800017947FFFCCEA
:2069480088001E26DD800117DD4004170027883AAC800017B4000017880B883A913FFFCCCF
:20695000002626009008D43A84BFFFCC1485883A14E5883A8020D43A9026D43A880B883A4A
:20695800002626001405883A14E1883A90FFFFCC8024943AAD400104B005883A90C6B03ACC
:20696000B0C000158026D43AB5800104AD3FE836D8C0001714C001151C8000179024D43A8C
:2069680090002226D8C00117DD800417002F883A1F0000171823883A182B883AE021883A23
:2069700000000106982B883AB100000B8020D43A900B883A002626001405883A15EF883AC7
:20697800B804943AE0FFFFCC8C40010410C6B03A88FFFF15B5800104B13FFF17ACC00104EE
:20698000900B883A2008D43A9C00001700262600B806D43A813FFFCC1105883A10F9883A6B
:20698800E02ED43AB53FE736AF000115D8C00017D900051718C00104D8C00015D8C001171F
:2069900018C00104D8C00115D8C00017193FB136D8C0021700C00C0ED8C0031718BFFF1744
:206998001D7FFF041000032600000706A88000171000051ED8C00217AD7FFF0418FFFFC4CE
:2069A000D8C00215183FF91ED8C00617D90002171805883A19000415DFC01017DF000F1737
:2069A800DDC00E17DD800D17DD400C17DD000B17DCC00A17DC800917DC400817DC000717DF
:2069B000DEC01104F800283ADEFFFA04DCC00315DC000015DFC00515DD000415DC80021518
:2069B800DC400115308000CC3021883A2027883A10002F1E2825883A8021D0BA80001A269E
:2069C0009C4012178800061E000034068021D07A800015268880001710001C261023883AC0
:2069C8008080004C103FF926880D883A900B883A9809883A001A43C090001B269100011747
:2069D00098C013178021D07A2109883A2109883A1907883A19000017910000151C800015F9
:2069D8001025883A803FEB1E9005883ADFC00517DD000417DCC00317DC800217DC40011777
:2069E000DC000017DEC00604F800283A880D883A880B883A9809883A001A43C08880001559
:2069E80010000015003FDD061025883A003FD70610BFFFC41085883A00C000F418EA23046F
:2069F0001085883A1885883A11800017000F883A001A09C01025883A003FC7060500004429
:2069F800A00B883A9809883A0019FCC01023883A00809C44888005158D0004159C401215BA
:206A000088000015003FC606DEFFF904DD400515DCC00315302BD17A2CC00417288002179B
:206A0800DD000415ACE7883ADC800215DC400115DC000015DFC006159C0000442823883AE6
:206A10003029883A2025883A294001171400030E1085883A29400044143FFD169009883AD9
:206A18000019FCC010C005040540070EAD6B883AAD6B883A1809883A1D47883A2000001564
:206A200021000104193FFD1E8A00041789000504A18007CC4211883A4211883A2211883A73
:206A280030002326024008044993C83A000B883A21C000171815883A18C00104398E983A7F
:206A300021000104394AB03A197FFF15217FFF172A4AD83A223FF6365140011528001A1E37
:206A3800843FFFC414000415880008268900011790C013172109883A2109883A1907883A00
:206A400019000017890000151C400015DFC00617DD400517DD000417DCC00317DC800217DF
:206A4800DC400117DC000017DEC00704F800283A2140001718C0010421000104197FFF15DD
:206A5000223FFB36003FE6069C000084003FE4062080041728C0041710C5C83A1000111E4C
:206A580018C7883A18C7883A210005042940050420C5883A28CB883A0000010620800A2E05
:206A600010BFFF04297FFF041180001728C0001730FFFA2630C0023600800044F800283A5D
:206A680000BFFFC4F800283A0005883AF800283A28C0041730800417DEFFFA04DCC00315B4
:206A7000DC800215DFC00515DD000415DC400115DC0000151887C83A2825883A3027883AF8
:206A78001800141E1085883A1085883A2A000504340005044087883A8085883A000001063F
:206A800040C0592E18FFFF0410BFFF0419C0001711400017397FFA263940592E9005883AFC
:206A88004023883A9825883A050000441027883A0000040618005616344005042C000504C8
:206A90000029883A914001170019FCC0924004179B00041712C005044A51883A6319883A24
:206A98004211883A6319883A150003158211883A8B19883A0007883A8140001789C00017A2
:206AA00059800104293FFFCC20C7883A393FFFCC1909C83A280AD43A380ED43A2007D43AEC
:206AA800213FFFCC29CBC83A28C7883A180A943A8C400104840001042908B03A5900001529
:206AB0001807D43A3015883A3017883A8B3FEA368200162E8017883A59400017318001041A
:206AB8005AC00104293FFFCC20C7883A280ED43A180BD43A193FFFCC3947883A180A943AF9
:206AC0001807D43A2908B03A313FFF155A3FF2360406303A1A07883A1806D0BA18C000440E
:206AC80018C7883A18C7883A50D5883A50FFFF042000041E18FFFF04190000174A7FFFC41B
:206AD000203FFC2612400415DFC00517DD000417DCC00317DC800217DC400117DC000017B5
:206AD800DEC00604F800283A000B883A0019FCC000C0004410C0041510000515003FF206AC
:206AE0008023883A0029883A4021883A003FAD069005883A944005049C0005049825883AD9
:206AE800050000441027883A003FA606295FFC2C00BF30342887883A00C0020E0005883A86
:206AF000F800283A00C7C83A1807D53A008004C410C00B0E18BFFB04010007840007883AD9
:206AF80020800516010007C42089C83A008000441104983AF800283A00800044F800283A29
:206B00000140023428C7D83A0005883AF800283ADEFFFA04DC00001524000417DC4001159F
:206B0800244005048421883A8421883A8C21883ADC80021584BFFF17DD000415DCC003154D
:206B10009009883A2829883ADFC00515001A2E8000C008041889C83AA100001501000284CA
:206B180084FFFF0420801216018002C4308DC83A9186D83A18CFFC348CC0212E813FFE1759
:206B2000218CD83A108005449084983A1184B03ADFC00517DD000417DCC00317DC8002177A
:206B2800DC400117DC000017DEC00604F800283A8CC00F2E117FFD4480BFFE1728000E261A
:206B30001949C83A9164983A1106D83A81BFFE04948FFC3490C6B03A89800E2E81BFFD1783
:206B38001144983A310AD83A2884B03A003FE80610BFFD441000041E90CFFC34003FE4060C
:206B4000000D883A003FDF0690A4983A0005883A003FF9061144983A003FDD06DEFFF80415
:206B4800DC0002153021883ADC4003158022907ADD0006152829883A01400044DCC0051501
:206B5000DC800415DFC007153825883A8822D57A0019FCC01027883A0080043410BFFFC4C5
:206B5800808C703A8800012631800434D9800015A0002426D9000104DD000115001A350057
:206B6000D8C0001710002F1ED9000117990005151821003A010000842421C83A98C00615B3
:206B68009C00041588001F1E10BEF384908000150090003410BFFFC48085883A1085883AB5
:206B70001085883A9885883A110005178020917A001A2E80D8C008178085C83A18800015C4
:206B78009805883ADFC00717DD000617DCC00517DC800417DC400317DC000217DEC00804E3
:206B8000F800283AD809883A001A3500D8C00017040000449C00041598C0051510800804EF
:206B8800883FE12600C00D448C7EF34488A3883A1885C83AD8C008179440001518800015F4
:206B9000003FE706010008042089C83A1908983AD94001171886D83A2148B03A9900051527
:206B9800D8C00015003FCA06DEFFF904DC4003152823883AD9400104DFC00615DCC0051578
:206BA000DC8004152027883ADC000215001AC100D80B883A8809883A1025883A1821883A9F
:206BA800001AC1008A00041799000417D94001172209C83A2010917AD90000172909C83ADC
:206BB0004109883A01000E0E2008953A2421883A100D883A180F883A9009883A800B883A2E
:206BB8000026D300DFC00617DCC00517DC800417DC400317DC000217DEC00704F800283AAB
:206BC0002008953A1907C83A003FF106DEFFFE04DC000015DFC00115008005C42021883A95
:206BC80011000D0E0005883A00CFFC34843FFFC4000D883A01D009341009883A180B883A98
:206BD00000279580803FF91EDFC00117DC000017DEC00204F800283A202090FA008000F4AD
:206BD80010AA3A041421883A8080001780C00117DFC00117DC000017DEC00204F800283A97
:206BE000297FFFC4280FD17A30C004173080050439C0004418C7883A39CF883A18C7883A9B
:206BE80039CF883A10C7883A21CF883A10C00D2E200B883A12000017294001041080010454
:206BF0002A3FFF1510FFFB361985C83A10BFFAC41004D0BA108000441085883A1085883A7B
:206BF8002089883A21C0032E200000152100010421FFFD36F800283A20C004172805D17A85
:206C00002100050418800D0E18C7883A18C7883A20C7883A20C0192E18BFFF1718FFFF047E
:206C08001000041E20C0142E18FFFF0419400017283FFC2600800044F800283A10C00A0EFF
:206C10001085883A1085883A294007CC2087883A283FF026198000173144D83A114A983A30
:206C1800317FF41E003FEB061085883A1085883A2087883A003FE706F800283A0005883A06
:206C2000F800283ADEFFFD042805883ADC000015040000F4DC400115300B883A84328104DA
:206C28002023883A380D883A1009883ADFC002158000001500292F8000FFFFC410C0052685
:206C3000DFC00217DC400117DC000017DEC00304F800283A80C00017183FF92688C000153C
:206C3800003FF7062A0000030080178440802A2629400044000F883A0013883A2007883A6C
:206C40002180400419C0000518C0004419BFFD1E4000112600800044124FC83A02800B44F3
:206C480002C017442205883A11C000052880004428C000031A800A261AC004261800042669
:206C50001811883A100B883A003FF606F800283A2805883AF800283A28BFFFC4F800283A7A
:206C5800124000034AC011264A00101641800044294000842187883A0000010631800044BE
:206C600019C000053011883A18C00044327FFB1610800084003FE6062A00004301C00044A4
:206C68002940008402400044003FD4065011883A003FE406009FF034F800283ADEFFE40452
:206C70002807883ADFC01A15D9C01B1500A0003410BFFFC402008204D8800215D8800515AD
:206C7800D9C01B04D80B883A00BFFFC4D8C00015D8C00415DA00030DD880038D001E8D0042
:206C8000D8C0001718000005DFC01A17DEC01C04F800283ADEFFE3042007883ADFC01A15C5
:206C8800D9801B15D9C01C15010000F4212EC4042100001700A0003410BFFFC4280D883AF8
:206C900002008204D8800215D8800515D9C01B04D80B883A00BFFFC4D8C00015D8C004153E
:206C9800DA00030DD880038D001E8D00D8C0001718000005DFC01A17DEC01D04F800283AAA
:206CA000DEFFFD04DC4001153023883ADC000015DFC002152821883A001ABAC088000C26AF
:206CA800841FFC2C8020D53A01C01AC43C21C83A0400070E8020953A01CFFC34000D883AFD
:206CB00081CF883A1009883A180B883A00279580DFC00217DC400117DC000017DEC0030432
:206CB800F800283ADEFFE204DDC01B15DD801A15DC401515DFC01D15DF001C15DD401915D4
:206CC000DD001815DCC01715DC801615DC001415D8000515D94006152807883A1F0000031D
:206CC80001C000B42023883AD9400715D980091501000B44E0803FCC39ECD604002F883ADB
:206CD000002D883A20809C36100490BA11C5883A108000171000683A0001B4180001B5B8B9
:206CD8000001B5B80001B5B80001B5B80001B5B80001B5B80001B5B80001B5B80001B5A440
:206CE0000001B5A40001B5A40001B5A40001B5A40001B5B80001B5B80001B5B80001B5B874
:206CE8000001B5B80001B5B80001B5B80001B5B80001B5B80001B5B80001B5B80001B5B81C
:206CF0000001B5B80001B5B80001B5B80001B5B80001B5B80001B5B80001B5A40001B5B828
:206CF8000001B5B80001B5B80001B5B80001B5B80001B5B80001B5B80001B5B80001B5B80C
:206D00000001B5B80001B47C0001B5B80001B59800801244B8844726D9000917D8000815AB
:206D08000039883A20000726DC800717D8000A15D94009172C800015D8800A171000012608
:206D1000E720003CD8800817E007883ADFC01D17DF001C17DDC01B17DD801A17DD40191771
:206D1800DD001817DCC01717DC801617DC401517DC001417DEC01E04F800283AD8000A159C
:206D20001C000044DC0006151F000043E0803FCC1080201C10BFE004103FDF26E1003FCC70
:206D28002100201C213FE00400800C042080D426DC000815D8000C15E0BFF40410803FCC5C
:206D300005400244A8837836DC8008170029883A0027883A0021883A05800204B40039161F
:206D3800E7003FCC9809883A01400284E700201C00262600E73FE0041705883A14FFF404BD
:206D400094800044DC8006159700000384000044E0BFF40410803FCCA8BFF02EE5C03FCC9B
:206D4800BDC0201CBDFFE0048809883A0019D1808809883A154000170019D18011000017C4
:206D500000142AC0100D883AA80B883A9009883A002339401000BD268039883A002D883A7D
:206D5800D8000B150025883A00801944B880602600801144B8805E260009883AE0001A1E2D
:206D6000B000CD26D8000815D9000917203FAA26DC800617003FA60600800044D8800A15B4
:206D6800003FB70618C00044D8C006151F000003E0803FCC20BF642E1821883AD8000A1550
:206D7000003FB606E7003FCCA009883A01400284E700201C00262600E73FE0041705883A8D
:206D7800153FF404003FC606D8C00B1720EBC83A8000011EE021883A00800404E025883A2C
:206D80001700010E1025883A9809883A0028C1C0102F883A00800244182D883A1480150E45
:206D880090BFFDC4100490FA180B883A00C000F418EA3A041885883A1180001711C0011774
:206D9000B809883A00279580A009883A102F883A182D883A0028C1C0B809883AB00B883A08
:206D9800100D883A180F883A00264840102F883A182D883A008003C417009416A80019266E
:206DA00005439C0E00C005841D430F16A82A90FA008000F410AA3A041545883A1100001707
:206DA80011400117B80D883AB00F883A00279580D88008151839883A003FB306014000F469
:206DB000296A7004D9800204D90006040023138000C0014410C2161EDD800317DDC002178C
:206DB800B59FFC34DDC00815B039883A003FA606E001A926D8C0061718800044D880061533
:206DC000D8C0071518C0004700800AC41881E52600800B441881DC26182F883AD8000E1580
:206DC800B8BFF404010002442081AB3600800C04B880071ED8800617B809883A10800044BA
:206DD000D880061515C0000710800044B93FFC26B8BFF3C40100020420BF8736D8C00617E0
:206DD800B93FF404014002441AC00044DAC00615D8C00D1518C0004318BFF4041DC03FCCC5
:206DE000BDC0201C10803FCCBDFFE00428801136D8C00D171D400084014002840026260000
:206DE800DD400615A940000315C5883AA817883A28FFF4042DC03FCCBDC0201C18C03FCC97
:206DF00001400244113FF404BDFFE004AD40004428FFF12ED8C00D170080020458D7C83A2A
:206DF80012C2AB16009387C41100010E1009883AD8C00E17183F61260109C83A003F5F06C2
:206E00008080004700C0160410C2002600C01E0410C1FE26808000441021883AD8800615D8
:206E080010800044173FFFC3E0C03FCC18C0201C18FFE004193FF8261800212600C00044EB
:206E1000DC000815D8C00C15003F1B068809883A0019D1801100001700142AC0D8C00617B8
:206E18001885883AD880061515C000078001771E01000C04B903581E11000044B80B883A79
:206E2000D900061525C0000720ADC83A21000044B97FFB26B8BFF3C4010002042083002EDF
:206E280000801944B8813A260039883AD8000B1504800044003F2E06D8C00C1718017D262F
:206E3000D80008150039883A003F2F06E4A5C83A9565883A0482370E908003CC10000B26AC
:206E3800100490FA00C000F418EA3A041885883A1100001711400117B80D883AB00F883AB0
:206E400000279580102F883A182D883A053FFC049524703A9000382600804D041481EB16F2
:206E48009029D13A02C000445D03900E010000F4212A30042011883A0025883A880B883ABF
:206E5000D9000715DC000B159023883AB805883AB007883A0009883A4021883A2825883AC7
:206E5800A180004C300008268180001781C001171009883A180B883ADAC013150027958020
:206E6000DAC0131701000044A029D07A8C40004484000204A2FFF21E900B883A21003FCC22
:206E68008825883ADC000B172823883A2003C01E901490FAD880071701FF2C34B80D883A04
:206E700012A5883A9100001791400117B1CF883A00279580102F883A011F2834189FFC2C1E
:206E78002081BA36011F243420834A2E059FFC34B5BFFFC405FFFFC4D8000715D9400817D8
:206E8000DCC00015E00F883A800D883A8809883A001A1E40D8800B151001AC26A807D7FA9B
:206E88000545C83ADD400C151886703AD8C00E15A8015916D9400B170011883A0021883A54
:206E900029400304D94011154025883AD8800B178809883A114001170019FCC01027883A08
:206E980010015226D8C00B17D9401117110003041980041731800084318D883A318D883A55
:206EA000001328C0D9000204D9000015D9C00404B80B883AB00D883A8809883A001AD1C067
:206EA800D8800515DDC00815DD80121510029F26014000448809883A001A40001021883A1E
:206EB00010013A26D88004171000B816D9400E17D9000C1728A9883AD9400717DD400217C6
:206EB800073F00841147C83A1D47883A00800D8418FFFFC4156BC83A1F00950EE0F9C83A66
:206EC000008007C4AF2BC83A1700AC16008000441704983AD8000D15D8800F152547883A5D
:206EC800D9000717A56B883A20F9883AA009883AAD00010EA809883AE005883A2700010E8F
:206ED0002005883A0080030EA8ABC83AE0B9C83AA0A9C83AD9400E1728001126280D883A5B
:206ED8008809883A800B883A001A6C801021883A10010E26D9800517100B883A8809883A17
:206EE000001A43C010010926D94005178809883AD8801315001A0740D8801317D8800515D8
:206EE8000540060ED9400517A80D883A8809883A001A8080D880051510025C26D8800C1797
:206EF00010000626D9800C17980B883A8809883A001A6C801027883A1000F4260700060ECE
:206EF800980B883AE00D883A8809883A001A80801027883A1000ED260500060E800B883A77
:206F0000A00D883A8809883A001A80801021883A1000E626D9400517980D883A8809883A97
:206F0800001A9B001025883A1000E02615400317800B883A100003151009883A001A950039
:206F10001002671610029626800B883A9009883A001AE680000D883A01D000341009883A2D
:206F1800180B883A1039883A1829883A0027864000803B16A8005E26050FFC34D8000F153C
:206F2000D8001015DD000D15B71FFC2C009FF834E080F226D900071720000C260081A8346E
:206F280017000A36D9001017D9400D1701D0783439FFFFC401BFF034002786400080A70E37
:206F30000081AC34A091883A4729C83AB809883AB00B883A001ABAC0D9000F17A00B883A7B
:206F3800100D883A180F883A00279580B80D883AB00F883A1009883A180B883A00264840BF
:206F4000102F883A182D883A1829883AD90007172000021EA09FFC2CE080F126D9400517DC
:206F48008809883A001A0740980B883A8809883A001A0740800B883A8809883A001A07405B
:206F5000900B883A8809883A001A0740003F3F0600C00044D8000D15D8C00F15003F6F061E
:206F5800000D883A01CFF834E009883AA00B883A00279580D8801015D8C00D15A8001A1EE3
:206F60001A20003CD8800F154029883A003FBE06D8000B1504800044B000021ED8C00C17A6
:206F6800183D9D260039883A003E5206D8C00C17DD000E171889C83A003F470600BEF8843A
:206F70000700004410C5C83AE084983ADF000F15D8800D15003F5106D8C007170009883A15
:206F7800D8C00615003DE506DA000D17003FE506B800521E01000434213FFFC4B104703A13
:206F80001000501E000D883A01CFFC34E009883AA00B883A0027864010024216A00B883AC8
:206F8800000D883A01CFF834E009883A00279580D8801015D8C00D151029883A1A20003C8F
:206F9000DD000F154029883A003F8F068039883A002D883AD8000B15BD7FF4040080024485
:206F980015401236DD400E15B0800044A801701EDDC00617102D883AB8800044D8800615A9
:206FA000BDC00047003FF40600C00044D8C00E15D8C0071718800084D88006151DC000876C
:206FA800003E1F06D8000E15003FF90604800044003DAD06903D581E00801384B8800526B8
:206FB00015FD530E00801A44B8819A2600801B84B8BD511E014000F4D9000617296A6F0443
:206FB80001C0064400000B06210000442080000310FFEFC410803FCC1080201C18C03FCC89
:206FC00010BFE00438C00136108008042940004411BD411E29800007303FF31E2080004445
:206FC800D880061520C0004700800A0418BDE32605BFFE34002F883A003DEA0600800044CB
:206FD000B880FF26014FFC34D8000F15052FFC34D8001015D9400D15003F4B06D90010179C
:206FD800D9400D170024E2001000F1261009883A0028C1C0D8801015D8C00D15A800EA1EC4
:206FE000D8800D171220003CD8C010174029883AD8C00F15003F4A06D8000C15003EA50690
:206FE800D8C0081700BFFFC41880441E9011883AD880051700C0088488C00015D8000815E1
:206FF000071FFC34100B883A8809883ADA001315001A0740980B883A8809883A001A07407F
:206FF800800B883A8809883A001A0740D9400B178809883A001A0740DA0013178809883A32
:20700000400B883A001A0740003D5F06D8C00A17D8800504018000F431AA7504D8C00115CF
:20700800D8800015D9C00404D94006048809883A00228E80148001CC903E212600C00184F9
:2070100090C0C71E84000044DC000615D80008150039883AD8000A15003D4B0600BF2C34D8
:20701800B0AD883AB809883AB00B883A001ABAC0D9000F17100D883A180F883AA00B883A71
:2070200000279580B80D883A1009883AB00F883A180B883A00264840011F2834102F883A21
:20702800213FFFC4189FFC2C20807B2ED9401217009FFC3410BFFFC428BFB926059FFC34C0
:20703000B5BFFFC405FFFFC4003F14060080088488800015D8000815071FFC34003D2A0608
:20703800D9400D17D90010170028AC001009883A0028B400D9001017D9400D17100D883A54
:20704000180F883A00281C401011883A1839883AA800121EB800111E01400434297FFFC42A
:20704800A168703AA0000D1E01A5283401CFF434318D654439FFFFC41009883A180B883A8E
:2070500000278640103EF50E9011883AD8800517D8000815B039883A003F9A0601A528348A
:2070580001CFF8344009883A318D654439FFFFC4E00B883ADA00131500278640DA0013170F
:2070600010000716018D6C3431B94D4401CFF8344009883AE00B883A0027788000BEDF0EBC
:207068009011883AD8800517DDC00815B039883A003F8406903E102604A5C83A908003CC75
:2070700010000B26100490FA00C000F418EA3A041885883A1180001711C00117B809883ABA
:20707800B00B883A0026D300102F883A182D883A9025D13A903E0026008007C414801F16B2
:207080009080040C10018D2600C01A84D8C0071504817E0E050000F4A52A7A04B805883A24
:20708800B007883A0009883A9180004C30000626A1800017A1C001171009883A180B883A7A
:2070900000279580010000449025D07AA5000204903FF51E21003FCC2001891ED9000717E8
:2070980020016A1E000D883A000F883AB809883AB00B883A00277000103DE01E00800884A1
:2070A00088800015D80008150039883A003CBE06011387C4003D56060580D4341DAD883AB2
:2070A800B029883A003E9906E5C03FCCBDC0201CBDFFE004DC8008170029883A0027883AF8
:2070B0000021883A003C980600C009441F07C83A1D7D7E161721C83A800490FA044000F420
:2070B8008C6A3A048885883A1100001711400117B80D883AB00F883A00279580AC2BC83A07
:2070C000A80C90FA1009883A180B883A8985883A1180001711C0011700279580D8800815A0
:2070C8001839883A003C9806DA000D17003F1606014FFC34D8001015D9400D15003F0F0656
:2070D000B03F001E9011883A0080088488800015D8000815D88005170039883A003F190645
:2070D800D98005173000082601400D44D9000204D8801315001AF800D94005178809883A3A
:2070E000001A0740D880131700C001841C800F36902490BA00C000B418F0EA0490E5883AE8
:2070E80090C000171800683A0001C4240001C3FC0001C3E00001C3C40001C3EC0001C3FC22
:2070F0000001C424059FFC34002F883A1080020CDDC00815103CC426B7200034003C6A068D
:2070F800DDC00217DD800317003FF80605A00034B5BFFFC405FFFFC4003FF406D8C004174B
:20710000DD800317013FFC3418C10CC41806953A213FFFC4B12C703ADDC00217B0ECB03A0C
:20710800003FEA06002D883A002F883A003FE706D8C00B17B72D883A1887883AD8C00B15B3
:2071100000C0004410C1112605C0020404800404E7000044E0BFFFC4B88020169809883A9E
:2071180001400284002626001027883AE5BFF81EDDC00617E7000044008002041580100E73
:2071200000800404002D883A173E7B16A009883A0140028400262600A8A9883A003E7606A7
:20712800D9000617BDFFF404B5800044DDC00E15D9000815DD800B15202F883A0700004495
:207130009809883A0140028400262600D8C00E17002D883A18A7883A003E6706973FE31622
:20713800A009883A01400284002626001029883A003FDE0600BFFA84A8BCF416A82A90FA94
:20714000008000F410AA3A041545C83A1180001711C00117B809883AB00B883A0026D300DD
:20714800D88008151839883A003C17069011883A003EA006014000F4D9000617296A6C04D1
:2071500001C0064400000B06210000442080000310FFEFC410803FCC1080201C18C03FCCEF
:2071580010BFE00438C00136108008042940004411BBA91E29800007303FF31E018000F4B4
:20716000D900061531AA6D04200B883A0200064400000A062880000310FFEFC410803FCC7E
:207168001080201C18C03FCC10BFE00440C00136108008043180004411C0691E31C000078D
:2071700029400044383FF31ED9400615059FFC34002F883A003C4306002D883A003CAD066E
:207178009011883ADF001217A800461EB800451E0080043410BFFFC4B084703A1000411ECE
:20718000B49FFC2C0081AC3414803E2E408005171000031E4080041700C000441880390E48
:20718800400B883A018000448809883A001A8080800B883A1009883AD8801315001A950051
:20719000DA00131700802F0ED9000717200080260081AC3414807E160080DC3414BF3A0E2D
:20719800D9000817E00B883A000D883A01CE5434DA00131500279580D88008151839883A46
:2071A000DA0013171800211ED8C00817D8800517183E4C1E00C0088488C00015003E490653
:2071A800008004349011883ADF00121710BFFFC4A8002226B086703A18804126D8C00D1787
:2071B000180023261DA4703A90000E26DA001315D9800717B809883AB00B883AA8002826C0
:2071B800001B2800100D883A180F883AB809883AB00B883A00264840DA001317D880081585
:2071C0001839883AD8800717103FD51ED8800517003E2C060580D4341DAD883AD8000715F3
:2071C800003CB606008FF8340029883A022FF834D8001015D8800D15003DC106B084703A53
:2071D000103FDE1EB83FDD1EB49FFC2C003FBE06D8C00F171DE8703AA03FEA26003FDB0668
:2071D80021000044D9000615003F9806014000F4296A3004D94007150025883A003C8C067B
:2071E000001B2800100D883A180F883AB809883AB00B883A00281C40000D883A000F883A60
:2071E8001009883A180B883AD88008151839883A00277000DA001317103EE326003FD10637
:2071F000D8C0071718002026B09FFC2C00C1A83418801D361004D53A00C01AC41887C83A0A
:2071F80000BFFFC410C4983A15FFB41E00DFFC3418FFFFC4B0C03126B59FFC2C0080043485
:20720000D8000815B0B9883A003FBE06B49FFC2C9024D53A00801AC414A5C83A04BE910E93
:20720800008007C41480120E00800D04002F883A14801A0E0580DC34003E8A06D8000715D2
:2072100004BE7416003E870600BFFFC4003FE606073FFC349725883A017FFFC40700043424
:20721800E179883AD94008159738B03A003FA50600BFFFC414A4983A95EE703A003E79066B
:20722000102F883A182D883A003E7406E02D883ADDC00617E0F9883A003EF70694BFF804E0
:2072280000BFFFC414A4983A95AC703A003E6D06102F883A182D883A003C3D0600FFFFC455
:2072300010FFCD1E003DBA06008000F410AEC404280D883A200B883A11000017001B2E41B7
:20723800DEFFFB04DCC0031504C000F49CEEC404280D883A200B883A99000017DFC0041550
:20724000DC800215DC400115DC000015001B2E401009883A180B883A1025883A1823883A5B
:207248000028CC40000B883A1009883A1021883A002628801000111E000D883A000F883AAA
:207250009009883A880B883A0027700010000B269880001700C0088410C000158005883AEF
:20725800DFC00417DCC00317DC800217DC400117DC000017DEC00504F800283A015FE03495
:20726000297FFFC48009883A002630000080070E01DFFC3439FFFFC401BFFFC49009883A84
:20726800880B883A0027788000BFE90E017FE034297FFFC48009883A00263BC0103FE70E2D
:2072700001FFFC3439FFFFC401BFFFC49009883A880B883A00278640103FDD0E003FDF0655
:20727800008000F4DEFFF20410AEC704DD800A1515800017DF000C15D9000315DFC00D154C
:20728000DDC00B15DD400915DD000815DCC00715DC800615DC400515DC000415D940021572
:20728800D98000153839883A2809883A24000003244000442007883AB405883A108000434C
:207290008809883A1080020C103FF81E00800B448080552600800AC4808060260029883A7F
:20729800E000472600800404E0806626E027883A00A00034A025003A14A5C83A9009883A63
:2072A000980B883A002620809009883A980B883AD880011500261A40B407883A18C000435D
:2072A800102B883A0009883A1940010C0005883A0480004405FFFFC428000F26843FF4042A
:2072B0008700130E15C00626A900293625402626980B883A002626008089883A008000441C
:2072B8008C0000038C400044B407883A18C000431940010C283FF11E18C000CC18000426BD
:2072C0001C801D2600C015C480E1C83A873FED1600FFFFC410C02826A0001E1ED8C000179F
:2072C8001800432610001D1EDD8002172005883AD8C000171D800015DFC00D17DF000C1757
:2072D000DDC00B17DD800A17DD400917DD000817DCC00717DC800617DC400517DC000417C6
:2072D800DEC00E04F800283AD8C001171C3FD80E00BFFFC4003FDA0600C00DC4003FE20642
:2072E00000800C048080192607000284E027883A003FB7060109C83A003FE0062005883A55
:2072E8008DBFFFC4003FE2061C4000841C00004305000044003FAA06D900031700C008849A
:2072F000A005003A20C0001500E000341885C83AD8C00017183FF21E003FD7061C400084E5
:2072F8001C0000430029883A003F9D068880000300C01604108037CC10C0082607000204C7
:20730000003F9A0600800C0480BF981E8880000300C01604108037CC10FF941E04C0040404
:207308008C0000439839883A8C400084003F90062005883A003FC006008000F410AEC404F8
:20731000300F883A280D883A200B883A11000017001C9E01008000F4DEFFEF0410AEC704C8
:20731800DD800D1515800017DF000F15D9000515DFC01015DDC00E15DD400C15DD000B1575
:20732000DCC00A15DC800915DC400815DC000715D9400415D98002153839883A2809883A1F
:2073280022000003244000442007883AB205883A108000438809883A1080020C103FF81EED
:2073300000800B4440807E2600800AC440808126D8000115E0000B2600800404E0808926BF
:20733800E00BD7FAD9000117E025883AD940001520000B1E04200034843FFFC4053FFFC465
:207340000000090600800C044080762604800284D80000159039883AD9000117203FF52645
:207348000029883A04200034D9C00017A009883A800B883A900D883ADA0006150025AE80D3
:20735000D9C00017A009883A800B883A900D883AD880031500254EC0DA0006171829883AB9
:20735800882F883AB207883A198000431021883A000F883A30C0010C0009883A000B883AEC
:2073600004400044057FFFC418000D2644FFF4049F00110E3D400426A14002362D002A1EC5
:207368008100292E01FFFFC4BA000003BDC00044B207883A1980004330C0010C183FF31E30
:20737000318000CC3000042634402B2600C015C440E7C83A9F3FEF1600BFFFC438802C2630
:20737800D8800117100004260109C83A2004C03A0151C83A408BC83AD88002171000502609
:207380002005883A2807883A38002B1EDD800417D900021725800015DFC01017DF000F17A5
:20738800DDC00E17DD800D17DD400C17DD000B17DCC00A17DC800917DC400817DC000717F5
:20739000DEC01104F800283A24000D26D9C00017900D883A0024D140980BD7FA9885883AE2
:2073980014D1803A28C7883A1009883A40CB883A01C00044003FCC0600C00DC4003FD4061D
:2073A0002D3FF21ED880031714FFC616003FEF06D90001172000271E00E0003418FFFFC478
:2073A8003805883AD94005170100088429000015D9000217203FD826BDBFFFC4003FD4061F
:2073B000008000441C4000841A000043D8800115003F80061C4000841A000043D80001155E
:2073B800003F7C068880000300C01604108037CC10C00A2604800204D80000159039883A7A
:2073C000003F850600800C044080101E8880000300C01604108037CC10C00C1E0480040467
:2073C8008A000043D80000158C4000849039883A003F79060005883A00E00034003FD90659
:2073D0002005883A2807883A003FB306E025883AD8000015003F7006008000F4DEFFF2041D
:2073D80010AEC704DD800A1515800017DF000C15DD400915D9000315DFC00D15DDC00B153A
:2073E000DD000815DCC00715DC800615DC400515DC000415D9400015302B883A3839883ABB
:2073E8002809883A24000003244000442007883AB405883A108000438809883A1080020C9B
:2073F000103FF81E00800B448080582600800AC480805B26D8000215E0000D260080040472
:2073F800E0806626013FFFC4E00B883A00261A40E00B883A013FFFC41025883A00262080EC
:20740000D8800115E027883A902F883A0000080600800C0480804E260700028400C0014410
:2074080005C666B4D8C00115BDE66644E027883AB407883A18C000430005883A0009883A91
:207410001940010C04800044053FFFC428000F26843FF4048700130E15000626B90028360F
:2074180025C02526980B883A002626008089883A008000448C0000038C400044B407883AC8
:2074200018C000431940010C283FF11E18C000CC180004261C801C2600C015C480E1C83A95
:20742800873FED1610001A16D8C00217180001260109C83AA8000326DD0000171000191E33
:20743000AD0000152005883ADFC00D17DF000C17DDC00B17DD800A17DD400917DD00081758
:20743800DCC00717DC800617DC400517DC000417DEC00E04F800283AD8C001171C3FD90ED6
:2074400000BFFFC4003FDB0600C00DC4003FE306D8C0031700800884013FFFC41880001563
:20744800A83FE8268D3FFFC4003FE5061C4000841C00004300C00044D8C00215003FA60699
:207450001C4000841C000043D8000215003FA2068880000300C01604108037CC10C00D268C
:207458000700020400C001C405C80034D8C00115BDFFFFC4E027883A003FAD0600800C0409
:2074600080800D1E8880000300C01604108037CC10C0091E04C0040400C003C40484003463
:207468008C000043D8C001158C40008494BFFFC49839883A003F940600C003C405C4003431
:20747000D8C00115BDFFFFC4E027883A003F9806008000F410AEC404300F883A280D883A37
:20747800200B883A11000017001CF581008000F4DEFFEF0410AEC704DD800D151580001755
:20748000DF000F15D9000515DFC01015DDC00E15DD400C15DD000B15DCC00A15DC80091502
:20748800DC400815DC000715D9400215D98001153839883A2809883A220000032440004421
:207490002007883AB205883A108000438809883A1080020C103FF81E00800B444080772625
:2074980000800AC440807A26D8000415E000142600800404E0808826E025D7FA013FFFC4AC
:2074A000200B883AE00D883A900F883ADA00061500254EC0013FFFC4E00D883A900F883A94
:2074A800200B883A1021883A182F883A0025AE80D8800315DF000015DA00061700000C061B
:2074B00000800C04408066260080028400C00144042666B405C666B4D8800015D8C003158F
:2074B80084266644BDE666440025883A1039883AB205883A11800043882B883A000F883A8E
:2074C0003080010C0009883A000B883A04400044053FFFC410000D2644FFF4049F00110E8C
:2074C8003D000426B94002362DC0291E8100282E01FFFFC4AA000003AD400044B205883AE7
:2074D000118000433080010C103FF31E318000CC3000042634402A2600C015C440E7C83A4E
:2074D8009F3FEF1638002C16D8C00417180004260109C83A2004C03A0151C83A408BC83AF7
:2074E000D880011710000426DD0002173800291ED8C001171D0000152005883A2807883AB3
:2074E800DFC01017DF000F17DDC00E17DD800D17DD400C17DD000B17DCC00A17DC800917FE
:2074F000DC400817DC000717DEC01104F800283A24000D26D9800017900F883A0024D140DD
:2074F800980BD7FA9885883A14D1803A28C7883A1009883A40CB883A01C00044003FCD0612
:2075000000C00DC4003FD5062DFFF21ED8C003171CFFC716003FEF06D8C0051700800884E6
:20750800013FFFC418800015D8800117200B883A103FD926AD3FFFC4003FD506008000447B
:207510001C4000841A000043D8800415003F87061C4000841A000043D8000415003F8306EB
:207518008880000300C01604108037CC10C0102600C00204008001C4043FFFC405C80034C3
:20752000D8C00015D8800315BC2F883A0025883A1839883A003F960600800C044080101E2E
:207528008880000300C01604108037CC10C0141E00C00404008003C4043FFFC405C40034B7
:207530008A000043D8C00015D88003158C400084BC2F883A0025883A1839883A003F840691
:20753800008003C4D8800315043FFFC405C40034BC2F883ADF0000150025883A003F7C0630
:2075400000C003C4D8C00315003FF70600BFFFC4288037263080030B30C00C17DEFFFC0483
:2075480010BFF7CCDC800215DFC00315DC400115DC0000153080030D2C803FCC1800182677
:2075500030C0011730800D173021883A2823883A18800E0E80C000179005883A193FFFC4A2
:20755800810000151C7FFFC580C0011718C0004480C00115DFC00317DC800217DC400117F2
:20756000DC000017DEC00404F800283A300B883A0020B8C0103FEF2600BFFFC4003FF50663
:2075680030C0041730800017180003261880022E10FFFFC390C0102631C0011730800E15F5
:20757000008000C43100100430C0108430800D15008000443080011531C00F1531000C152B
:207578003140108530C000159005883A003FE10600BFFFC4F800283A30C0011710BFFFC4F5
:207580003080001518800044308001159005883A003FD806DEFFFE04DC0000152821883A35
:2075880029400C17DFC0011528000E268080100428800126001197C080800F1780000C1534
:20759000808001151000072680C00E170005883A80C00015DFC00117DC000017DEC00204B9
:20759800F800283A8080030B80C0041780000115108008148080030D80C0001500BFFFC4E7
:2075A000003FF406DEFFF704DD000415DCC003152029883A2827883A3809883A300B883AF4
:2075A800DDC00715DD400515DC400115DFC00815DD800615DC800215DC000015302F883AE8
:2075B000382B883A00262600DC40091710002726102D883A1025883A00000B06001328C0AF
:2075B800888000179C27883A9425C83A1421883A88000115880B883A8C000015A009883A5E
:2075C000001D614010001B1E8C0001179809883A89400017800D883A84BFF036900D883AA6
:2075C800001328C088C0011789000017A805883A1C87C83A24A5883A88C001158C8000158A
:2075D000DFC00817DDC00717DD800617DD400517DD000417DCC00317DC800217DC40011718
:2075D800DC000017DEC00904F800283A0005883A003FF306B80B883AB489C83A00261A4058
:2075E000003FEF062880030BDEFF9B04DD005F15DC405C15DFC06415DF006315DDC06215C4
:2075E800DD806115DD406015DCC05E15DC805D15DC005B1510C8000CD9C04F152829883A01
:2075F0002023883A1800061E2900191700F7FFC41088001420C6703A2880030D28C019151D
:2075F80030800003DAC041040039883A048000F4D8005215D8005015D8005115DAC04E15B7
:20760000D8804D15E027883A94AEC704A039883A3500004410001E2695800017B087883A4D
:2076080018C0004318C0020C18001B26E080011700800E0EE0C000179100001718800003FA
:207610002085883A108000431080020C10000B26E080011718C00044E0C0001510BFFFC466
:20761800E08001159CC0004400BFF216E00B883A8809883A001D6140103FEE26A00D883AE5
:207620003080000335000044D8804D15103FE21ED880511700009A0600C0094410C0891E31
:2076280031800043002F883AB809883A0021883A01C01E0400C01B04302F883AA5400044EB
:207630003DC0E436B80490BA014000B4297637041145883A108000171000683A0001DAFC06
:207638000001DC540001DC540001DC540001DC540001DC540001DC540001DC540001DC54AA
:207640000001DC540001DC540001DC540001DC540001DC540001DC540001DC540001DC54A2
:207648000001DC540001DC540001DC540001DC540001DC540001DC540001DC540001DC549A
:207650000001DC540001DC540001DC540001DC540001DC540001DC540001DC540001DC5492
:207658000001DC540001DC540001DC540001DC540001DAC00001DC540001DC540001DC5420
:207660000001DC540001DE980001DC540001DC540001DC540001DC540001DC540001DE048A
:207668000001DE040001DE040001DE040001DE040001DE040001DE040001DE040001DE04EA
:207670000001DE040001DC540001DC540001DC540001DC540001DC540001DC540001DC54C0
:207678000001DC540001DC540001DC540001DDD80001DC540001DC540001DC540001DC54E5
:207680000001DC540001DC540001DC540001DE5C0001DC540001DC540001DE340001DC5476
:207688000001DC540001DC540001DC540001DC540001DC540001DC540001DC540001DE703C
:207690000001DC540001DC540001DD4C0001DC540001DC540001DC540001DC540001DC5459
:207698000001DC540001DC540001DCD00001DCA80001DC540001DC540001DC540001DC943A
:2076A0000001DEAC0001DC540001DC540001DC3C0001DC540001DC100001DBE80001DBBC4A
:2076A8000001DC540001DC540001DBA80001DC540001DB300001DC540001DC540001DE70EE
:2076B000A829883AE08001170081E40EE0800017A0FFFFC31100000320FF6D1EE0C00117EE
:2076B80010800044E080001518BFFFC4E08001159CC00044A00D883A003F610600BFFFC422
:2076C000DFC06417DF006317DDC06217DD806117DD406017DD005F17DCC05E17DC805D1784
:2076C800DC405C17DC005B17DEC06504F800283AE0800117202F883A0081F20E008000B426
:2076D00010B3D60402C00284D8805215DAC05015050000C4E08000170000020610800044DB
:2076D800E08000151100000320C03FCCB0C7883A18C000431940020C2801EE26E0C001176E
:2076E0009CC0004418FFFFC4E0C0011500FFF316E00B883A8809883A001D614010016A1EFB
:2076E80095800017003FEB06E0800117202F883A0081C80E05000084003FE606E08001171A
:2076F000202F883A840088140080AD0E008000B410B3D60402C00404D8805215DAC05015B5
:2076F800050000C4003FDB06E0800117202F883A0080940E008000B410B3D60402C0020445
:20770000D8805215DAC05015050000C4003FD1068080040C1000E41E8080010C10019926CD
:20770800DAC04F17A829883A588000175AC00104DAC04F1514C0000D003F1006A5C00043E4
:20771000B8C18B26A829883A84000054A54000443DFF1C2EB80D883AB185883A10800043C3
:2077180000C00044202F883A108000CC10C17226E08001170081730E008000B410B278048B
:2077200002C00284D8805215DAC05015050000C4003FB006A140004384000114A829883A35
:207728002DC03FCC003F0506E0800117202F883A0081640E02C000B45AF27804DAC0521544
:2077300002C00284DAC05015050000C4003FA106E0800117202F883A00812C0EB800011E28
:2077380005C000448080004C1000791E8400040C80013F260021883A000008061887883A69
:20774000E00B883A8809883AE0C0001580A1883AB8AFC83A001D61401001331EE080011790
:20774800E0C0001715FFF51615C5C83A1DD5883A85E1883AE0800115E2800015A829883A13
:207750009C27883AA00D883A003ECD06202F883AA80B883AD9000104001B0E401029883A4C
:20775800E08001170081620EE100001720800003B80090268400040C80009126B821883A39
:20776000002B883A000001062080000310803FCCD8C001041885883A1080000710011026FD
:20776800E080011721000044AD40004410BFFFC4E0800115E1000015ADC0EB2600BFF216B0
:20777000E00B883A8809883A001D61401000E51EE1000017003FEC06E0800117202F883A76
:20777800840000540081170E00C000B418F2780402C00284D8C05215DAC05015050000C46A
:20778000003F540601400284D8C05A15D9C0591500262600A140004315C5883A113FF40427
:20778800A829883A2DC03FCCD8C05A17D9C05917003EA206E0800117202F883A84000054FD
:2077900000BF6C16E00B883A8809883A001D61401000BD1E95800017003F6606A1400043F4
:2077980084000094A829883A2DC03FCC003E9306E0800117202F883A8400801400BF53168E
:2077A000E00B883A8809883A001D61401000AE1E95800017003F4D06A140004384000414B1
:2077A800A829883A2DC03FCC003E8406E0800117202F883A0081190E008000B410B27804CB
:2077B000D8805215D8005015050000C4003F2106D8C04B048400040C01800204000B883ABF
:2077B8001809883ADC005415D8C0531500135300DC0054178000A026002D883A0021883AC4
:2077C0000019CF4014009026E0800017E0C00117DAC053171200000318FFFFC410800044C1
:2077C800D9004104E0C00115E080001585000044DAC000152421883A200D883AA00F883A79
:2077D000B00B883A8809883A820000050019DA8000FFFFC410C07C261000911EDAC05417D7
:2077D8005800951EB00000159D27883AB8EF883AB5800104E08001170021883A00807C162B
:2077E000E00B883A8809883A001D61401000782680006D1ED8C054171800031EDAC05117D4
:2077E8005AC00044DAC05115A829883AA00D883A003E33068400040C05FFFFC4803F6F1E03
:2077F000DAC04F17BABFFFC45D4000175C000104A807883AAAAF883A00000306E10000179B
:2077F800B007883A2080000310803FCCD94001042885883A1080000710007726E080011771
:2078000021400044E140001510BFFFC4E0800115208000031D800044188000051DC007265A
:20780800E080011700BFED16E00B883A8809883A001D6140103FE926AD804326B56BC83A52
:20781000A83E1326DAC05117B0000005DC004F155AC00044DAC051159D67883AA00D883AAF
:20781800003E0706D8C04B048400040C01800204000B883A1809883AD8C0531500135300ED
:207820008001EB1EDAC04F175D8000175AC00104DAC04F15000D883A3029883AE08000174C
:2078280090C00017108000031885883A108000431080020C1001CE1EB801CD260019CF40A5
:20783000A0802126E0800017E1000117DAC0531712000003213FFFC410800044E10001155A
:20783800D9404104E0800015A0C00044DAC000152D29883A180F883A280D883A8809883ABF
:20784000A2000005B00B883AD8C05A150019DA80013FFFC4D8C05A1711000B261001A22663
:20784800017FFF841829883A1141E51EE080011700BFDA16E00B883A8809883A001D6140E0
:20785000103FD626A001AA26DAC05117583E6B26E080030B1080100C103E681E5805883A26
:20785800003E6706A821883A802B883A003FBA06B83F631E003F8706DAC04F175D80001736
:207860005AC00104DAC04F15003F5C06E00B883A8809883A001D6140103ED026003FEA0619
:2078680000FFFF8410C0071EE0800117A021883A00BF5316003F72069D27883ABDFFFFC4AA
:20787000003F6C06DAC054179D27883ABDFFFFC4583F6726003F6706182D883A003F97068A
:20787800A83F9D1E003DAA06803ED41E003FD606DAC04F17DF000015B80F883A5940001769
:20788000018000448809883A001D6840DAC04F1758C00104103FCC26DAC05117A829883A18
:2078880098A7883A5AC00044DAC05115D8C04F15A00D883A003D9206E080011780E0B03A7F
:2078900000BE8D16E00B883A8809883A001D6140103FBD1E95800017003E8706E00B883AEB
:207898008809883A001D6140103E1826003FB606A140008384000094A50000842DC03FCC9B
:2078A000003D8E068080004C10000B1E8400008C80000926DAC04F179807D7FAA829883AB0
:2078A800588000175AC00104DAC04F1514C0001510C00115003D7106DAC04F17A829883A9E
:2078B000588000175AC00104DAC04F1514C00015003D6A06E00B883A8809883A001D614058
:2078B800103F991E9580001705000084003E1906E00B883A8809883A001D6140103E9A26CC
:2078C000003F9106E00B883A8809883A001D6140103F8D1E95800017003E0806E00B883AF5
:2078C8008809883A001D6140103F871E95800017003EE106014000C4A140AE1EB8FFFFC41E
:2078D0000140098428C0D82EB9BFF64405C009C4858360140021883AA815883A982B883A35
:2078D8008027883ADC005017DD0041040240134401C0800400FF7FC4023FDFC4217FF544E5
:2078E00029403FCC49408836280A90BA02C000B45AF8E8042ACB883A294000172800683A9C
:2078E8000001E5340001E5A80001E5340001E5A80001E5A80001E5640001E5440001E54404
:2078F0000001E5440001E5440001E5440001E5440001E5440001E58C0001E58C0001E5A834
:2078F8000001E5A80001E5A80001E5A80001E5A80001E5A80001E5A80001E5200001E52010
:207900000001E5200001E5200001E5200001E5200001E5A80001E5A80001E5A80001E5A817
:207908000001E5A80001E5A80001E5A80001E5A80001E5A80001E5A80001E5A80001E5A8EF
:207910000001E5A80001E5A80001E5A80001E5A80001E5A80001E4D80001E5A80001E5A8B8
:207918000001E5A80001E5A80001E5A80001E5A80001E5A80001E5A80001E5200001E520EF
:207920000001E5200001E5200001E5200001E5200001E5A80001E5A80001E5A80001E5A8F7
:207928000001E5A80001E5A80001E5A80001E5A80001E5A80001E5A80001E5A80001E5A8CF
:207930000001E5A80001E5A80001E5A80001E5A80001E5A80001E4D8B141800C29C0321EFD
:20793800B0EC703AB581401404000404A1000005A5000044E1000117213FFFC4E1000115B1
:207940000100580E10800044E0800015BDFFFFC4B8002526E080001711000003003F97068E
:20794800014002842C00200E017D1FC4B16C703A003FEE06B140200C28001B26B22C703A95
:20795000003FEA0602C000F48421883A5AEA84045C0B883A2C00000F017D1FC4B16C703A73
:20795800003FE206B142000C283FE0268000021EB580801404000204B141000C28009F261E
:20796000017E9FC4B16C703A003FD80602C000F48421883A5AEA84045C0B883A2C00000FF4
:20796800014002042C3FE016DC005015B080400C9821883AA827883A502B883A1000042617
:20797000DAC04E175D009C36DAC04E17A2FCB026B080040C10006026DAC04E17A2E9C83AF4
:20797800A429883A9D27883AA829883AA00D883A003CA306B800011E05FFFFC48100004C88
:20798000203E981E8400040C800029260021883A0000030610C00003B0C7883A18C000435D
:2079880018C0020C183DC51EE0C00117108000448400004418FFFFC4E0C00115E080001568
:2079900085FDBE2600FFF316E00B883A8809883A001D6140103DB91E95800017E0800017E4
:20799800003FEC06E00B883A8809883AD8C05A15D9805715D9C05915DA005615DA40551502
:2079A000DA805815001D6140D8C05A17D9805717D9C05917DA005617DA405517DA805817D3
:2079A800103F9A26003FC006000D883A003F2806DAC04F17BABFFFC45D0000175C0001045E
:2079B000A00B883AA2AD883A00000606E080001791000017B80B883A10C0000320C7883A0D
:2079B80018C0004318C0020C2809883A1800101EE0C0011711800044E180001518FFFFC498
:2079C000E0C001151080000325C000442880000525800626E080011700BFEC16E00B883AD1
:2079C8008809883A001D6140103FE826B809883ADAC051172529C83A9D27883A5AC0004478
:2079D000A829883A20000005DAC05115DC004F15A00D883A003C4A06D9C05017DAC05217A1
:2079D800000D883AD94041048809883AA0000005583EE83AB0C0080C1800271EB0C0010C54
:2079E00018003326DAC04F1758C000175AC00104DAC04F151880000DDAC051175AC00044C5
:2079E800DAC05115003F8C06B00000150009883AD8C05A150019C3C0D8C05A171000382604
:2079F00018000B261D3FFFC4DAC041045D2F883A00000106A53FFFC4B9400003E00D883A89
:2079F8008809883A001D50C0BDFFFFC4A03FF91E803DED1EB0000015003DE806013F1FC49F
:207A0000B12C703A3000022631BFFFC4BDC000449CC00044003F3706DAC04F1758C00017C8
:207A08005AC00104DAC04F1518800015003FDA06DD804D04003E1706A17FFFC7E00D883AD7
:207A10008809883AA53FFFC4001D50C0003F5E06B0C0004C183FF01EB580008CB03FEE26A7
:207A1800DAC05217008000B410B3D604D9C05017000D883AD94041048809883A58801226EA
:207A2000001CC540DAC04F17590000175AC00104DAC04F152080001520C00115003FBE06EA
:207A280098E7883ABDFFFFC48000031EB58001040029883A003E1D060029883A003E1B060D
:207A3000B1000017003FBA06001D1EC0003FED06DEFFB704DFC04815DDC04615D9402D155B
:207A3800D9003915302F883AD9C02E15DF004715DD804515DD404415DD004315DCC042157A
:207A4000DC804115DC404015DC003F150019D180108000171009883AD880341500142AC048
:207A4800D8C02D17D88038151880030B1080200C10000226188004171006B126DCC0391777
:207A5000D8C00404054000F4D9001E04AD6A8C84D8C01E15D8002015D8001F15D800331517
:207A5800D8003615D80037151811883AD8003A15D8003B15D8002F15D9002815B88000071C
:207A60001002772600C00944B823883A10C0021E0000140610C003268C400044888000078B
:207A6800103FFC1E8DE1C83A80000E26D8C02017D8801F1745C000151C07883A1080004441
:207A7000D8C0201544000115D8801F1500C001C41880991642000204D9402F172C0B883AD7
:207A7800D9402F158880000710009A268DC000448C4000470021883A00BFFFC40025883AC2
:207A8000DC002905D8002785D8002B05D8802A15D800311505001604058002444039883A76
:207A88009021883ABDC0004488BFF804A0831E36100490BA00C000B418FA920410C5883ADF
:207A9000108000171000683A0001F5F00001F6A80001F6A80001F5E40001F6A80001F6A841
:207A98000001F6A80001F6A80001F6A80001F6A80001ECB00001F4F40001F6A80001EBBC85
:207AA0000001ECD40001F6A80001ED600001ED240001ED240001ED240001ED240001ED24BE
:207AA8000001ED240001ED240001ED240001ED240001F6A80001F6A80001F6A80001F6A8FA
:207AB0000001F6A80001F6A80001F6A80001F6A80001F6A80001F6A80001EE240001ED6C8F
:207AB8000001F6A80001ED6C0001F6A80001F6A80001F6A80001F6A80001EE180001F6A893
:207AC0000001F6A80001EEEC0001F6A80001F6A80001F6A80001F6A80001F6A80001F368B5
:207AC8000001F6A80001F6A80001F3D40001F6A80001F6A80001F6A80001F6A80001F6A87D
:207AD0000001F6A80001F6A80001F6A80001F6A80001F6A80001F4900001F6100001ED6C95
:207AD8000001ED6C0001ED6C0001F6840001F6100001F6A80001F6A80001F6300001F6A854
:207AE0000001F6440001F4D40001EBC80001F50C0001F6A80001F5180001F6A80001F57C0E
:207AE8000001F6A80001F6A80001F59CD8C03117D8802E1500C7C83AD8C0311584000114F3
:207AF000BC400007003F970600800C04D880270500801E04D8802745D9002A17D8802E1766
:207AF800D8002785E011883A10C0010415000017002D883A808000942002B61600BFDFC463
:207B000080A4703AD8C02E1594800094A002A01E014000F429696C04D9403A1504401E04AF
:207B0800D8C02A170039883A1801E6260029883A002D883A00020506D9402D17D9801E04A5
:207B10009809883A002346401000081EDA000404003F6106D880201710000426D9402D1765
:207B1800D9003917D9801E0400234640D8802D1710C0030BD8802F1718C0100C1806251E93
:207B2000DFC04817DF004717DDC04617DD804517DD404417DD004317DCC04217DC804117FF
:207B2800DC404017DC003F17DEC04904F800283AD9002E17D9402E172100001728800104F2
:207B3000D9003115203FB916D8802E15BC400007003F5406BC40000701000A84B8C0004463
:207B3800890769268CBFF404B486B9360009883A1823883A014002840026260088C0000778
:207B40001489883A8DC000441CBFF404B823883AB4BFF82E1823883A20060416D9002A15D7
:207B4800003F41068CBFF404D80031150009883AB823883A014002840026260088C000076C
:207B50009089883ABDC000441CBFF404B823883AB4BFF82E1823883AD9003115003F3206DD
:207B580084002014BC400007003F2E068025883ADC002903E011883A84003FCC8007721E17
:207B60009080020C1004A526D9002E17D9402E17D8802E17210000172940011710800204A0
:207B6800D9003615D9403715D8802E15D9003617D9403717DA003E15040000440010AB40DC
:207B7000DA003E171404731ED9003617D9403717000D883A000F883A00278640DA003E17D4
:207B780010061B16DF002783008011C41445810E040000F48429640400C000C400BFDFC4ED
:207B8000D8C0291590A4703AD8C02B15D8002A15D800321500006C0684000214BC40000714
:207B8800003F00068025883ADC002903E011883A84003FCC80073F1E948004149080080CB3
:207B90001003BB26D9002E17208001172500001721000204D9002E15102D883A1003BD16A7
:207B9800D9002A17DF0027832003D01600FFDFC4A584B03A90E4703A10015026B00370267E
:207BA000DC402915DC001E04B023883A402D883AA009883A880B883A01800284000F883A11
:207BA8000025AE8010800C04843FFFC4A009883A880B883A8080000501800284000F883AA7
:207BB00000254EC01029883A10C4B03A1823883A103FEF1ED8C02817DC402917B011883ABA
:207BB8001C07C83AD8C02B15000031068025883ADC002903E011883A84003FCC80070A1E19
:207BC000948004149080080C1002F626D9002E17D9402A17D8002785208002042500001749
:207BC8002580011728043716013FDFC4A586B03AD8802E159124703A1802F71ED9402A17EC
:207BD0000039883A2806DF260029883A002D883ADC001E04A006D0FAB008977AB02CD0FAB0
:207BD800A50001CCA0800C04843FFFC420E8B03A80800005A586B03A183FF61E90C0004C52
:207BE00018013F2610803FCC1080201C10BFE00400C00C0410C13A2680FFFFC5D8C02817D2
:207BE80080BFFFC41021883A1887C83AD8C02B15D8802B17D9002A171100010E2005883A54
:207BF000D8802915D8003215E7003FCCE700201CE73FE004E0000326D8C0291718C00044A4
:207BF800D8C0291590C0008CD8C02C1518000326D8C0291718C00084D8C0291590C0210C1A
:207C0000D8C030151801C31ED9003117D8C0291720E9C83A0501BF0E02400404D8C020179D
:207C0800D8801F174D053D0E014000F4296A9084DC403C15D9403515A023883A482D883AC9
:207C10009029883A070001C48025883ADC002D17000003068C7FFC0442000204B440130E15
:207C1800010000F418C0040410800044212A90844100001545800115D8C02015D8801F15BA
:207C2000E0BFF40ED9801E04800B883A9809883A00234640103EF51E8C7FFC04D8C0201794
:207C2800D8801F17DA000404B47FED169021883AA025883A8829883ADC403C17D940351755
:207C3000A0C7883A108000444140001545000115D8C02015D8801F15010001C42082C116AE
:207C3800DF00278742000204E0000C26D8801F17D900278418C000441080004441000015ED
:207C40000100004441000115D8C02015D8801F15010001C420825A1642000204D8802C1774
:207C480010000C26D8801F17D900270418C0008410800044410000150100008441000115E6
:207C5000D8C02015D8801F15010001C42082541642000204D9003017008020042081B9265D
:207C5800D9402A17D8802B1728ADC83A05802F0E07000404D8801F17E583E20E014000F455
:207C6000296A8C84DC402A15D9402C15B023883A050001C4902D883A8025883ADC002D1747
:207C6800000003068C7FFC0442000204E440110E18C00404108000444540001547000115B2
:207C7000D8C02015D8801F15A0BFF60ED9801E04800B883A9809883A00234640103EA31E55
:207C78008C7FFC04D8C02017D8801F17DA000404E47FEF169021883AB025883A882D883AB9
:207C8000DC402A17D9002C171D87883A108000444100001545800115D8C02015D8801F15A7
:207C8800010001C420820E16420002049080400C10013A1ED9402B17D8801F174400001501
:207C90001947883A1080004441400115D8C02015D8801F15010001C42081F3164200020436
:207C98009480010C90003226D9403117D880291728A1C83A04002E0E04400404D8801F17E5
:207CA0008C04DB0E014000F4296A9084D9403515048001C4DD002D1700000306843FFC04D6
:207CA800420002048C00130E010000F418C0040410800044212A90844100001544400115CF
:207CB000D8C02015D8801F1590BFF40ED9801E04A00B883A9809883A00234640103E631E47
:207CB800843FFC04D8C02017D8801F17DA0004048C3FED16D94035171C07883A10800044BE
:207CC0004140001544000115D8C02015D8801F15010001C42080060ED9402D17D9801E0409
:207CC8009809883A00234640103E501ED8C02017D8803117D90029171100010E2005883A45
:207CD000D9402F17288B883AD9402F151801BE1EB8800007D8001F15DA000404103D891E4D
:207CD800B823883A003D9F068025883ADC002903E011883A84003FCC8005E61E94800414A7
:207CE0009080080C10022026D9002E17D9402A17D800278520C0020425000017258001172D
:207CE8002803AD16013FDFC4A584B03AD8C02E159124703A0039883A103EB01ED8802A17AE
:207CF0001002E71ED8002A15D8002B15DC001E04003EF7068025883ADC002903E011883AD3
:207CF80084003FCC8005C81E010000F421296704D9003A159080080C10007226D9402E1776
:207D00002D0000172D80011729400204D9402E159080004C1001AA26A584B03A10032526E1
:207D0800D8C02A1700800C04D8802705DC402745D8002785908000941804A31600BFDFC487
:207D100090A4703A948000940039883AD9003A17DC001E04A08003CCB006973A2085883ACD
:207D1800A028D13A10800003B02CD13A843FFFC41D28B03A80800005A584B03A103FF51ECF
:207D2000D8C028171C07C83AD8C02B15003EC806D8C02E17D9002E178025883A1880001752
:207D28002100010400C00044E011883AD8C02915D8002785D8801405D9002E15D8C02B159F
:207D3000D8002A15D8003215DC0014040039883A003EC4068025883ADC002903E011883AE4
:207D380084003FCC803E8726D8C02B03D8C02785003E840600C00044D8C0290500C00AC407
:207D4000D8C02B05BC400007003D460684000814BC400007003D4306D8802E178025883AA2
:207D4800D800278514000017E011883A1500010480042126D8C02A171803EE16180D883AF5
:207D5000000B883A8009883ADF003E1500131A80DA003E1710046A261405C83AD8802B1596
:207D58001003EA16DF002783D8802915DD002E15D8002A15D8003215003E93068025883A45
:207D6000DC002903E011883A84003FCC803F7C26D8C02B03D8C02785003F79068025883A29
:207D6800DC002903E011883A84003FCC8005741E010000F421296C04D9003A159080080C9F
:207D7000103F8E1E9080040C1002A726D8802E17002D883A1500001710800104D8802E1511
:207D7800003F8B0684000054BC400007003D0D06D8802B071002A41E00C00044D8C02905C8
:207D800000C00804D8C02B05BC400007003D05068025883ADC002903E011883A84003FCC53
:207D8800803E0626D8C02B03D8C02785003E0306BC40000700801B0488830A268400041427
:207D9000003CF8068025883ADC002903E011883A84003FCC8005471E9080080C10028C2616
:207D9800D9002E17D9402F17208000172807D7FA21000104D9002E151140001510C0011509
:207DA000003CBE0684001014BC400007003CE506010000F421296C040039883AD9003A151F
:207DA80004401E04003F69068025883ADC002903E011883A84003FCC8005261E883D6526DD
:207DB00000C00044D8C02915DC401405D8002785003F7A06010000F421296C04D9003A158A
:207DB800D8C02E151025883A04401E04A584B03A1000FA1E0039883A0080008410803FCC9E
:207DC00000C0004410C2162600C0008410FE0E1E003D4606D8C02017003E73060080194427
:207DC80014407C0ED9003617D9403717000D883A000F883AD8C03D15DA003E1500277000E2
:207DD000D8C03D17DA003E171000F51ED8801F17010000F42129730418C000441080004421
:207DD800410000150100004441000115D8C02015D8801F15010001C4208266164200020414
:207DE000D8802617D9403317114002169080004C103EB326D8803817D9003417D94038176C
:207DE8001887883AD8801F17410000154140011510800044D8C02015D8801F15010001C4AC
:207DF0002082AF1642000204D8803317143FFFC4043EA30E04400404D8801F178C00860E1F
:207DF800014000F4296A8C84D9402C15058001C4DD002D170000030642000204843FFC04BA
:207E00008C00800E18C00404108000444540001544400115D8C02015D8801F15B0BFF60E94
:207E0800D9801E04A00B883A9809883A00234640103D0E1ED8C02017D8801F17DA000404AE
:207E1000003FEE06D9403117D880291728ADC83A05BE430E07000404D8801F17E583A20E86
:207E1800014000F4296A8C84DC403015D9402C15B023883A050001C4902D883A8025883A72
:207E2000DC002D17000003068C7FFC0442000204E440110E18C00404108000444540001535
:207E280047000115D8C02015D8801F15A0BFF60ED9801E04800B883A9809883A002346404D
:207E3000103CEA1E8C7FFC04D8C02017D8801F17DA000404E47FEF169021883AB025883A22
:207E3800882D883ADC403017D9002C171D87883A108000444100001545800115D8C02015FC
:207E4000D8801F15010001C420819A1642000204003E1306D94033170080004418C000449D
:207E48001141710EDC401F1700800044408001158C40004444000015D8C02015DC401F15D7
:207E5000008001C41441741642000204D8803817D90034178C40004410C7883A408001155C
:207E580041000015D8C02015DC401F15008001C41441721645800204D9003617D94037171D
:207E6000000D883A000F883AD8C03D1500277000D8C03D171000B326D940331784000044E1
:207E68008C40004428BFFFC41887883AB0800115B4000015D8C02015DC401F15008001C46E
:207E70001440D216B5800204D9003B17DF0022C48C40004420C7883AB7000015B10001153F
:207E7800D8C02015DC401F15008001C414400E16B2000204003E1A06010000F4212A8C84AA
:207E8000D9002C15D9002C171C07883A440001154100001510800044D8C02015D8801F15EA
:207E8800010001C420BE0D0ED9402D17D9801E049809883A00234640103C8C1ED8C0201772
:207E9000DA000404003E0606D9402D17D9801E049809883A00234640103E3D26003C83064C
:207E9800D9402D17D9801E049809883A00234640103C7E1ED8C02017DA000404003DEB061F
:207EA000D9402D17D9801E049809883A00234640103C761ED8C02017DA000404003D9F066B
:207EA800D9402D17D9801E049809883A00234640103C6E1ED8C02017DA000404003DA50665
:207EB000D9402A17D8002785283F081600FFDFC4A584B03A90E4703A103C51260039883ABE
:207EB800003E5A069080040C10013D26D8C02E17D9002A17D8002785188001041D0000172C
:207EC000002D883A20013F1600FFDFC4D8802E1590E4703AA03D09260039883A003D0C068C
:207EC800DC4026170441830EDC403217D88033171440010E1023883A04400A0ED8801F1722
:207ED0001C47883A440000151080004444400115D8C02015D8801F15010001C4208275165A
:207ED8004200020488027B16D90032172463C83A0440990E05800404D8801F17B441530E20
:207EE000010000F4212A8C84D9002C15070001C4DD002D1700000306420002048C7FFC04CF
:207EE800B4414D0E18C00404108000444540001545800115D8C02015D8801F15E0BFF60E05
:207EF000D9801E04A00B883A9809883A00234640103C261ED8C02017D8801F17DA000404AF
:207EF800003FEE06D9402D17D9801E049809883A00234640103C1D1ED8C02017DF00278770
:207F0000DA000404003D38069080040C10005C26D8C02E17D9002A17D8002785188001043A
:207F08001D000017002D883A20005E1600FFDFC4D8802E1590E4703A0039883AA03DDF266A
:207F100000800244153C8E36A5000C04DC001DC4DD001DC5D8C028171C07C83AD8C02B1571
:207F1800003CD306D8803317143FFFC4043F560E07000404E403530E014000F4296A8C84A6
:207F2000D9402C1501C001C4DD002D1700000306843FFC04B5800204E400130E18C0040454
:207F28008C400044B5400015B7000115D8C02015DC401F153C7FF60ED9801E04A00B883A8E
:207F30009809883AD9C03D1500234640D9C03D17103BE61E843FFC04D8C02017DC401F171A
:207F3800DD800404E43FED16D8802C171C07883A8C400044B0800015B4000115D8C0201532
:207F4000DC401F15008001C4147F2E0ED9402D17D9801E049809883A00234640103BD31E9D
:207F4800D8C02017DC401F17DD800404003F26069080040C1000C326D9402E172D0000176D
:207F500029400104D9402E15A02DD7FAB005883A103C430ED9402A170529C83A07000B44B5
:207F5800A004C03A05ADC83ADF002785B0ADC83A28022E1600BFDFC490A4703A003C3F069E
:207F60009080100CD800278510012526D9402E17D8C02A17002D883A288001042D00000BEA
:207F6800183FA20ED8802E150039883AA584B03A103C321E00800044003E5006D9402D17F8
:207F7000D9801E049809883A00234640103BA71ED8C02017DA000404D9003217D8802617F2
:207F7800D94033178123883A114002169100004C20000D26D9003817D94034171907883A19
:207F8000D9001F1741400015D940381721000044D8C0201541400115D9001F15014001C4F8
:207F88002901DC1642000204D90033178121883A2085C83A8461C83A1400010E1021883A4A
:207F900004000A0ED9001F171C07883A444000152100004444000115D8C02015D9001F158F
:207F9800014001C42901E616420002048001F6161421C83A043CFA0E04400404D8801F176F
:207FA0008C3EDD0E014000F4296A8C84D9402C15058001C4DD002D1700000306420002041E
:207FA800843FFC048C3ED70E18C00404108000444540001544400115D8C02015D8801F1506
:207FB000B0BFF60ED9801E04A00B883A9809883A00234640103B651ED8C02017D8801F171F
:207FB800DA000404003FEE069088703A203E8D1EDC401F1740800115440000158C40004438
:207FC000D8C02015DC401F15008001C4147F7F1645800204003EAC06D9402D17D9801E0484
:207FC8009809883A00234640103B501ED8C02017DC401F17DA000404003E8406D9402D17AC
:207FD000D9801E049809883A00234640103B471ED8C02017DC401F17DD800404003E86060A
:207FD8000029883AA5000C04DC001DC4DD001DC5003F3806D9402D17D9801E049809883AB5
:207FE00000234640103B391ED8C02017DA000404003C7306D9003617D9403717DA003E1516
:207FE8000010AB40DA003E171000BD1E008011C414411E0E040000F48429660400C000C4FB
:207FF00000BFDFC4D8C0291590A4703ADF002783D8C02B15D8002A15D8003215003BFA0689
:207FF8009080100CD800278510009426D9402E17D8C02A17002D883A288001042D00000BE4
:20800000183EC10EA586B03AD8802E15183EC21E0039883A0005883A003DB806D8C02E17BB
:20800800D9002E17D9402E1718C000172100011729400204D8C03615D9003715D9402E15E1
:20801000003B5A069080100C10010726D8802E171500000F10800104D8802E15A02DD7FABC
:20801800B005883A003B7D069080100C10010526D8C02E17002D883A1D00000B18C00104DA
:20802000D8C02E15003CE206BC400007003A65069080040C10010126D8C02E17D9002F1745
:208028001880001718C00104D8C02E1511000015003A3206D9002A17D8002785203D8D169B
:2080300000BFDFC490A4703A003AD506014000F4296A8C84D9402C15D9402C171C47883A28
:20803800108000444140001544400115D8C02015D8801F15010001C420BF30164200020498
:20804000003F3506010000F4212A8C84D9002C15003C3C06D9402D17D9801E049809883A83
:2080480000234640103AD11ED8C02017DA000404003D9306D8801F17014000F401000044A7
:2080500018C0004410800044296973044100011541400015D8C02015D8801F15010001C40B
:208058002080B516420002048800041ED88033171000021E9080004C103C3926D9003817AA
:20806000D8801F17D940341720C7883A108000444100011541400015D8C02015D8801F154B
:20806800010001C420818016420002040463C83A0440CB0E05800404B440E80E014000F481
:20807000296A8C84D9402C15070001C4DD002D1700000306420002048C7FFC04B440E20EC6
:2080780018C00404108000444540001545800115D8C02015D8801F15E0BFF60ED9801E0448
:20808000A00B883A9809883A00234640103A971ED8C02017D8801F17DA000404003FEE06F6
:20808800D9002E17D9402A17002D883A2080010425000017283E7D0E003EDA06D9002E1763
:20809000D9402A17002D883A2080010425000017283E2D0E003F6B06D8C02E150039883A7F
:20809800003ED206BC40004384000814BDC000448C403FCC8C40201C8C7FE0040039E9061C
:2080A000D9402D17D9801E049809883A00234640103A761ED8C02017DA000404003D4A06C0
:2080A800D9002A1705BFF7C400BFFFC48DAC703A20806A26008011C4B0813726D900371780
:2080B00090C04014D8C02C1520015D16DD003717D8002905008019848881402600801184CD
:2080B8008881712600801144B0816226D8C02A17D8802104D8800315D9403617D8802504CD
:2080C000D8800215D8802604D8C00015D880011501C00084A00D883A9809883AD8C03D1593
:2080C800DA003E1500184B401021883A008019C4D8C03D17DA003E178880E726008011C4F3
:2080D0008880D42680F9883AD9003617000D883A000F883AA00B883ADA003E15002770005C
:2080D800DA003E171000E426D88021171700062E01000C0410C00044D8C02115110000055B
:2080E000D8802117173FFB361405C83AD8803315008011C4B080C526008019441441D80E26
:2080E800D8C0261700801984D8C0321588813426D8C03217D9003317190125169480004C8B
:2080F0009001841E1805883A1801CB16D8C03217044019C4D8C02B15DF002907E000A61ED7
:2080F800DF002783D8802915DC802C17D8002A15003AF506040000F484296304003A7E0694
:20810000D900391704001004800B883A001299C0D9002D1720800015208004151001D026D4
:20810800D8802D171400051500394406040000F484296504003EE106D9402D17D9801E04FF
:208110009809883A00234640103A081EDC402617D8C02017DA000404003F4306014001847B
:20811800D9402A15003F9506D8C02E171D00001718C00104D8C02E15A02DD7FAB005883A37
:20812000003A7606D9002E17002D883A2500001721000104D9002E15003BDD069480100CB0
:2081280090006E26D9402E17D8C02F172880001729400104D9402E1510C0000D00392F0603
:20813000D9402D17D9801E049809883A002346401039E61ED8C02017D8801F17DA000404BF
:20813800D9403317108000444400001528C7883A003B55068009883ADF003E1500142AC0D5
:20814000D8802B15DA003E17103C160E0005883A003C140600BFFFC40039D906010000F43C
:20814800212A9084D9003515003AE406013FFFC40039FA06D9402D17D9801E049809883AFA
:20815000002346401039C91ED8C02017DA000404003D84060023883A003D8306010000F41E
:20815800212A8C84D9002C15D9002C171C47883A108000444100001544400115D8C02015C0
:20816000D8801F15010001C420BFCD1642000204003FD306D9402D17D9801E049809883A50
:20816800002346401039B11ED8802617D8C02017DA000404003E1C06D8802A1700C00184B2
:208170001880012E1805883AD8802B151000F316040000F4D8802915DD002E15D8002A15D3
:20817800D8003215842971040039883A003A7D06010000F4212A9084D9003515003B3D06F9
:20818000D9402D17D9801E049809883A002346401039961ED8802617D9403317D8C0201737
:20818800DA0004042885C83A003E10060080004410803FCC00C0004410FA102600C000840B
:2081900010FB8226003A42060021883A003E080607000B44DF0027850039E306D9002E174A
:20819800D9402F172080001721000104D9002E15114000150038C10600C00B44D8C02785B7
:2081A000D8802915DC802C17D8002A1507000B44003A51069080004C1000941ED8802117DE
:2081A8001405C83AD8803315B441151EDD80261700BFFF44B0801A16D9402A172D801816A3
:2081B000DD803215003F3A061025883A0039883A00800084003FD6069080004C103F191E99
:2081B800D8802117003F2806010000F4212A8C84D9002C15003C7C06E005883A003F220674
:2081C000D9002A17DF002783DD002E15D9002915D9002B15D8002A15D8003215003A2A060C
:2081C8008C7FFF84B5BFFFC4DD802615DC4022C5B000C31600800AC4D8802305008002441A
:2081D00015806E1600800C04B5800C04D8802345DD802385D88023C4DF0022C4D8C03317F6
:2081D8001739C83AD9003317E0C7883ADF003B15D8C02B15008000441100B70ED8C02B172E
:2081E00018C00044D8C02B151805883A1800B016D8003215003F1006D8802A17103EC71E8E
:2081E800DC002A15003EC506D9402D17D9801E049809883A0023464010392C1EDC40261783
:2081F000D8C02017D8801F17DA000404003E7706182F883AD8002A1500389306D8C02A17AB
:2081F800D8802104D8800315D9403617D8802504D8800215D8802604D8C000159809883A92
:20820000D880011501C000C4A00D883ADA003E1500184B40D9002A17DA003E171021883AF0
:208208001139883A2007883A8100000700800C0420806F26D8C02617E0F9883A003EC2069E
:2082100000C00B442520003CD8C02905003EA106D8C0321700C0890E00800044D9003317F4
:208218001105883AD8802B1510005F16044019C4003ED906D9002A1720C00044003E9C06F5
:20822000D9002A1700C0680E2000461E9480004C9000441E1805883A1800A116D8C0321789
:20822800D8C02B15003ECC06D9402A17D8802104D8800315D9400015D8802504D9403617F2
:20823000D8800215D8802604D880011501C000C4A00D883A9809883ADA003E1500184B40A8
:20823800D8C02A17DA003E171021883A0080118480F9883A88BFCC26003E9306DF0022C406
:20824000DC002A159829883AE021883A4027883AB009883A014002840026130010800C0479
:20824800843FFFC4B009883A014002848080000500260AC0102D883A0080024415BFF416B6
:208250009811883AB0800C04A027883A8029883AA17FFFC4A0BFFFC5DC002A172F00782E77
:20825800D9C023843D0FC83AD9002344E1CF883A000001062880000320800005210000440A
:208260002940004421FFFB1ED88023041505C83AD8C023441885883A003F70060005883AA3
:20826800003F0B06D9002A17D8C03217208000441885883AD8802B15103E870E0005883A26
:20827000003E8506010000F4212A8C84D9002C15003CC506D8C0321718C00044D8C02B15DF
:208278001805883A183FA10E0005883A003F9F06D9003617000D883A000F883AA00B883A23
:20828000D8C03D15DA003E1500277000D8C03D17DA003E17103F87260080004410C7C83A7C
:20828800D8C02615003F840620000E1E9480004C90000C1E00800044D8802B15003E6606CE
:2082900000800B4405ADC83AD8802305003F3B060005883A003F4E0690A4703A903F4A26D4
:20829800003F4606D8C02A1718C00084D8C02B151805883A183E580E003FD006008000847A
:2082A00010C5C83A003F7506D9402E17D9002E17BC4000432940001720800104D8802E15B2
:2082A800D9402A15182F883A283DF10E8C403FCC017FFFC48C40201CD9402A158C7FE00488
:2082B0000037D8069080004C0039883A10000726D8C02817DC001DC400800C041C07C83ABC
:2082B800D8801DC5D8C02B1500393106D8002B15DC001E0400392E060005883A003E330663
:2082C000DD802617003F0706D8C02B03D8C02785003A3506D8C02B03D8C02785003A1706D8
:2082C8000005883A003F5D06D8C02B03D8C027850038F306D8C02B03D8C027850038BE06EC
:2082D000D8802344003F0506D8C02B03D8C0278500388B06D8C02B03D8C02785003AD70691
:2082D800D9403917008003042880001500BFFFC400384306D8C02B03D8C02785003AB606D6
:2082E000D8C02B03D8C02785003A8906DEFFFA04DC0000152821883A29400C17DFC005158F
:2082E800DD000415DCC00315DC800215DC400115808010042880172684400D178C67883A91
:2082F000980D883A00137F801025883A100022261469883A880D883A100B883AA009883AC8
:2082F800001328C00005883A8500001584800C1584C00D15DFC00517DD000417DCC0031716
:20830000DC800217DC400117DC000017DEC00604F800283A04410004880B883A001299C0B6
:208308001007883A10000C268080108380C00C1584400D151880FFC5814010431900FF4494
:208310000005883A1940FF85814010031940FF4581000015003FE70600BFFFC4003FE506CA
:2083180000BFFFC428806126DEFFFB04DCC00315DC400115DC000015DFC00415DC800215B6
:208320002023883A3021883A2827883A2000022620800E1710002E2680C0030B1888000CA9
:208328001000051E8100191700B7FFC418C800142084703A8080191500BFF7C41884703AA7
:208330008080030D1900010C2000061E1900040C20001D2618C0020C1800331E1080011433
:208338008080030D80800C179C803FCC10001A2680C0011780800D1718800F0E80C00017F3
:208340009005883A193FFFC4810000151CFFFFC580C0011718C0004480C00115DFC00417B2
:20834800DCC00317DC800217DC400117DC000017DEC00504F800283A800B883A8809883A22
:208350000020B8C0103FED2600BFFFC4003FF30600115FC0003FD00680C0041780800017A2
:20835800180003261880022E10FFFFC390C018268140011780800E15008000C481001004C8
:2083600080C0108480800D15008000448080011581400F1581000C1584C0108580C0001578
:208368009005883A003FDD06800B883A8809883A00112100103FE41E8080030B00FFFDC48B
:20837000800002151884703A80000615003FC30680C0011710BFFFC4808000151880004492
:20837800808001159005883A003FCC0600BFFFC4F800283A008000F410AEC404280D883A9A
:20838000200B883A110000170020C60128801917DEFFF604DD400515DFC00915DF00081542
:20838800DDC00715DD800615DD000415DCC00315DC800215DC400115DC0000151088000CC0
:20839000302B883A10002E263080021735800017100029262827883A2029883AB5C00104C2
:2083980004BFFFC4BC400017B40000170039883A8822D0BA8800031E0000180684000104E2
:2083A0008F00152681400017980D883AA009883A00227440E700004414BFF81E9005883A08
:2083A800A8000215A8000115DFC00917DF000817DDC00717DD800617DD400517DD00041715
:2083B000DCC00317DC800217DC400117DC000017DEC00A04F800283AA88002178C63883A63
:2083B8008C63883A1445C83AA8800215B5800204BDC00204103FDB1E0005883A003FE80660
:2083C00000121680003FE60630C00217180001260020E0C1300001150005883AF800283A5A
:2083C800DEFFCA04DD403115DFC03515DF003415DDC03315DD803215DD003015DCC02F15EB
:2083D000DC802E15DC402D15DC002C15D9002115D9402015D9C02215302B883A20000226E1
:2083D80020800E171000CF26D8C020171880030B10C8000C1800071ED940201700F7FFC41B
:2083E00010880014290019172880030D20C6703A28C0191510C0020C1800A526D900201749
:2083E80020C004171800A2261080068C00C0028410C0A826D9001A04D94019C4048000F42F
:2083F0002145C83A94AA9484D9001E15D9401F15DEC01A15D8001C15D8001B15D811883ACD
:2083F800D8002615D8002415D8802815A82D883AB080000710040D2600C00944B029883AEF
:2084000010C0021E0000160610C00326A5000044A0800007103FFC1EA5A1C83A80001026E0
:20840800D8C01C17D8801B174580001580C7883A1080004444000115D8C01C15D8801B159D
:20841000010001C42080750E1803951ED8C02417D8001B15D811883A1C07883AD8C0241559
:20841800A08000071002E026A5800044A0C00047D8001D850027883AD8002305043FFFC48C
:20842000D80025150023883A0500160405400244402F883AB580004418BFF804A08277364F
:20842800100490BA010000B421042E041105883A108000171000683A0002177C00021A7C6C
:2084300000021A7C0002179800021A7C00021A7C00021A7C00021A7C00021A7C00021A7C53
:20843800000219A0000219C400021A7C000212BC000219D800021A7C000217A4000217B011
:20844000000217B0000217B0000217B0000217B0000217B0000217B0000217B0000217B0D4
:2084480000021A7C00021A7C00021A7C00021A7C00021A7C00021A7C00021A7C00021A7C54
:2084500000021A7C00021A7C000217F000021A7C00021A7C00021A7C00021A7C00021A7CDB
:2084580000021A7C00021A7C00021A7C00021A7C00021A7C0002182C00021A7C00021A7C96
:2084600000021A7C00021A7C00021A7C0002188800021A7C00021A7C000218FC00021A7CB4
:2084680000021A7C00021A7C00021A7C00021A7C00021A7C00021A7C00021A7C00021A7C34
:2084700000021A7C000216A4000216D400021A7C00021A7C00021A7C00021A24000216D4B8
:2084780000021A7C00021A7C0002157C00021A7C00021590000215C8000212C800021570A0
:2084800000021A7C0002193C00021A7C0002198800021A7C00021A7C0002164C42000204D6
:20848800D8C024171C07883AD8C02415003F8C06D9402017D900211700180E401003C11EC1
:20849000D940201700C002842880030B1080068C10FF581ED8C020171880038F103F551626
:20849800D9C02217D9002117A80D883A180B883A00224480DFC03517DF003417DDC03317A3
:2084A000DD803217DD403117DD003017DCC02F17DC802E17DC402D17DC002C17DEC03604B3
:2084A800F800283A00115FC0003F2F06D8C02517D880221500C7C83AD8C025158C400114D7
:2084B000B0C00007003F730600800C04D9402217D8801D0500801E04D8801D45D8001D854B
:2084B800B811883A28C001042CC000170029883A888000948003251600BFDFC488A2703AAE
:2084C000D8C022158C40009498032A1E008000F410A96C04D8802615002B883A8001741E5A
:2084C8000021883A0029883ADDC01A048027883A8500010EA027883AAD403FCCAD40201C64
:2084D000AD7FE004A80001269CC0004489C0008C380001269CC0008488C0210C1801DD1E70
:2084D800D94025172CEBC83A0541DA0E07000404D8801C17E543BE0E014000F4296A988476
:2084E000DC002715D9801B17A821883AD9402315028001C4D9C02915182B883A00000506CF
:2084E8003100008442000204180D883A843FFC04E4000F0E010000F41080040430C000440B
:2084F000212A98844100001547000115D8801C15D8C01B1550FFF20E1001B21E843FFC040E
:2084F800000D883A01000044D811883AE43FF116A807883AD9C02917802B883ADC002717AA
:20850000D9402317A885883A4540011541400015D8801C15D9001B15014001C429026216AD
:20850800D9801D8742000204214000443001AE1E3801BB26D9001D041080008441000015EE
:208510000100008441000115D8801C15D9401B15010001C42142680E1002B11E0180200478
:20851800014000440009883AD811883A1981AE1ED8C025171CF9C83A0701AB0E05400404E9
:20852000AF03A90E014000F4296A9484D940231501C001C4000005062180008442000204A3
:208528001809883AE73FFC04AF000D0E1080040420C000444480001545400115D8801C15A7
:20853000D8C01B1538FFF40E10022B1EE73FFC04018000440009883AD811883AAF3FF31677
:20853800D8C023171705883A4700011540C00015D8801C15D9801B1500C001C41982941625
:208540008521C83A42000204314000443009883A04018716A085883A45C00015450001157D
:20854800D8801C15D9401B1500C001C41941C20E1002531ED8001B158C40010C880232264C
:20855000D900251724E3C83A04432916D880251714C0010E9805883AD8C024171887883A5D
:20855800D8C02415D8001B15D811883A003EA0068C400814B0C00007003EC606B0C00007BB
:2085600000801B04188320268C400414003EC1069CC03FCCB811883A9803981E8880080C33
:208568001002BE26D9002217D9402417208000172807D7FA21000104D90022151140001544
:2085700010C00115003E8A069CC03FCCB811883A9803871E8880080C10009A26D900221707
:20857800D8001D852080020424C00017250001178002A416013FDFC49D06B03AD880221550
:208580008922703A18009B26002B883ADDC01A049806D0FAA008977AA028D0FA9CC001CC29
:2085880098800C04BDFFFFC420E6B03AB88000059D06B03A183FF61E88C0004C18021F1E1C
:20859000D9401E172DE9C83A003F38069CC03FCCB811883A98034F1E008000F410A96C0451
:20859800D88026158880080C1000AC26D900221724C000172500011721000204D9002215B1
:2085A0008880004C1001E7269D04B03A10025C1ED8001D858002441600BFDFC488A2703AA6
:2085A800003F1D06D8C0221704C00044B811883A1880001718C00104D8001D85D88010057A
:2085B000D8C022159829883ADDC010040021883A003F1E069CC03FCCB811883A9803331E84
:2085B8008880080C10004826D90022172080011724C0001721000204D90022151029883A12
:2085C00010024C16DD401D838000711600FFDFC49D04B03A88E2703A1000D126A00235261E
:2085C800DDC01A044039883A9809883AA00B883A01800284000F883A0025AE8010800C0402
:2085D000BDFFFFC49809883AA00B883AB880000501800284000F883A00254EC01027883AFB
:2085D80010C4B03A1829883A103FEF1ED9001E17E011883A25E9C83A003EEC06D8802307E3
:2085E0001002361E00C00804D8C0230504C00044B0C00007003E3F068C400054B0C00007F0
:2085E800003E3C068C402014B0C00007003E3906DC002715D80025151F3FF4040009883AB4
:2085F000B021883A014002840026260080C00007E089883AB58000441F3FF404B021883AF1
:2085F800AF3FF82ED9002515DC002717003E2A069CC03FCCB811883A9802E91E8C4004143D
:208600008880080C103FB81E8880040C10022E26D94022172CC0001729400104D940221588
:208608009829D7FAA005883A003FB5069CC03FCCB811883A9802FA1E8C4004148880080CBB
:20861000103F661E8880040C10020626D9402217D8001D850029883A288001042CC00017BA
:208618008002081600FFDFC4D880221588E2703A983F651E002B883A8002CF260027883AB6
:208620000029883A003F61069CC03FCCB811883A9802E01E8C4004148880080C1000641E8D
:208628008880040C1001C81E8880100CD8001D851002281ED90022170029883A208001048B
:2086300024C000178001C60ED8802215002B883A9D04B03A103F911E0080004410803FCC76
:2086380000C0004410C05F2600C0008410FFE31E0027883A0029883A000151069CC03FCCE2
:20864000B811883A9802C01E014000F429696704D94026158880080C103F541E8880040C9C
:208648001001F226D94022170029883A2CC0001729400104D9402215003F5106D8C0221784
:20865000B811883AD8001D851DC000171F000104B802592680023316800D883A000B883ACD
:20865800B809883ADA002A1500131A80DA002A171002682615E9C83ADD401D83DF0022152B
:208660000021883A003E69069CC03FCCB811883A983FC126D8C02303D8C01D85003FBE06BF
:20866800D9002217D94022172100001728800104D9002515203E3D16D8802215B0C00007DF
:20867000003DB40600C00AC4D8C0230504C00044B0C00007003DAF06B0C0000701000A842E
:20867800B400004419025E261F3FF4040009883AAF025236014002840026260080C0000797
:208680001709883A858000441F3FF404B021883AAF3FF82E2021883A203D9F0E043FFFC49F
:20868800003D9D068C401014B0C00007003D9906D9002217D8001D8520C0020424C0001742
:20869000250001178001E716013FDFC49D04B03AD8C022158922703A002B883A103F2F1EF4
:20869800803E2F260027883A9CC00C04DCC019C5DD002817DDC019C4003E2C069CC03FCC73
:2086A000B811883A9802571E1800572604C00044D8C01005D8001D859829883ADDC0100428
:2086A800003F0A06D9402017D9002117D9801A04DA802A150020E0C0DA802A171000501E19
:2086B000D9801B17D8801C17D811883A31000044003E3606D9001B17D8801C1721400044BF
:2086B800D9801D87303E522601800044D9001D841185883A4100001541800115D8801C1572
:2086C000D9401B15010001C42140B00E1000F61E3800B31E0009883A300B883AD811883ACC
:2086C8000180200419BE52268521C83A043E790E05400404AC01B00E014000F4296A948495
:2086D000D9402315070001C40000050621400084420002041809883A843FFC04AC000D0EC8
:2086D8001080040420C000444480001545400115D8801C15D8C01B15E0FFF40E1000101EE2
:2086E000843FFC04014000440009883AD811883AAC3FF316D8C023171405883A44000115C1
:2086E80040C00015D8801C15D9401B1500C001C4194019164200020429400044003E5506F0
:2086F000D9402017D9002117D9801A040020E0C010000B1ED9001B17D8801C17D811883A58
:2086F80021400044003FDC06D8801C1710000426D9402017D9002117D9801A040020E0C03F
:20870000D94020172880030B1080100C10014D1ED8802417003D97061000D21E00C00044BA
:20870800A005883ADDC00015DD000115DD001C15D8C01B15D811883A420002048C40010CA3
:2087100088004026D900251724E3C83A04403D0E040004048441A90E00C000F418EA988454
:20871800D9001B17D8C02315050001C4DD402117DDC020170000050621400084420002043B
:208720001809883A8C7FFC0484400F0E014000F41080040420C00044296A98844140001534
:2087280044000115D8801C15D8C01B15A0FFF20E1000141E8C7FFC04014000440009883A4A
:20873000D811883A847FF116D8C023171445883A4440011540C00015D8801C15D9401B1506
:2087380000C001C41940170E1000101ED880251714C11616D90024172089883AD9002415BA
:20874000003E1806D9801A04B80B883AA809883A0020E0C0103FBA1ED9001B17D8801C17D1
:20874800D811883A21400044003FD606D9402017D9002117D9801A040020E0C0103FB01EF1
:20875000D8801C17D8C025171CC0010E9807883AD900241720C9883AD9002415103E012618
:20875800D9402017D9002117D9801A040020E0C0103DFC26003FA206D9402017D9002117B2
:20876000D9801A04D9C02B150020E0C0D9C02B17103F9B1ED9001B17D8801C17D811883AC5
:2087680021800044003DBF061000D81ED9001D8720000A2600800044D9001D84100B883A1C
:20877000D9000015D8800115D811883A2809883A4200020429400044003D95063800FD26C7
:2087780000800084D9001D04D9000015D880011501400044D811883A2809883A420002041C
:2087800029400044003F4606D880251714C0010E9805883AD9402417288B883AD9402415B0
:20878800003DD006D8001D8580005D1600FFDFC49D04B03A88E2703A103D3726002B883A79
:20879000D9002617DDC01A04988003CCA006973A2085883A9826D13A10800003A028D13A04
:20879800BDFFFFC41CE6B03AB88000059D04B03A103FF51ED8801E1715E9C83A003D2B0631
:2087A000D9402017D9002117D9801A040020E0C0103F5B1ED8801C17D811883A003F670677
:2087A800D9402017D9002117D9801A040020E0C0103F531ED811883A003CD90610803FCCF8
:2087B0001080201C10BFE00400C00C0410FFE926B8FFFFC5D8C01E17B8BFFFC4102F883AB9
:2087B80018A9C83A003D1106D9402017D9002117D9801A04D8C02A15D9C02B150020E0C042
:2087C000D8C02A17D9C02B17103F3D1ED9001B17D8801C17D811883A21400044003D4406CE
:2087C800D9402017D9002117D9801A04D8C02A150020E0C0D8C02A17103F311ED9001B17A0
:2087D000D8801C17D811883A21400044003EF4061000BD1E014000440009883AD811883A90
:2087D800003EF106D9402017D9002117D9801A040020E0C0103F221ED9401B17D8801C174F
:2087E000D811883A29400044003D6206014000F429696C04D9402615D8C022151023883A2D
:2087E8009D04B03A103FA51E002B883A00800084003E4A06014000F429696C04002B883A31
:2087F000D9402615003F9E06D9402217D8001D850029883A288001042CC00017803E3A16BD
:2087F80000FFDFC4D880221588E2703A002B883A983E9B260080024414FDC936003E9A06E4
:2088000000800C04D8C01D45D8801D05D8001D8588C0009480009C1600BFDFC488A2703A96
:208808008C400094002B883A003F8506B029883A003C0B0604E7C83A05400B449804C03A3A
:208810000529C83ADD401D85A0A9C83A8000971600BFDFC488A2703A003DB006B0C0000741
:20881800003C0C068880100CD8001D851000461ED90022170029883A2080010424C0001743
:20882000803DF80E9D06B03AD8802215183D5E1E002B883A0005883A003E10068880040C68
:208828001000321E8C40100C88008D26D9402217D8C024172880001729400104D94022150B
:2088300010C0000D003BCA068880100C10003A26D880221714C0000F10800104D880221514
:208838009829D7FAA005883A003D85068880100C10002B26D88022170029883A14C0000B7F
:2088400010800104D8802215003D5D06D9402017D9002117D9801A04D8C02A15D9C02B15CC
:208848000020E0C0D8C02A17D9C02B17103EB41ED9001B17D8801C17D811883A2140004496
:20885000003E670600BFFFC4003C4A069805883A003EE806D8C022170029883A188001046B
:208858001CC0000B803F9E0E003DD706D8C02217D90024171880001718C00104D8C0221554
:2088600011000015003B9A06D8C022170029883A188001041CC0000B803DB20E003FB9063C
:20886800D90022170029883A24C0001721000104D9002215003D3206D8C022171CC0001789
:2088700018C00104D8C022159829D7FAA005883A003D4B060009883A01400044D811883ABA
:20887800003E4F06D8C02215002B883A003DB806D811883A003E9606010000F4212A9484B9
:20888000D9002315003E6306B0C000438C400814B580004418C03FCC18C0201C18FFE0041A
:20888800003B9C06B809883ADA002A1500142AC01029883ADD401D83DF0022150021883AA8
:20889000DA002A17003C3906D9402017D9002117D9801A040020E0C0103E691ED9001B17BA
:20889800D8801C17D811883A21400044003E2E06010000F4212A9884D9002315D9001B17FB
:2088A00021000044003C5E06002B883A0080008410803FCC0100004411002B2601000084FB
:2088A80011002B1E1823883A003EE5068807883A00800044003FF606008001841400012E98
:2088B0001021883A8029883A8027883A8000221605C000F4DF002215BDE97104003CFB0602
:2088B800D9002217D94024172080001721000104D900221511400015003B3D06014000F434
:2088C000296A9884D9402315D9401B1729400044003E6D068029883ADD401D83DF002215B1
:2088C8000021883A003C010600C000F418EA9484D8C02315280D883A003C6906802D883ABB
:2088D0000021883A003B54061823883A003CF3061823883A003CAD060027883A003FDC06E8
:2088D800D94022178005883AB0C000432C00001729000104D9002215102D883A803FA50E42
:2088E00018C03FCC18C0201C043FFFC418FFE004003B4006D9402303D9401D85003CAE0615
:2088E800D8C02303D8C01D85003D1406D8C02303D8C01D85003CCA068880004C002B883ADC
:2088F0001000052600800C04D88019C5DD002817DDC019C4003BD5060029883ADDC01A0415
:2088F800003BD206D9002303D9001D85003DA606D8C02303D8C01D85003C7606D8C023037C
:20890000D8C01D85003C6506D9002303D9001D85003D3D06D8C02303D8C01D85003D1D0624
:20890800D8C02303D8C01D85003D0306008000F410AEC404300F883A280D883A200B883A32
:20891000110000170020F2012880030B2AC019172A80038B2A4007172A000917DEFEE20470
:2089180000C10004DC011A1510BFFF4C2821883AD8CB883ADC811C15DC411B15DFC11D1537
:208920002025883AD881030DDAC11915DA81038DDA410715DA010915DEC10015DEC1041577
:20892800D8C10215D8C10515D80106150020F2001023883A10000416D94100049009883A2E
:208930000011210010000D1ED881030B1080100C100003268080030B108010148080030D9C
:208938008805883ADFC11D17DC811C17DC411B17DC011A17DEC11E04F800283A047FFFC4AE
:20894000003FF106DEFFFE042805883ADC000015300B883A2021883A1009883ADFC0011592
:2089480000262600100B883A8009883A001299C01000292611BFFF171021883A00BFFF0436
:20895000308C703A00C00904308D883A19801636008004C411800B2E800000158000011533
:20895800008006C411801A2E800002158000031530C0151E8000041580800604800005154D
:20896000000001068005883A1000001510000115100002158005883ADFC00117DC00001746
:20896800DEC00204F800283A000B883A8009883A001353008005883ADFC00117DC00001782
:20897000DEC00204F800283A80800404003FEE0680800204003FEC060005883A003FEE067D
:20897800DEFFF804DCC00415DC800315DC000115DFC00715DD400615DD000515DC400215CE
:208980002027883A2825883A3021883A0019CF4000C0004410C03E2681C01704900D883A91
:20898800D80B883A9809883A0024B2C01029883A00BFFFC4A0802026D9400003A0001C2650
:208990000023883A0540028400000906808000171140000580C0001718C0004480C00015D3
:208998008C400044DC45883A8D00112E1140000380C0021718FFFFC480C00215183FF30ECA
:2089A000808006171880191680800017114000058080001710C00003108000441D40232602
:2089A800808000158C400044DC45883A8D3FEF369005883A0000040680C0030BA005883AA0
:2089B00018C0101480C0030DDFC00717DD400617DD000517DCC00417DC800317DC40021709
:2089B800DC000117DEC00804F800283A800D883A29403FCC9809883A00249D4010BFFFE0D2
:2089C00010803FCC103FD62600BFFFC4003FEE0690FFFFC401003F8420FFBF36900B883A75
:2089C800DC8000051029883A003FC506800D883AA80B883A9809883A00249D4010BFFFE053
:2089D000003FEF063080030B10C8000C1800051E30C01917108800143080030D1888001436
:2089D8003080191500225E01008000F4DEFFFC0410AEC404DC00011514000017DC400215F9
:2089E000DFC003152023883A8000022680800E17100010262880030B10C8000C1800051ED3
:2089E80028C01917108800142880030D1888001428801915280D883A8009883A880B883AD2
:2089F000DFC00317DC400217DC000117DEC0040400225E018009883AD940001500115FC0B5
:2089F800D9400017003FEB062807D17A20800417220005041880250E1085883A18C7883ADC
:208A00001085883A18C7883A294007CC4085883A40C7883A280020261980001702C00804E6
:208A080019C001045957C83A314CD83A38802C2E4015883A3A4000175280010439C00104A0
:208A10004AD2983A498CB03A51BFFF1539BFFF17314CD83A38BFF73610C7C83A18FFFEC402
:208A18001806D0BA18C0004418C7883A18C7883A40C7883A198000153000012618C001048D
:208A20001A05C83A1005D0BA000012062000041520000515F800283A18BFFC2E180D883AA9
:208A2800400B883A31C00017294001043180010429FFFF1530BFFB3600C6303A1885883A0A
:208A30001004D0BA108000441085883A1085883A1005D0BA20800415103FED26F800283AF2
:208A38004007883A003FE306DEFFEA04D9C00415DFC01515DD001015DCC00F152829883AD2
:208A4000DC800E15D9000215D9800115DF001415DDC01315DD801215DD401115DC400D1566
:208A4800DC000C150019D180148000179009883A00142AC0A1C000171027883A9085883A5B
:208A500010BFFFC338C00083D880030500800C0418815A1E013FFF84388000C421C9C83ACE
:208A5800180B883A20B9883A102F883A1080004410FFFFC3197FFB26058000F4B5AA9C8427
:208A6000B0C7883A1880000310008726B8800003D80000150021883AB085883A10800003D0
:208A6800B823883A100005268C40004488800003B085883A10800003103FFB1E980D883AA2
:208A7000900B883A8809883A002339401000031E80015C2688800003000002068880000348
:208A7800800129268C21C83A8421883A8421883A0421C83A10803FCC0100140411008826F7
:208A800001001C0411008626882B883AD8C00017A44000151800711EADC5C83A10BFFFC42E
:208A880000C001C4000B883A1880030E1005D07A2940004418BFFD16D90002170019FCC016
:208A900010C00504D8C000151029883ABD417C2EDC400303030000441813883A0039883A4C
:208A98000007883A64D9C83A02800804A8BFFFC3AB7FFFC488803026E2804526E00B883A3A
:208AA000E7000104A93FFFC3682B883AB109883A20800003108003CC1144983A1886B03A9E
:208AA800BD7FF236D90000174880010448C000151105C83A1005D0BA1809883AA08004159D
:208AB0001022917A001A2E80D8C001178885C83A1C8000179080D0161480ED160027883AB9
:208AB800D8C001171880021714009416D8C00117188001178080B30E1421C83A8480F61617
:208AC00018C003170100008419015226010000C4190137260100004419015126D900021789
:208AC800A00B883A001A0740D8801617100000150080140400002B066B1D883A75FFCE368B
:208AD0007009883A980D883A900B883AD8C00715DA400615DA800B15DB000A15DB400815F2
:208AD800DB80091500233940D8C00717DA400617DA800B17DB000A17DB400817DB8009174F
:208AE000103FBD1E702B883ABD7FB836003FC5060700010448C00015000B883A4F13883AA1
:208AE8000007883A003FB706980D883A900B883AB809883A0023394010006C26B8800003E9
:208AF000B823883A10803FCC010014041100112601001C0411000F26A4400015E0008C1EE3
:208AF80000800184DFC01517DF001417DDC01317DD801217DD401117DD001017DCC00F172C
:208B0000DC800E17DC400D17DC000C17DEC01604F800283A00C000440021883AD8C00015EF
:208B08008880004301400AC411003FCC2140762601400B44214048268AC00044D8000515FB
:208B100010803FCCB085883A110000030540060420BFFFC410803FCCA8BF6B3658800043F0
:208B1800014000F4296A9C842885883A1280000321003FCC213FFC0450BFFFC410803FCC58
:208B20005AC0004451803FCCA88010365AC0004401400284D9800715DAC0061500262600F2
:208B2800DAC00617D98007175A8000031185883A113FFC04B295883A514000032ABFFFC431
:208B300052803FCC29803FCCAABFF02ED8C00517180001260109C83A882B883A8121883A35
:208B38005823883A003F4906A0800217A880F20EA807883A188001441085883A18C0004430
:208B40001085883AA085883AA0C004150100004411000015008000848880DA26A8C0AE0EC3
:208B480001400044A009883A00227E80D8C0011784000044188002171400A90ED900021717
:208B5000A00B883A001A0740D9001617008028C420000015003FA30600C00044D8C00515F2
:208B5800888000838AC00084003FB506BCE3883A8900000321403FCCB145883A1080000306
:208B600011803FCC3000502601000C04882F883A2900061E2809883ABDC00044B8800003ED
:208B6800113FFD26B085883A1080000310803FCC1007003AD8C000158821883A07000044A1
:208B7000003EF7060440004498000926D8C001171880031700C0008410C0682600C000C4D3
:208B780010C06A2600C0004410C08D268C400414D9001617D8C004178805883A25000015D0
:208B80001C000015003F7706D8000515003FD4060005883A003F730614A3C83A880B883A50
:208B8800A009883A001AFF8010002926897FFFC42807D17AD8800017290007CC18C7883A19
:208B900018C7883A04C0004410C7883A9908983A18C0001720C6703A1800062699407B0EEB
:208B9800897FFF84A009883A001AFF801000772604C000C4880B883AA009883A00227E8019
:208BA0008461883A003F16060021883A003ED906D900021790A3C83AA00B883A880D883AC8
:208BA800001A808010C005041029883A8461C83AD8C000150027883A003F09063DC0008473
:208BB0000039883A003EAC062005883A003F3D060027883A003FE706847FFFC49800421E7E
:208BB80088000426880B883AA009883A001AFF801027883A8805D17AD8C000178C4007CC73
:208BC0001085883A1085883A1885883A00C000441C62983A108000178884703A10000126A0
:208BC8009CC00094800B883AA009883A00227E80D8C001179425C83A044000841C0001175E
:208BD000003FA1068CE1883A808000038023883A10C03FCCB0C7883A18C00003183EA026FD
:208BD8008C4000448880000311003FCCB109883A21000003203FFA1E003E9906D90017174B
:208BE000008000441109C83AD9001715D8801717103F9626A5400417D9800017013FFFC48C
:208BE800AD67883A9CE7883A3005883A34CB883A000003061000001510800104117F4A2ECF
:208BF00010C00017193FFB2618C0004410C000150080008488802B26948007CC90002F1EE3
:208BF80004400844003F820604C00044003FC106D8C01717183EC926D8C00417D900161734
:208C000018800015D8C0001700800044A0800415188000152500001500801884003EF106C3
:208C08009880008C103F7126D8C00017188000179884B03A1080004C103FD61E003F6B068F
:208C1000DA4000170007883A003E960604C00084003F8806D9001717203FE726003EAF06F5
:208C1800943EAE1E1CBFE40E917FFFC4A009883A001AFF80103EA926D8C00117188001177D
:208C2000003FDD06D8C001171880001710BFFFC490801C2604400884003F550634C5883AAA
:208C2800113FFF17001A2E8000C008041CA5C83A14BFCB0E003F1A06A1400117D900021779
:208C3000294000440019FCC0A1800417A14003041100030431800084318D883A318D883A31
:208C3800102D883A001328C0D9000217A00B883AB029883A001A0740B0C00417B180050402
:208C4000003EFC069005D17A944007CC1085883A1085883A3087883A008000441462983A1A
:208C4800188000178884703A1022C03A008008841463C83A003F2E06DEFFF904DC80021536
:208C50002C800017DFC00615DD400515901FD17ADD000415DCC003157BDF883A7BDF883A74
:208C5800DC400115DC000015948007CC33DF883A900001267BC00104220000177AFFFF0472
:208C6000038000F4783FFF15581B883A580B883A000F883A003F883A0019883A73AA9C846E
:208C6800044002040400080404C001C44200004440C0000318001D2670C5883A108000039B
:208C700012403FCC4800301E80C04236FB3FF70E2B40112E99C0101689E9C83AA529883ACD
:208C78002A800017A529883A852BC83A28C001042805883A19C000171080010418C001049B
:208C80003D52983A4A92B03A3D14D83A127FFF151ABFFF15137FF7363140283642000044A4
:208C880040C0000301C00204183FE31E60002B262B40022E008001C411C0430E3140312E27
:208C90003007883A290000171880010429400104190000151007883A597FFA2E1000001554
:208C98001080010458BFFD2E78BFFF171000041E32C02D265AFFFF0458800017103FFC2665
:208CA000008001440000160639C000446300004489C0040E317FC52E283FFF1501C0004471
:208CA800297FFF0428C00017108003CC1806913A1884B03A28800015003FBC062B7FFF04C9
:208CB000283FFF15603F883A680B883A000F883A003FB60600800A4418801726008001049F
:208CB800DFC00617DD400517DD000417DCC00317DC800217DC400117DC000017DEC00704B4
:208CC000F800283A903FD82600C008041CA5C83A00FFFFC478BFFF171C86D83A1884703AD5
:208CC80078BFFF15003FD106008000445880001500800144003FEA064200004422000015C9
:208CD000603FBB1E003FE5060240020449D3C83A4A53883A2A0000174A53883A02800804EF
:208CD8005255C83A28C001042805883A19C000171080010418C001043A88983A2208B03AED
:208CE0003A50D83A113FFF151A3FFF15137FF736003FAA06300031262144B03A108000CC27
:208CE80010001E1E024000C449801C2E2080001728C0001710C0191E31BFFF0430002726DA
:208CF00002FFBFF45AFFBFC40086303A02A0207412C5883A52A0200410C4703A1284703A41
:208CF80010000B2600001D0620C0001729C000171AD1883A00C4303A4084703A1284703A78
:208D000019C0061E31BFFF04300014261000131E210001042940010449BFF3362880000744
:208D080020C0000731BFFFC410C0081E30000B2610000A2621000044294000442080000761
:208D100028C0000731BFFFC410FFF8262080000328C0000310C5C83AF800283A0005883AEE
:208D1800F800283A30800217DEFFF604DC800215DFC00915DF000815DDC00715DD800615E4
:208D2000DD400515DD000415DCC00315DC400115DC0000153025883A100058262027883A81
:208D280035C0001729000017288002172823883A0039883A0021883A80003926102B883A57
:208D3000102D883A80803A3688C0030B1881200C10002626888005178940041781800044F0
:208D3800108F883A3885883A100ED7FA216DC83A3589883A3885883A102BD07AA80D883AC1
:208D4000A900022E202B883A200D883A18C1000C18002A26300B883A9809883A001299C026
:208D48001029883A10002C2689400417B00D883A1009883A001328C08880030B00FEDFC4BE
:208D500010C4703A108020148880030DA589883AADADC83A8D4005158D8002158D000415AC
:208D580089000015802B883A802D883AB00D883AE00B883A00133D40888002178900001704
:208D600090C002171545C83A2589883A88800215890000151C21C83A94000215800017265A
:208D6800BF000017BC000117BDC00204003FC206802B883A802D883A003FEC069809883A47
:208D700000137F801029883A103FE01E894004179809883A001197C088C0030B00800304FD
:208D78009880001518C0101488C0030D00BFFFC490000215900001150000020690000115DD
:208D80000005883ADFC00917DF000817DDC00717DD800617DD400517DD000417DCC0031733
:208D8800DC800217DC400117DC000017DEC00A04F800283A2880030BDEFFC804DCC03115E8
:208D9000DFC03715DF003615DDC03515DD803415DD403315DD003215DC803015DC402F1597
:208D9800DC002E15D9402315D90027151080200CD9C024153027883A100002262880041794
:208DA00010046D26D8801A04D8C019C4058000F410C9C83AB5AADC84D8801E15D8C01F15B7
:208DA800DEC01A15D8001C15D8001B15D811883AD8002915D8002615D9002C1598800007C0
:208DB0001003142600C009449825883A10C0021E0000140610C00326948000449080000758
:208DB800103FFC1E94E1C83A80000E26D8C01C17D8801B1744C000151C07883A10800044E0
:208DC000D8C01C1544000115D8801B1500C001C418835C1642000204D94026172C0B883ABF
:208DC800D9402615908000071002FC260023883A00BFFFC40021883A94C0004490C0004773
:208DD000DC402105D8001D85002B883AD8802015D80025150480160405000244402F883A21
:208DD8008023883A9CC0004418BFF8049081FB36100490BA010000B4210DE2041105883A62
:208DE000108000171000683A0002398800023F5C00023F5C0002397C00023F5C00023F5C2C
:208DE80000023F5C00023F5C00023F5C00023F5C000238EC00023AE800023F5C00023914C1
:208DF00000023F9800023F5C00023F8C00023F2000023F2000023F2000023F2000023F203B
:208DF80000023F2000023F2000023F2000023F2000023F5C00023F5C00023F5C00023F5C63
:208E000000023F5C00023F5C00023F5C00023F5C00023F5C00023F5C00023EA400023F5C23
:208E080000023F5C00023F5C00023F5C00023F5C00023F5C00023F5C00023F5C00023F5C62
:208E100000023F5C0002405400023F5C00023F5C00023F5C00023F5C00023F5C00023FE0DD
:208E180000023F5C00023F5C00023CE000023F5C00023F5C00023F5C00023F5C00023F5CD1
:208E200000023F5C00023F5C00023F5C00023F5C00023F5C00023BAC00023D9000023F5CCC
:208E280000023F5C00023F5C00023D8400023D9000023F5C00023F5C00023D7000023F5CD8
:208E300000023D3000023AFC0002392000023E9800023F5C00023E4400023F5C00023A60EE
:208E380000023F5C00023F5C000239ACD9002417D94024172100001728800104D900251599
:208E400020032B0ED8C02517D880241500C7C83AD8C025158C40011498C00007003F9106A0
:208E480000800C04D9402417D9002017D8801D0500801E04D8801D45D8001D85B811883A3B
:208E500028C001042C8000170029883A888000942003631600BFDFC488A0703AD8C024152A
:208E58008400009490031C26014000F429696C04002B883AD9402915000029068C40005443
:208E600098C00007003F7706A8803FCC1080201C10BFE00410032A1E00C00044D8C0210508
:208E68000540080498C00007003F6E068821883ADC402103B811883A8C403FCC8803F01EE1
:208E7000008000F410A96C04D88029158080080C1000CD26D900241724800017250001178C
:208E780021000204D90024158080004C1002C7269504B03A1003061ED9002017D8001D8512
:208E800020033E1600BFDFC480A0703AD9402017002B883A280028260025883A0029883AAA
:208E8800D9002917DC401A04908003CCA006973A2085883A9024D13A10800003A028D13A95
:208E90008C7FFFC41CA4B03A888000059504B03A103FF51ED8801E171469C83A000019062D
:208E98008821883ADC402103B811883A8C403FCC8803D01E8080080C10016126D900241774
:208EA000D9402017D8001D8520C00204248000172500011728030F16013FDFC49504B03A54
:208EA800D8C024158120703A002B883A1000CD1ED8C020171803141ED80020150029883A92
:208EB000DC401A04DC8020179500010EA025883AAD403FCCAD40201CAD7FE004A8003F266C
:208EB8009480004400003D0600C00044D8C0210505400AC498C00007003F1A068821883A01
:208EC000DC402103B811883A8C403FCC8803A71E8080080C10015726D8C02417D90020171B
:208EC800D8001D85188002041C8000171D0001172002DB16013FDFC49506B03AD88024157E
:208ED0008120703A18015826002B883ADC401A049006D0FAA008977AA028D0FA948001CCED
:208ED80090800C048C7FFFC420E4B03A888000059506B03A183FF61E80C0004C180289264C
:208EE00010803FCC1080201C10BFE00400C00C0410FFB02688FFFFC5D8C01E1788BFFFC481
:208EE8001023883A18A9C83A003FC606D8C02417048000448821883A1880001718C0010415
:208EF000B811883AD8001D85D8801005D8C024159029883ADC401004D800201580C0008C9B
:208EF800D8C02115180001269480008480C0210CD8C022151801321ED900251724B9C83A1C
:208F000007012F0E02400404D8C01C17D8801B174F03250E010000F4212AE084DC002A1529
:208F0800DC402B15D9002815E023883A482F883A9839883A054001C49027883ADC002717A9
:208F1000DC802317000003068C7FFC0442000204BC40130E014000F418C004041080004449
:208F1800296AE0844140001545C00115D8C01C15D8801B15A8BFF40ED9801A04900B883A03
:208F20008009883A002346401001AA1E8C7FFC04D8C01C17D8801B17D811883ABC7FED161B
:208F28009825883ADC002A17E027883A8839883ADC402B17D9002817E0C7883A108000448E
:208F30004100001547000115D8C01C15D8801B15010001C420821616420002040000FA0641
:208F38008821883ADC402103B811883A8C403FCC8803361E014000F429696704D9402915A4
:208F40008080080C103F331E8080040C1002551E8080100C1002A626D88024170029883A50
:208F48001480000B10800104D8802415003F2E068821883ADC402103B811883A8C403FCCC4
:208F500088030B1E8080080C1002271E8080040C10028E26D8C02417D90026171880001774
:208F580018C00104D8C0241511000015003E530698C0000701401B0419424F268C4004141B
:208F6000003E78068C40101498C00007003E75068821883ADC402103B811883A8C403FCC20
:208F68008802FE1E8080080C10004626D9002417208001172480001721000204D9002415F3
:208F70001029883A10004A16D9002017DD401D832001EB1600FFDFC49504B03A80E0703A58
:208F7800103F3326A0009426DC401A04402F883A9009883AA00B883A01800284000F883ACC
:208F80000025AE8010800C048C7FFFC49009883AA00B883A8880000501800284000F883A63
:208F880000254EC01025883A10C4B03A1829883A103FEF1ED9001E17B811883A2469C83A5A
:208F9000003F2006D88024178821883AD8001D8514400017B811883A15C0010488026C26F8
:208F9800D8C0201718025F16180D883A000B883A8809883ADA002D1500131A80DA002D176D
:208FA0001002A5261469C83ADD401D83DDC02415D8002015003F0B068C40081498C000071E
:208FA800003E30068821883ADC402103B811883A8C403FCC8802B01E840004148080080C20
:208FB000103FBA1E8080040C1001DF1E8080100C10023D26D88024171480000F1080010400
:208FB800D88024159029D7FAA005883A103FB60ED940201704A5C83A05400B449004C03AE7
:208FC0000529C83ADD401D85A0A9C83A28026C1600BFDFC480A0703AA03FB31E0000460683
:208FC8009839883AD80025151C3FF4040009883A0140028400262600E0C000078089883A41
:208FD0009CC000441C3FF4049839883AA43FF82ED900251518BFF80490BE052E8821883A20
:208FD800DC402103B811883A8C403FCC88028D1E1800EA2604800044D8C01005D8001D858B
:208FE0009029883ADC401004003F13068C40201498C00007003DF30698C0000701000A84EB
:208FE8009F000044190263261C3FF4040009883AA40256360140028400262600E0C00007D8
:208FF0001409883AE4C000441C3FF4049839883AA43FF82E20020C16D9002015003DE20634
:208FF8008821883ADC402103B811883A8C403FCC8802721E840004148080080C103E9F1E77
:209000008080040C10015326D8C02417D9002017D8001D85188001041C8000170029883A1E
:209008002001551600FFDFC4D880241580E0703A002B883A903E9E260080024414BF6A36C7
:2090100094800C04DC8019C5DD002C17DC4019C4003E9C068821883ADC402103B811883AB3
:209018008C403FCC8802571E840004148080080C103EA91E8080040C10018026D940241782
:20902000D8C02017D8001D85288001042C8000170029883A1801821600FFDFC4D8802415A8
:2090280080E0703A903EA81ED8802017002B883A1001F2260025883A0029883A003EA3062C
:20903000D8C01C17D8801B17D9001D8720000B26D9001D8418C0004410800044410000153D
:209038000100004441000115D8C01C15D8801B15010001C42080F31642000204D940211723
:2090400028000B26D9001D0418C0008410800044410000150100008441000115D8C01C1592
:20904800D8801B15010001C42080EF1642000204D94022170100200429008F26D900201768
:20905000252FC83A05C0310E07000404E5C17D0E010000F4212ADC84DC002015DC40221562
:20905800D9002115B823883A054001C4982F883ADC0027179027883ADC8023170000030687
:209060008C7FFC0442000204E440110E18C00404108000444580001547000115D8C01C15A6
:20906800D8801B15A8BFF60ED9801A04900B883A8009883A0023464010005E1E8C7FFC0496
:20907000D8C01C17D8801B17D811883AE47FEF169825883ADC002017B827883A882F883ACC
:20907800DC402217D94021171DC7883A108000444140001545C00115D8C01C15D8801B15B6
:20908000010001C42080A61642000204A0C7883A108000444440001545000115D8C01C15AC
:20908800D8801B15010001C420808816420002048400010C80002C26D880251714A1C83A46
:209090000400290E04400404D8801B178C01A70E014000F4296AE084D9402815050001C421
:20909800DD402717DDC0231700000306843FFC04420002048C00130E010000F418C00404F0
:2090A00010800044212AE0844100001544400115D8C01C15D8801B15A0BFF40ED9801A0414
:2090A800B80B883AA809883A002346401000211E843FFC04D8C01C17D8801B17D811883AF5
:2090B0008C3FED16D94028171C07883A108000444140001544000115D8C01C15D8801B1580
:2090B800010001C42080B516D88025171480010E9005883AD90026172089883AD900261544
:2090C00018005A1E98800007D8001B15D811883A103CEC1E9825883A003D0206D8801C1789
:2090C80010000426D9402317D9002717D9801A0400234640D9402317D880261728C0030BE6
:2090D00018C0100C18015C1EDFC03717DF003617DDC03517DD803417DD403317DD003217C2
:2090D800DCC03117DC803017DC402F17DC002E17DEC03804F800283AD900251724AFC83A50
:2090E00005FF6E0E07000404E5C15C0E010000F4212ADC84DC002215DC402815D9002115B6
:2090E800B823883A054001C4982F883ADC0027179027883ADC802317000003068C7FFC04FB
:2090F00042000204E440110E18C00404108000444580001547000115D8C01C15D8801B1599
:2090F800A8BFF60ED9801A04900B883A8009883A00234640103FCF1E8C7FFC04D8C01C1713
:20910000D8801B17D811883AE47FEF169825883ADC002217B827883A882F883ADC402817A9
:20910800D94021171DC7883A108000444140001545C00115D8C01C15D8801B15010001C4B4
:209110002080B71642000204003F3C06D9402317D9002717D9801A0400234640103FB51E5D
:20911800D8C01C17D811883A003F7106D9402317D9002717D9801A0400234640103FA1266B
:20912000003FAC06D9402317D9002717D9801A0400234640103FA71ED811883A003C9E0615
:20912800D9402317D9002717D9801A0400234640103FA01ED8C01C17D8801B17D811883A90
:20913000003F5206D9402317D9002717D9801A0400234640103F971ED8C01C17D8801B17A5
:20913800D811883A003F0506D9402317D9002717D9801A0400234640103F8E1ED8C01C17D2
:20914000D8801B17D811883A003F0906D9402017D8001D852800771600FFDFC49504B03AE8
:2091480080E0703A103D3926002B883A003D3C06D9402317D9002717D9801A04002346405B
:20915000103F7C1ED8C01C17D8801B17D811883A003EDD068080100CD8001D8510008426A5
:20915800D9402417D8C020170029883A288001042C80000B183EAB0ED8802415002B883AF8
:209160009504B03A103E171E0080004410803FCC00C0004410C05C2600C0008410FD1E269F
:20916800003EC406D9401E172C69C83A003D4506D880241598C00007003C6A06D940231783
:20917000D9002717D9801A0400234640103F591ED8C01C17003F4406014000F429696C0457
:20917800D9402915003D0906D8C02417D9002617D9402417188000172007D7FA29400104E2
:20918000D94024151100001510C00115003C2B06D8C01D45D8C0201700800C04D8801D0531
:20918800D8001D85808000941800AC1600BFDFC480A0703A84000094002B883A003CF80674
:2091900098C00007003C4706D94024172C80001729400104D94024159029D7FAA005883A0F
:20919800003DD806D94024170029883A2C80001729400104D9402415003CDB068080100CA1
:2091A000D8001D8510003326D9002417D94020170029883A208001042480000B283E7E0E37
:2091A8009506B03AD8802415183D271E002B883A0005883A003FB50698C000438C400814C6
:2091B0009CC0004418C03FCC18C0201C18FFE004003C2406D8C02415002B883A003FA806FC
:2091B800010000F421296C04D9002915D8C024151021883A9504B03A103F8B1E002B883AA5
:2091C00000800084003FA1060025883A94800C04DC8019C5DD002C17DC4019C4003CE9061C
:2091C800D9402317D9002717D9801A0400234640103F001ED8C01C17D8801B17D811883A90
:2091D000003E7E06014000F4296ADC84D9402115003EA406D8C02417D90020170029883A90
:2091D800188001041C800017203E4B0E003FCC06D9002417D94020170029883A208001046B
:2091E00024800017283E270E003F7B068400100C80003326D9402417D8C0261728800017F8
:2091E80029400104D940241510C0000D003BC306D90024170029883A2480001721000104E6
:2091F000D9002415003C8806D8C024171C80001718C00104D8C024159029D7FAA005883A5E
:2091F800003D78068809883ADA002D1500142AC01029883ADD401D83DDC02415D800201594
:20920000DA002D17003CAF06013FFFC4003DF206DD002017008001841500012E1029883AAF
:20920800A025883AA0004116044000F4DDC024158C697104003CE80604001004800B883AC1
:20921000001299C0D8C02317188000151880041510004D26D94023172C000515003B8906BD
:20921800D9002417D94026172080001721000104D900241511400015003B90068080004C5A
:20922000002B883A1000052600800C04D88019C5DD002C17DC4019C4003C8A060029883A70
:20922800DC401A04003C8706014000F4296AE084D9402815003CFF0600BFFFC4003EA206F8
:209230000080004410803FCC00C0004410FD452600C0008410FC5226003C9C061021883AAA
:20923800002B883A00800084003FF606010000F4212AE084D9002815003E7206014000F445
:20924000296ADC84D9402115003EC506E027883AD8002015003B9406DD002017DD401D8347
:20924800DDC02415D8002015003C66060025883A003FBD06D9402417D8C0241729400017EB
:2092500019000104D9002415D940201598C00043E027883A283F5B0E18C03FCC013FFFC466
:2092580018C0201CD900201518FFE004003B7D06DD401D85003CF306DD401D85003D4E06D7
:20926000DD401D85003C0E06D9002717008003042080001500BFFFC4003E6B06DD401D859C
:20926800003D0006DD401D85003D7106DD401D85003C5706DD401D85003C2E06DD401D85EA
:20927000003D8C06DD401D85003DA706DD401D85003CC806DEFFFB04DCC00315DC8002159A
:20927800DC000015DFC00415DC4001152025883A2827883A3021883A2000022620800E17C3
:2092800010004226808006178100030B808002152080020C1000362680C0041718003426AC
:209288002088000C9C403FCC10001A26808000178100051710C7C83A1900200E18C00044EB
:20929000810002171140004481400015213FFFC48100021514C000058080051710C01E26F5
:209298008080030B1080004C1000022600800284888019268805883ADFC00417DCC0031788
:2092A000DC800217DC400117DC000017DEC00504F800283A8140191700B7FFC42108001469
:2092A8002884703A80801915808000178100030D8100051710C7C83A193FE016800B883A69
:2092B0009009883A001121001000071E8080001700C00044003FDA06800B883A9009883AFA
:2092B80000112100103FE32600BFFFC4003FE206800B883A9009883A00180E40103FFA1EEE
:2092C0008100030B80C00417003FC50600115FC0003FBC06008000F410AEC404280D883A78
:2092C800200B883A1100001700249D41DEFFF604008000F4DC800815DC400715DC0006157C
:2092D00010AECA04DFC009152021883A3823883A1480001728001426D9400415D980051563
:2092D8000019CE80D9800517D9400417100F883ADC4000158009883A903EE83A00FFFFC457
:2092E00010C0031E8800001500C0228480C00015DFC00917DC800817DC400717DC000617B8
:2092E800DEC00A04F800283A0019CE80100F883ADC400015000D883AD94001048009883AAF
:2092F000903EE83A003FED06DEFFF604008000F4DC800615DC40051510AEC404DFC0091501
:2092F800DD000815DCC00715DC0004153025883A1440001720001926008000F410AECA04CE
:20930000150000172021883A2827883A0019CE80100F883ADC800015980D883A800B883AA0
:209308008809883AA03EE83A00FFFFC410C0031E9000001500C0228488C00015DFC0091718
:20931000DD000817DCC00717DC800617DC400517DC000417DEC00A04F800283A008000F465
:2093180010AECA04140000170019CE80100F883ADC800015000D883AD94001048809883A85
:20932000803EE83A003FE8062800052600803FC4118005362980000500800044F800283AB2
:209328000005883AF800283A008022842080001500BFFFC4F800283A008000F4DEFFF904FF
:2093300010AECA04DFC00615DC400515DC0004153823883A14000017D9000115D940021545
:20933800D98003150019CE80D9800317D9400217D9000117100F883ADC400015803EE83AB5
:20934000DFC00617DC400517DC000417DEC00704F800283ADEFFF604DD800615DD40051599
:20934800DC400115357FFFCC2022D43A25BFFFCCDCC00315DC8002152027883A2825883A16
:20935000B009883AA80B883ADFC00915DF000815DDC007153839883A302ED43ADD00041506
:20935800DC0000153029883A00262600A80B883A8809883A1021883A002626008809883A43
:20936000B80B883A102B883A00262600B80B883AB009883A1023883A002626008006D43A4A
:209368001545883A1885883A1540022E00C0007488E3883A1006D43A1004943AE00B883AD1
:209370009809883A843FFFCC1C63883A1421883A00262600900B883AA009883A1027883AA7
:20937800002626009885883A1447883A8005883ADFC00917DF000817DDC00717DD80061754
:20938000DD400517DD000417DCC00317DC800217DC400117DC000017DEC00A04F800283A44
:20938800DEFFFD04000D883A01D07834DC400115DC000015DFC002152023883A2821883AB2
:20939000002778801000080E8809883A800B883A0028AC00DFC00217DC400117DC00001725
:20939800DEC00304F800283A000D883A01D078348809883A800B883A00281C40180B883A61
:2093A0001009883A0028AC0000E0003410C5883A003FF006DEFFF304DFC00C15DF000B158B
:2093A800DDC00A15DD800915DD400815DD000715DCC00615DC800515DC400415DC000315E5
:2093B0002800BE162027883A2821883A0023883A3800B416302F883A9825883A802D883A97
:2093B8003800441E81806B2E00BFFFD41180BE2E0080403410BFFFC4118165360080040417
:2093C0003088D83A00C000F418EAE4841909883A20C0000301C008041885883A388FC83AE9
:2093C8003800052681CA983A9884D83A31EE983A99E4983A116CB03AB82AD43AB009883AC5
:2093D000BD3FFFCCA80B883A00262080B009883AA80B883A1027883A00261A40100B883A35
:2093D800A009883A102D883A002626009826943A9006D43A1CC6B03A1880052E1DC7883A52
:2093E000B13FFFC41DC0013618815236202D883A18A1C83A8009883AA80B883A0026208035
:2093E8001027883A8009883AA80B883A9826943A00261A40100B883AA009883A94BFFFCC3A
:2093F0001021883A94E4B03A002626009080052EBCA5883A80FFFFC495C0013690813B3606
:2093F8001821883AB004943A0029883A1404B03A0000030681C0142E0029883A0005883AAD
:20940000A007883A880004260085C83A1008C03A0507C83A1907C83ADFC00C17DF000B17A5
:20940800DDC00A17DD800917DD400817DD000717DCC00617DC800517DC400417DC00031774
:20941000DEC00D04F800283A00BFFFD411C06A2E0080403410BFFFC411C10B360080040417
:209418003886D83A010000F4212AE48420C7883A18C00003070008041885883AE0B9C83A2B
:20942000E000991E3C0104369985403A0029883A003FDB063000041E000B883A0100004417
:2094280000261A40102F883A00BFFFD415C04A2E0080403410BFFFC415C0F13600800404BA
:20943000B886D83A010000F4212AE48420C7883A18C00003018008041885883A308DC83AF5
:209438003000491EB82CD43A85E1C83ABD7FFFCC05000044B00B883A8009883A0026208045
:20944000B00B883A8009883A1027883A00261A40A80B883A1009883A1039883A0026260024
:209448009826943A900ED43A3CCEB03A3880052E3DCF883AE0FFFFC43DC001363880E83673
:209450001839883A38A1C83A8009883AB00B883A002620801027883A8009883AB00B883ABF
:209458009826943A00261A40A80B883A1009883A94BFFFCC1021883A94E4B03A00262600D9
:209460009080052EBCA5883A80FFFFC495C001369080CC361821883AE004943A1404B03AF7
:20946800003F9706018DC83A3004C03A01CFC83A0462303A388FC83A003F46060105C83A4C
:209470001006C03A014BC83A1027883A28E1C83A047FFFC4003F3E0600803FC415C5803A9A
:20947800100490FA003FB60600803FC41185803A100490FA003F420600803FC411C5803A30
:20948000100490FA003F9606B9AE983A80A8D83A81A0983AB82CD43A9884D83AA009883A62
:20948800B00B883A99A4983A1438B03A00262080A009883AB00B883A1027883ABD7FFFCC54
:2094900000261A40A809883A100B883A1029883A002626009826943AE008D43A24C8B03A4D
:209498002080062E25C9883AA0FFFFC425C093362080922EA53FFF8425C9883A20A1C83AE6
:2094A000B00B883A8009883A00262080B00B883A8009883A1027883A00261A40A809883A6A
:2094A800100B883A9826943AD880021500262600E13FFFCC24C8B03AD8C002172080062E3A
:2094B00025C9883A197FFFC425C078362080772E18FFFF8425C9883AA028943A20A1C83A16
:2094B800A0E8B03A003F83063F0E983A3086D83A80A8D83A9884D83A38ECB03AB024D43A1B
:2094C0008706983A370C983AA009883A10C4B03A900B883AD9800015D880011500262080F0
:2094C800900B883AA009883A102B883AB5FFFFCC00261A40B809883A100B883A1021883A6D
:2094D00000262600D9000117A82A943A2006D43A1D46B03A1880062E1D87883A813FFFC469
:2094D8001D8054361880532E843FFF841D87883A18A9C83A900B883AA009883A0026208037
:2094E000900B883AA009883A102B883A00261A40B809883A100B883A1025883A0026260084
:2094E800D9000117A82A943A20FFFFCC1D46B03A1880062E1D87883A913FFFC41D803936CB
:2094F0001880382E94BFFF841D87883A8010943AD900001718A1C83A44A8B03A257FFFCCD4
:2094F800A024D43AA5FFFFCC202CD43AA80B883AB809883A00262600A80B883A9009883AA5
:20950000D8800215002626009009883AB00B883A102B883A00262600B00B883AB809883A6F
:209508001025883A00262600D98002171545883A3006D43A1885883A1540022E00C0007416
:2095100090E5883A1006D43A1CA5883A8480093684800326A005883A0029883A003EE8066F
:209518001006943A9F04983A31BFFFCC1987883A10FFF82EA0BFFFC40029883A003EE00657
:2095200000800604003F0E0600800604003EF40600800604003E9A060029883A0080004475
:20952800003ED7062025883A003FC8062807883A003F89062021883A003FAD061829883A3D
:20953000003F6E06843FFF84003F3306843FFF84003EC406B5BFFF841DC7883A003EAC06CF
:20953800E73FFF843DCF883A003F1606DEFFF404DCC00515DC000215DFC00B15DF000A1506
:20954000DDC00915DD800815DD400715DD000615DC800415DC4003152027883A2821883AE8
:209548003800461E3023883A2025883A2980572E00BFFFD4282D883A1180B23600803FC478
:209550001185803A100490FA3086D83A010000F4212AE48420C7883A18C000031885883ABA
:2095580000C008041887C83A1800052680E0983A9884D83A30E2983A98E4983A142CB03A87
:20956000882AD43AB009883A8D3FFFCCA80B883A00262080B009883AA80B883A1027883AF5
:2095680000261A40100B883AA009883A102D883A002626009826943A9006D43A1CC6B03AD4
:209570001880052E1C47883AB13FFFC41C40013618814236202D883A18A1C83A8009883A7F
:20957800A80B883A002620801027883A8009883AA80B883A9826943A00261A40100B883AF6
:20958000A009883A94BFFFCC1021883A94E4B03A002626009080052E8CA5883A80FFFFC429
:2095880094410C3690810B2E843FFF84B004943A0007883A1404B03A00005E0629C05B36F1
:2095900000BFFFD411C0672E0080403410BFFFC411C10A36008004043886D83A010000F4DE
:20959800212AE48420C7883A18C0000305C008041885883AB8AFC83AB800671E3C0105362E
:2095A0009985403A0007883A00004A063000041E000B883A0100004400261A401023883A21
:2095A80000BFFFD41440532E0080403410BFFFC41440F436008004048886D83A010000F49B
:2095B000212AE48420C7883A18C000031885883A00C008041887C83A1800A51E882AD43AFD
:2095B8008461C83A8D3FFFCC00C00044A80B883A8009883AD8C0011500262080A80B883A68
:2095C0008009883A1027883A00261A40A00B883A1009883A102D883A002626009826943AA8
:2095C800900ED43AD8C001173CCEB03A3880052E3C4F883AB13FFFC43C4001363880E436C3
:2095D000202D883A38A1C83A8009883AA80B883AD8C00115002620801027883A8009883A19
:2095D800A80B883A9826943A00261A40A00B883A1009883A94BFFFCC1021883A94E4B03A37
:2095E00000262600D8C001179080052E8CA5883A813FFFC49440AD369080AC2E843FFF84CF
:2095E800B004943A1404B03A000002060007883A0005883ADFC00B17DF000A17DDC00917C9
:2095F000DD800817DD400717DD000617DCC00517DC800417DC400317DC000217DEC00C04A2
:2095F800F800283A00803FC411C5803A100490FA003F990600803FC41445803A100490FA36
:20960000003FAD060080403410BFFFC411809F3600800404003F4C063DCE983A30B8D83A7C
:2096080080A2D83A35CC983A3F38B03AE024D43A9884D83A85E0983A8809883A900B883AB3
:20961000D98000151420B03A00262080900B883A8809883A1029883AE5BFFFCC00261A404E
:20961800100B883AB009883A102B883A00262600A028943A8006D43A1D06B03A1880042E90
:209620001F07883AA93FFFC41F00892E202B883A18A3C83A8809883A900B883A0026208081
:209628001029883A8809883A900B883AA028943A00261A40100B883AB009883A843FFFCC7B
:209630001023883A8520B03A002626008080042E8721883A88FFFFC48700712E1823883A41
:20963800A80E943AD8C0001780A1C83A3C64B03A1D3FFFCC9022D43A95BFFFCCA00B883ABF
:20964000B009883A182AD43A00262600A00B883A8809883A1039883A002626008809883A89
:20964800A80B883A1029883A00262600A80B883AB009883A1023883A00262600E006D43A21
:209650001505883A1887883A1D00022E0080007488A3883A1804D43A1463883A84404436EE
:2096580084403E269005883A0007883A003F910688E2983A80AED83A80E0983A882AD43A66
:209660009884D83AB809883AA80B883A98E4983A142CB03A00262080B809883AA80B883A8E
:209668001027883A8D3FFFCC00261A40A009883A100B883A102F883A002626009826943AB1
:20967000B008D43A24C8B03A2080062E2449883AB8FFFFC424403C3620803B2EBDFFFF84A3
:209678002449883A20A1C83AA80B883A8009883A00262080A80B883A8009883A1027883AA1
:2096800000261A40A009883A100B883A9826943A1039883A00262600B13FFFCC24C8B03A8E
:209688002080062E2449883AE0FFFFC4244024362080232EE73FFF842449883AB82E943AE2
:2096900020A1C83ABF06B03A003F28062021883A003F53061821883A003EF4061806943A21
:209698009DE6983AE73FFFCC1F07883A98FFBD2E90BFFFC40007883A003F4E06008006040A
:2096A000003EF50600800604003F0B0600800604003EAD060007883A00800044003F450605
:2096A80080BF8E2E8C7FFF848721883A003F8C0618BF762EAD7FFF841F07883A003F740613
:2096B0001839883A003FDD06182F883A003FC506B5BFFF843C4F883A003F1A06B5BFFF84B8
:2096B8001C47883A003EBC06DEFFF304DF000B15DC400415DC000315DFC00C15DDC00A15F5
:2096C000DD800915DD400815DD000715DCC00615DC8005152021883A2823883A2839883A7C
:2096C8003800401E3027883A2029883A2980552E00BFFFD41180A23601003FC42189803A39
:2096D000200890FA3104D83A00C000F418EAE4841885883A10C00003008008041909883AC1
:2096D8001125C83A900005268CA2983A8108D83A34A6983A84A8983A2478B03A982CD43AE2
:2096E000E009883A9DFFFFCCB00B883A00262080B00B883AE009883A102B883A00261A4070
:2096E800100B883AB809883A00262600A82A943AA006D43A1D46B03A1880032E1CC7883AA7
:2096F0001CC001361881313618A1C83AB00B883A8009883A00262080B00B883A8009883A36
:2096F8001023883A00261A40100B883AB809883A8822943A00262600A0FFFFCC1C46B03A03
:209700001880042E1CC7883A1CC002361880012E1CC7883A1885C83A1484D83A0007883A48
:209708000000530629C0503600BFFFD411C05C2E0080403410BFFFC411C1063601000404EF
:209710003904D83A00C000F418EAE4841885883A14C0000300C008049927883A1CE9C83A41
:20971800A0005C1E3C40013681810A368185C83A89E3C83A8089803A8939C83AE007883A7C
:2097200000003B063000041E000B883A0100004400261A401027883A00BFFFD414C0442E33
:209728000080403410BFFFC414C0EC36008004049886D83A010000F4212AE48420C7883A9C
:2097300018C000031887883A0080080410E5C83A9000AB1E982CD43A8CE3C83A9DFFFFCC57
:20973800B00B883A8809883A00262080B00B883A8809883A102B883A00261A40B80B883AA9
:209740001009883A00262600A82A943AA006D43A1D46B03A1880042E1CC7883A1CC00236BE
:209748001880012E1CC7883A18A1C83AB00B883A8009883A002620801023883AB00B883ADA
:209750008009883A00261A408822943AB80B883A1009883A00262600A53FFFCCA446B03A87
:2097580018BFAC2E003FA7062005883A2807883ADFC00C17DF000B17DDC00A17DD8009177E
:20976000DD400817DD000717DCC00617DC800517DC400417DC000317DEC00D04F800283A4B
:2097680004C03FC499C9803A200890FA003FA40600803FC414C5803A100490FA003FBC06AE
:209770000080403410BFFFC41180A63601000404003F5C063D0E983A34EAD83A8CC6D83A8B
:209778008D10983A3D6AB03AA82CD43A84E2D83A1809883AB00B883A8A22B03A3524983A56
:20978000DC400015D8C0011500262080D8C00117B00B883A1039883A1809883A00261A4089
:20978800ADFFFFCC100B883AB809883A1023883A00262600D9400017E008943A8520983A4C
:209790002806D43A1906B03A1880042E1D47883A893FFFC41D40892E2023883A18B9C83A0D
:20979800B00B883AE009883A00262080B00B883AE009883AD880021500261A40100B883ACF
:2097A000B809883A102D883A00262600D9800217D8C00017300C943A1A3FFFCC4190B03AD1
:2097A8004080042E4551883AB0FFFFC445406F2E182D883A880E943A9006D43A91BFFFCC99
:2097B0003DACB03AB02ED43AB5BFFFCC300B883AB009883A40A3C83AD8C00115D980021520
:2097B80000262600D9800217B809883A1039883A300B883A00262600D8C00117B809883AC9
:2097C000D8800215180B883A00262600D8C00117B009883A102F883A180B883A002626008C
:2097C800D9800217E006D43A1185883A1885883A1180022E00C00074B8EF883A1006D43AE2
:2097D0001004943AE73FFFCC1DC7883A1739883A88C03A3688C0512688C9C83AE00F883A73
:2097D80081CFC83A81C7803A20C7C83A1CC4983A3D0ED83A1D06D83A11C4B03A003F7C0670
:2097E0009CA6983A88F8D83A80C4D83A982CD43A8CA2983AE009883AB00B883A146AB03A0B
:2097E80000262080B00B883AE009883A1029883A9DFFFFCC00261A40B809883A100B883A31
:2097F00000262600A008943AA806D43A84A8983A1906B03A1880042E1CC7883A1CC0023651
:2097F8001880012E1CC7883A18A3C83AB00B883A8809883A00262080B00B883A8809883AC2
:209800001021883A00261A40100B883AB809883A8020943A00262600A8FFFFCC1C06B03A3D
:209808001880042E1CC7883A1CC002361880012E1CC7883A18A3C83A003F2906E48FC83AB1
:209810001D49C83AE1F9803A2739C83A8F09C83A003FC30601000604003EF9060080060466
:20981800003F130601000604003EB60640BF902EB5BFFF844551883A003F8E0618BF762E79
:209820008C7FFF841D47883A003F74061CC7883A003ECD068005883A003EF806873FE7369F
:20982800E00F883A0009883A003FAD0620001B16000F883A28001616200D883A29001A2EDC
:209830000080080400C000440000010610000D26294B883A10BFFFC418C7883A293FFB363C
:209838000005883A180007260005883A31400236314DC83A10C4B03A1806D07A280AD07A72
:20984000183FFA1E380001260085C83AF800283A014BC83A39C0005C003FE7060109C83A7E
:2098480001C00044003FE30600C00044003FEE0620001716000F883A2005883A2800121647
:209850002900162E0180080400C000440000010630000A26294B883A31BFFFC418C7883A09
:20985800293FFB36180005261806D07A114001361145C83A280AD07A183FFB1E3800012681
:209860000085C83AF800283A014BC83A003FEC060109C83A01C00044003FE70600C0004447
:20986800003FF106200D883A2900152E280014160080080400C000440000020610000E2621
:2098700028000516294B883A10BFFFC418C7883A293FFA36180008260005883A31400236DE
:20987800314DC83A10C4B03A1806D07A280AD07A183FFA1EF800283A0005883AF800283AC4
:2098800000C00044003FF4062005883A2900122E280011160180080400C000440000020653
:2098880030000C2628000516294B883A31BFFFC418C7883A293FFA36180006261806D07A4D
:20989000114001361145C83A280AD07A183FFB1EF800283AF800283A00C00044003FF706F8
:209898000005883A2000072620C0004C2008D07A180001261145883A294B883A203FFA1EFA
:2098A000F800283AF800283A2006D5FA280CD5FA01C0203439FFFFC418C03FCC02003FC404
:2098A8003904703A31803FCC394E703A2008D7FA280AD7FA1A000D2602003FC4320008261E
:2098B0001980022600800044F800283A11FFFD1E21400926183FFB1E1004C03AF800283A26
:2098B800383FF72600800044F800283A103FF22600800044F800283A0005883AF800283A38
:2098C0002004D5FA2806D5FA0180203431BFFFC410803FCC01C03FC43110703A18C03FCCE3
:2098C800314C703A2008D7FA280AD7FA11C0192601C03FC419C00F261000061E400F003ABE
:2098D0001800071E3000061E0005883A40000E1EF800283A18000A1E30000B26000F883AE8
:2098D80029403FCC380007262800082600800044F800283A303FF02600BFFF84F800283A02
:2098E00029403FCC21400526203FF82600BFFFC4F800283A403FE626003FF70618BFFA1661
:2098E80010C00216323FF8364180022E203FEF1E003FF6060005883AF800283A2004D5FA2D
:2098F000280CD5FA00C0203418FFFFC410803FCC01C03FC41910703A31803FCC1946703A70
:2098F8002008D7FA280AD7FA11C01B2601C03FC431C011261000071E400F003A21003FCC6C
:209900003000081E1800071E0005883A40000F1EF800283A21003FCC30000A1E18000B2659
:20990800000F883A29403FCC380007262800082600800044F800283A183FEE2600800084B2
:20991000F800283A29403FCC21400626203FF82600BFFFC4F800283A403FE42600800084F6
:20991800F800283A30BFF916118002161A3FF73640C0022E203FEE1E003FF5060005883A0C
:20992000F800283A02C004345AFFFFC42806D7FA2AD4703A3AD2703A3804D53A3018D77A76
:20992800280AD53A501490FA2010D77A481290FA380ED7FADEFFFB04DC800215DC400115F3
:20993000DC000015DFC00415DCC003151C803FCC2C01FFCC5210B03A202290FA1081FFCCA7
:209938004B12B03A300C90FA91C075268087C83A00C0AB0E10002A1E4984B03A1000961EC1
:20994000888001CC10000726888003CC00C0010410C0042688C7883A1C63803A4451883ABE
:209948001823883A4080202C10005926840000440081FFC48080BA2600BFE03410BFFFC416
:209950004090703A4004977A4010927A8822D0FA8401FFCC4010D33A9007883A1444B03A10
:209958008401FFCC8020953A18C03FCC01000434213FFFC4180697FA4110703A4410B03A09
:2099600040C6B03ADFC00417DCC00317DC800217DC400117DC000017DEC00504F800283AEA
:209968000081FFC480BFD6264A40203400800E0410C09F16008007C410C0C21600800804EC
:2099700010C5C83A488A983A30C8D83A3084983A48C6D83A290CB03A1004C03A308CB03AD9
:20997800898DC83A89A3803A40D1C83A4451C83A3023883A4080202C1000232604C0203495
:209980009CFFFFC444E6703A980076269809883A0028E6C010FFFE04010007C420C07716E6
:209988000080080410C5C83A8884D83A98D0983A88E2983A1204B03A1C0074161C21C83AE3
:209990008200004400C007C41A00911600C008041A07C83A8A08D83A88E2983A10C6983A2E
:209998001210D83A8804C03A1906B03A18A2B03A0021883A003FA2061890B03A40017D2608
:2099A0001011883A1823883A888001CC103F9E1E4004977A8822D0FA4010D0FA9007883AAB
:2099A8001444B03A0101FFC4810024268120703A01000434213FFFC44110703A003FA8063E
:2099B0008089C83A01005E0E10002B260081FFC480BF8B264A40203400800E041100A40E57
:2099B800498CB03A300AC03A0013883A2C4B883A2C63803A4A11883A8A11883A2823883ABE
:2099C0004080202C103FE026840000440081FFC48080D22600BFE03410BFFFC44090703A43
:2099C800880AD07A400897FA88C0004C28E2B03A4010D07A2462B03A003F71064088B03AD0
:2099D000200145260100043442000234213FFFC44110703A003F820618FFFFC41800491EFC
:2099D800898BC83A8963803A4251C83A4451C83A2823883A003F9F064984B03A103F60260A
:2099E000213FFFC42000931E898D883A3463803A4251883A8A11883A3023883A003FD80666
:2099E8001800541E808000441081FFCC00C000441880A00E8989C83A8905803A4267C83AE4
:2099F00098A7C83A9880202C100063263463C83A4A07C83A344D803A19A7C83A3825883A11
:2099F800983F8A1E8809883A0028E6C01080080410FFFE04010007C420FF890E10BFF604B7
:209A00008884983A0023883A1C3F8C0E023FE034423FFFC480E1C83A1210703A003F380649
:209A08009007883A0011883A0005883A003F4C06498CB03A300CC03A0007883A003F68064F
:209A100020009C1E808000441141FFCC010000442140670E0101FFC411007F26898D883A8D
:209A18004247883A3451803A40D1883A402297FA300CD07A4010D07A1021883A89A2B03AB6
:209A2000003F1F060081FFC480BF481E003F1C06843FF844010008041406D83A4100502689
:209A2800010010042211C83A1204983A88A2B03A8822C03A1C62B03A0011883A0021883A16
:209A3000003F7106193FF804008008044908D83A188045260080100410C5C83A4886983A0F
:209A3800198CB03A300CC03A218CB03A0007883A003F3B0680002A260101FFC41100682635
:209A400000C7C83A4200203401000E0420C07C16010007C420C0DA160100080420C9C83A8E
:209A48004114983A88CAD83A8908983A40C6D83A5162B03A2008C03A8922B03A3463C83A0B
:209A500048C7C83A344D803A1991C83A1021883A3825883A003F270624D0B03A40001B1E29
:209A58000005883A0007883A0021883A003F4D06008007C411003C16008008041105C83A97
:209A6000488E983A310AD83A3084983A4912D83A394AB03A1004C03A288AB03A003F53064F
:209A68004448B03A20003E2600C6303A18003A1E3463C83A4A07C83A344D803A1991C83A71
:209A70001021883A3825883A003F0A062023883A003F0D060081FFC480BF3F1E003EC80632
:209A78000005883A003FB1060007883A003FBC064444B03A8000871E1000BA264984B03A09
:209A8000103EBF268985883A4247883A1451803A40D1883A40C0202C1023883A183F1A26AE
:209A880000BFE03410BFFFC42021883A4090703A003EB3064444B03A8000291E10004B1E33
:209A90004990B03A40008B264811883A3023883A3825883A003EAA061021883A0011883AFF
:209A98000005883A003F0F06217FF80400800804494AD83A20807D26008010041109C83AD3
:209AA0004912983A498CB03A300CC03A298AB03A0013883A003F15060101FFC4113F9A1EEB
:209AA8004811883A3023883A1021883A3825883A003E93068000161E444AB03A28005126BA
:209AB0000108303A20004D1E89A3883A4253883A898D803A3251883A1021883A003F0806FE
:209AB8001000301E4984B03A100071264811883A3023883A3825883A0401FFC4003E8006F7
:209AC0004462B03A8822C03A0007883A003F8B060141FFC411403B260109C83A4200203460
:209AC80001400E0429006716014007C42900701601400804290BC83A4154983A890ED83A37
:209AD000894A983A4108D83A51E2B03A280AC03A8962B03A89A3883A2253883A898D803A63
:209AD8003251883A1021883A003EE5064984B03A103E63268987C83A88C9803A4245C83AD9
:209AE0001105C83A1100202C203EBB263463C83A4A07C83A344D803A1991C83A3825883AC0
:209AE800003E57064984B03A10002E264004D0FA8822D0FA4010977A10C0022C4462B03A37
:209AF000180008264808D0FA20C0022C1800051E300CD0FA4806977A2005883A3825883A42
:209AF80019A2B03A8810D77A100490FA882290FA0401FFC44090B03A003E41060141FFC4E2
:209B0000117FC71E4811883A3023883A1021883A003E3B0610002F264984B03A10001126CB
:209B08004004D0FA8822D0FA4010977A10C0022C4462B03A183FEB264808D0FA20C0022C3C
:209B1000183FE81E300CD0FA4806977A2005883A19A2B03A003FE3060011883A0005883A25
:209B1800003E3F060401FFC4003E25060013883A003F84060005883A0007883A003E89067E
:209B2000197FF80401000804414AD83A190024260100100420C7C83A40C6983A1C46B03A62
:209B28001806C03A28E2B03A0007883A003F23060007883A5811883A00BFFFC40401FFC4A2
:209B3000003E78064462B03A8822C03A0009883A003FA0064811883A3023883A0401FFC47D
:209B3800003E07064811883A3023883A003E040621FFF8040140080441CED83A21400A262F
:209B4000014010042909C83A4108983A2448B03A2008C03A3922B03A0009883A003F8D0607
:209B48000007883A003FDD060009883A003FF706DEFFF004DC8008152824D53ADD800C15E8
:209B5000282CD7FADC00061504000434843FFFC4DFC00F15DF000E15DDC00D15DD400B1556
:209B5800DD000A15DCC00915DC4007159481FFCC2C20703AB2003FCC900061260081FFC411
:209B6000202B883A9080372680800434100490FA2020D77A202A90FA94BF004480A0B03A8F
:209B68000013883A000B883A3806D53A382ED7FA044004348C7FFFC418C1FFCC3029883AAE
:209B70003C62703ABF003FCC18006E260081FFC41880662688800434100490FA3022D77A2E
:209B7800302890FA18FF004488A2B03A000F883AB5E6F03A3A4CB03A008003C49809883ACC
:209B800090C7C83A9CC03FCC11809636300C90BA008000B4109B8904308D883A3080001770
:209B88001000683A0002706400026E9C0002705400026E900002705400027028000270543D
:209B900000026E9000026E9C00026E9C0002702800026E9000026E8000026E8000026E8033
:209B9800000273EC2404B03A10006C1E024002040021883A002B883A01400084003FCA06B4
:209BA0008023883AA829883A4039883A280F883A008000843881601EE027883A9900004C90
:209BA8000081FFC40021883A002B883A1004953A20C03FCC01400434297FFFC4180697FA28
:209BB0008160703A80A0B03A80C6B03AA805883ADFC00F17DF000E17DDC00D17DD800C1757
:209BB800DD400B17DD000A17DCC00917DC800817DC400717DC000617DEC01004F800283ADA
:209BC0002404B03A2023883A10003F2680015E268009883AD9800215D9C00515DA00041593
:209BC8000028E6C0D9800217D9C00517DA000417113FFD4400C0070419014F1600C00744AD
:209BD000157FFE041907C83A8560983A88C6D83A8D6A983A1C20B03A1080FCC400A5C83AC0
:209BD8000013883A000B883A003F8F063444B03A1000231E0023883A0029883A01C000842F
:209BE000003F9B063444B03A1000192688014B268809883AD9400115D9800215DA000415F5
:209BE800DA4003150028E6C0D9400117D9800217DA000417DA400317113FFD4400C0070435
:209BF00019013A1600C00744153FFE041907C83A8D22983A30C6D83A3528983A1C62B03A48
:209BF8001080FCC40087C83A000F883A003F80060023883A0029883A01C00044003F7C0648
:209C000001C000C4003F7A06024001040021883A002B883A01400044003F63060240030473
:209C0800014000C4003F6006040004340009883A843FFFC4057FFFC40081FFC4003F9B069A
:209C100000C000441887C83A01000E0420C1530E9900004C0005883A0021883A002B883ABE
:209C1800003F92068C012E3684412C26A82F883A18FFFFC4002B883AA004D63A8822923AC3
:209C2000A028923A8009883A88ACB03ADD000015B028D43AD8C00215B4BFFFCCA00B883AF5
:209C280000261A40100B883A9009883A1023883A002626008009883AA00B883A1039883A60
:209C3000002620801004943AB808D43AD8C002172084B03A1700062E1585883A893FFFC42D
:209C380015811D3617011C2E8C7FFF841585883A1739C83AA00B883AE009883AD8C00215BE
:209C400000261A40100B883A9009883A1021883A00262600A00B883AE009883AD880041584
:209C4800002620801004943ADA000417BDFFFFCCB884B03AD8C002171200062E1585883A5F
:209C5000813FFFC4158102361201012E843FFF841585883A8822943AD98000171211C83AB2
:209C58008C22B03A373FFFCC8ABFFFCC8820D43A5009883AE00B883A302ED43AD8C0021566
:209C6000DA000415DA80011500262600800B883AE009883AD8800515002626008009883A34
:209C6800B80B883AD880031500262600DA800117B80B883A1021883A5009883A002626004A
:209C7000D9C00517DA400317D8C002173808D43A1245883ADA0004172085883A1240022EF5
:209C7800010000748121883A1008D43A1004943A39FFFFCC2409883A11C5883A4100BB362F
:209C80004100D7264109C83AA8A1C83AAC2B803A256BC83AB540D926A00B883AA809883AF8
:209C8800D8C0021500261A40100B883A9009883AD880051500262600A809883AA00B883AB7
:209C9000D8800415002620801004943A8008D43ADA000417D8C002172084B03AD9C005171C
:209C98001200062E1585883A393FFFC41580C5361200C42E39FFFF841585883A122BC83AE5
:209CA000A00B883AA809883AD8C00215D9C0051500261A409009883A100B883AD880041539
:209CA80000262600A809883AA00B883A1025883A002620801004943A813FFFCCD8C0021795
:209CB00020A0B03AD9C00517DA0004178480062E85A1883A40BFFFC48580AC368480AB2E9A
:209CB800423FFF8485A1883A3804943A84A1C83AE009883A1228B03AA1FFFFCCA024D43A63
:209CC000380B883AD8C00215D9C0051500262600900B883AE009883A102B883A0026260080
:209CC800900B883AB809883A1039883A00262600D9C00517B80B883A1025883A3809883A11
:209CD00000262600A808D43A1705883AD8C002172085883A1700022E010000749125883A40
:209CD8001008D43A1004943AAD7FFFCC2489883A1545883A8100383681003626A50000541D
:209CE0001880FFC400BF2E0EA10001CC20000726A10003CC0140010421400426A149883A66
:209CE8002529803A8D23883A2029883A8900402C200004261881000400FFC03418FFFFC42E
:209CF00088E2703A00C1FF8418BEB416A028D0FA882A977A8820927A1081FFCCAD2AB03A36
:209CF8008020D33A9900004C003EB0068080022C100012268880022C1000101E0080043424
:209D00008C00023410BFFFC4B809883A80A0703AA02B883A003F0806008000C43880B126F5
:209D08000080004438805B1EE009883A0005883A0021883A002B883A003E9C06008004346C
:209D10008400023410BFFFC4B009883A80A0703A003EF906103FCA26B421883AA17FFFC4AC
:209D18008580422E2829883A813FC41ED980001730BFC21E003FC206143FF6048C20983AF0
:209D2000002B883A003EB406D9800215D9C00515DA0004150028E6C010800804DA000417C9
:209D2800D9C00517D9800217003EA106147FF6043462983A0029883A003EC9063009883A27
:209D3000D9400115D9800215DA000415DA4003150028E6C010800804DA400317DA000417BC
:209D3800D9800217D9400117003EB306D9800017A9AB883AA98B803A2D8B883A2A11883A86
:209D4000897FFFC4B2000C2E41003F3622006C264109C83A2823883A003F3B06AD3ED33615
:209D4800A804D07A802E97FAA82A97FA8020D07AB8AEB03A003ED006B23FF51ED9800017A1
:209D5000A9BFF12EB109C83A2823883A003F2E062021883A003EFF062023883A003EE406BD
:209D5800A8BFE2360009883A003F270681002D36240056262829883A003F8006053FFFC4D2
:209D6000003F7F06200F883A003F3C061011883A003F5506E027883A003F7906010007C4DD
:209D680020C028160080080410C5C83A888A983AA0C8D83AA084983A88E2D83A2906B03A71
:209D70001004C03A1886B03A188001CC10000726188003CC01000104110004261805883A14
:209D780010C001041885803A88A3883A8880202C100029269900004C008000440021883A73
:209D8000002B883A003E2906D98000178C7FFF84A9AB883AA98B803A2D8B883A2A11883AF0
:209D8800003EF806D9800017318F883A398B803A2D8D883A81A1883AA17FFF84D9C000155E
:209D9000003F8806013FF8442085C83A8888D83A00800804188021260400100480C7C83AD5
:209D980088E0983A8504B03A1004C03A2084B03A144001CC88000D1E0021883A102AD0FAA7
:209DA0009900004C0005883AAC6AB03A003E07061007883A0023883A8820927A1805883A5B
:209DA8008822977A8020D33A003FF40610C003CC01000104193FF6260023883A003FC806EF
:209DB000A8BFD1362823883A003FA606D980001730BFD4362829883A003F64060021883A25
:209DB800003FE006008004348C00023410BFFFC4E009883A80A0703AA02B883A003E4E06C6
:209DC0002804D53A3806D53A02000434423FFFC41081FFCC0281FFC42A12703A18C1FFCC51
:209DC8003A10703A280AD7FA380ED7FA128010260281FFC41A800A2610C0022600800044D9
:209DD000F800283A4A3FFD1E21BFFC1E29C00C26103FFA1E2244B03A1004C03AF800283A41
:209DD8003214B03A503FF42600800044F800283A2254B03A503FEE2600800044F800283A53
:209DE0000005883AF800283A2804D53A3806D53A02000434423FFFC41081FFCC0241FFC4DA
:209DE8002A14703A18C1FFCC3A10703A280AD7FA380ED7FA12401D260241FFC41A40122694
:209DF0001000081E2296B03A5813003A1800091E3218B03A6000071E0005883A5800101E91
:209DF800F800283A18000C1E3212B03A48000C260013883A39C03FCC480008263800092651
:209E000000800044F800283A3212B03A483FEC2600BFFF84F800283A39C03FCC29C00626A8
:209E0800283FF72600BFFFC4F800283A2292B03A483FE126003FF60618BFF91610C00316A4
:209E100042BFF736520003265200042E283FEC1E003FF406313FF23621BFFC360005883AEA
:209E1800F800283A2804D53A3810D53A00C0043418FFFFC41081FFCC0241FFC428D4703A64
:209E20004201FFCC38C6703A280AD7FA380ED7FA12401F260241FFC4424014261000091EC2
:209E28002296B03A5813003A29403FCC40000A1E30D8B03A6000081E0005883A5800111E31
:209E3000F800283A29403FCC40000C1E30D2B03A48000C260013883A39C03FCC4800082625
:209E38003800112600800044F800283A30D2B03A483FEA2600800084F800283A39C03FCC98
:209E4000394007262800081E00800044F800283A2292B03A483FDF2600800084F800283A68
:209E48004080030E383FEF2600BFFFC4F800283A123FEB161ABFF33650C0032650C0042EF2
:209E5000283FE81E003FF806313FEE3621BFFC360005883AF800283ADEFFEE04DD000C15B4
:209E58002828D53ADDC00F15282ED7FADC00081504000434DCC00B15843FFFC4DFC0111567
:209E6000DF001015DD800E15DD400D15DC800A15DC400915A501FFCC2C20703AB827883A62
:209E6800BA403FCCA00060260081FFC4202D883AA080362684000434200AD77A800490FA9B
:209E7000202C90FAA53F004428A0B03A002B883A000B883A3804D53A3838D7FA0440043460
:209E78008C7FFFC41081FFCC3025883A3C62703AE2803FCC10006D2600C1FFC410C0652652
:209E80008C400434300ED77A880690FA302490FA10BF004438E2B03A000F883AA087883A68
:209E8800010003C43D44B03AE5CCF03A1A00004420809B36100490BA010000B4211E9304F4
:209E90001105883A108000171000683A00027CA000027AAC00027AAC00027AA800027C7CF5
:209E980000027C7C00027C6400027AA800027C7C00027C6400027C7C00027AA800027C8CA6
:209EA00000027C8C00027C8C00027FEC2404B03A1000711E054002040021883A002D883A53
:209EA80001400084003FCB06500D883A0080008438805926008000C43881BB2600800044C9
:209EB0003881961E3027883A0005883A0021883A002D883A1004953A98C03FCC04400434B1
:209EB8008C7FFFC4180697FA8460703A80A0B03A80C6B03AB005883ADFC01117DF00101701
:209EC000DDC00F17DD800E17DD400D17DD000C17DCC00B17DC800A17DC400917DC0008178A
:209EC800DEC01204F800283A2404B03A202B883A10004426800151268009883AD98007151B
:209ED000D9C00215DA4004150028E6C0D9800717D9C00217DA400417113FFD4400C0070407
:209ED8001901421600C0074415BFFE041907C83A85A0983AA8C6D83AADAC983A1C20B03A2D
:209EE0001080FCC400A9C83A002B883A000B883A003F90063446B03A1800281E0023883A31
:209EE8000025883A01C00084003F9C063446B03A18001E26880121268809883AD94002153A
:209EF000D9800715DA400415DA8003150028E6C0D9400217D9800717DA400417DA80031718
:209EF800113FFD4400C007041901101600C0074414BFFE041907C83A8CA2983A30C6D83AA4
:209F000034A4983A1C62B03A1080FCC40085C83A000F883A003F81063027883A0081FFC464
:209F08000021883A002D883A003FAA060023883A0025883A01C00044003F780601C000C465
:209F1000003F7606054001040021883A002D883A01400044003F5F0605400304014000C4E0
:209F1800003F5C06040004340027883A843FFFC405BFFFC40081FFC4003F96068023883AD2
:209F2000B025883A280F883A003F88068023883AB025883A480D883A280F883A003F8306F0
:209F2800B026D43A902ED43AB5BFFFCC94BFFFCCB00B883A9009883AD8C00515D98007150D
:209F3000DA00061500262600980B883A9009883A1029883A00262600B80B883A9809883AE1
:209F3800102B883A00262600B809883AB00B883A1039883A00262600A008D43A1545883A97
:209F4000D8C005172085883AD9800717DA0006171540022E01000074E139883A100E943AB6
:209F48001004D43A882AD43AA53FFFCC8C7FFFCC3D29883AB00B883A8809883AD8C00515E8
:209F5000D9800715DA000615DD000115D880001500262600980B883A8809883AD8800215B4
:209F5800002626009809883AA80B883A1029883A00262600B00B883AA809883AD88004151D
:209F600000262600D9C002171505883AD8C005173826D43AD9800717DA0006179885883A9A
:209F6800DA4004171500022E010000744913883A1028D43A1004943A802CD43A843FFFCC5C
:209F70003CFFFFCC9009883A800B883AA269883AD8C00515D9800715DA00061514E7883A7D
:209F7800002626009009883AB00B883AD880031500262600B809883AB00B883AD88002157A
:209F800000262600B80B883A8009883AD880041500262600DA800317D9C00217D9000017D2
:209F8800502ED43A11C5883A24E5883AB885883AD8C00517D9800717DA000617DA40041774
:209F900011C0022E010000744913883A100ED43A1004943A55FFFFCC3A53883A8809883A4E
:209F9800800B883AD8C00515D9800715DA000615DA40041515EF883A002626008809883AA8
:209FA000B00B883AD880021500262600B00B883AA809883AD8800315002626008009883A72
:209FA800A80B883A1023883A00262600D9C00217DA800317D8C005173808D43A1285883A62
:209FB000D98007172085883ADA000617DA4004171280022E010000748923883A1008943AFC
:209FB80039FFFFCCE4B9883A21CF883AE4E7803A3D0F883ABF39883A99C9883AE5EF803A76
:209FC000490B883A1004D43AB965883A24C9803A3D29803AA128B03A95EF803A2A53803A7A
:209FC800A0A9883A4DEEB03AA5EF883ABC63883AE004927AD9000117882E927A9022D5FAEE
:209FD000E038D5FA1104B03A9024927A1004C03ABC62B03A1738B03A8880402CE4A4B03A96
:209FD800100007269006D07A880497FA9480004C8822D07A1CA4B03A14A4B03A4007883A86
:209FE0001880FFC40080460E910001CC20000726910003CC01400104214004269149883ABA
:209FE80024A5803A8CA3883A2025883A8900402C200004261881000400FFC03418FFFFC435
:209FF00088E2703A00C1FF8418BF1316882C977A9024D0FA8822927A1081FFCCB4ACB03A5A
:209FF8008820D33A3027883A003EBA068080022C100009268880022C1000071E00800434ED
:20A000008C00023410BFFFC4E027883A80A0703A902D883A003F170600800434840002340C
:20A0080010BFFFC480A0703A003F1206147FF6043462983A0025883A003EF3063009883A77
:20A01000D9400215D9800715DA400415DA8003150028E6C010800804DA800317DA400417D3
:20A01800D9800717D9400217003EDD06143FF604AC20983A002D883A003EC106D98007150A
:20A02000D9C00215DA4004150028E6C010800804DA400417D9C00217D9800717003EAE0683
:20A0280000C000441887C83A01000E0420FE8516010007C420C01B160080080410C5C83A67
:20A03000888A983A90C8D83A9084983A88E2D83A2906B03A1004C03A1886B03A188001CC4C
:20A0380010000726188003CC01000104110004261805883A10C001041885803A88A3883A2B
:20A040008880202C10001C263027883A008000440021883A002D883A003E6E064007883AF0
:20A04800003F9706017FF8442885C83A888AD83A0080080418801A260100100420C7C83A2B
:20A0500088E2983A8CA4B03A9004C03A2884B03A144001CC88000D1E0021883A102CD0FAB9
:20A058003027883A0005883AB46CB03A003E59061007883A0023883A8820927A1805883A10
:20A060008822977A8020D33A003FF40610C003CC01000104193FF6260023883A003FD50627
:20A068000023883A003FE706008004348C00023410BFFFC43027883A80A0703A902D883A59
:20A07000003EAC0602000434423FFFC4DEFFFB042A14703A3812D53A3A10703A2006D77ADA
:20A078003004D77ADC000015501490FA2820D53A401090FADC800215DC400115DFC00415D6
:20A08000202290FADCC003154A41FFCC0101FFC42824D7FA8401FFCC50C6B03A380ED7FAA1
:20A08800408AB03A300C90FA4900962639C0005C8245C83A3C8074260080AF0E48002A1EF8
:20A090002988B03A20009A1E888001CC10000726888003CC0100010411000426890B883ABD
:20A098002C63803A1C47883A2823883A1880202C10005926840000440081FFC48080BE26CA
:20A0A000017FE034297FFFC41946703A1804977A1806927A8822D0FA8401FFCC180AD33A4E
:20A0A8009100004C1444B03A80C1FFCC1820953A20C03FCC180897FA00C0043418FFFFC4F8
:20A0B00028C6703A1C06B03A1906B03ADFC00417DCC00317DC800217DC400117DC000017D7
:20A0B800DEC00504F800283A0101FFC4813FD6262940203401000E042080A316010007C411
:20A0C0002080C616010008042089C83A2910983A308ED83A3108983A2884D83A41CCB03AB1
:20A0C8002008C03A310CB03A898DC83A89A3803A1887C83A1C47C83A3023883A1880202C32
:20A0D0001000232604C020349CFFFFC41CE6703A98007A269809883A0028E6C0113FFE043A
:20A0D80000C007C419007B16008008041105C83A8884D83A9906983A8922983A10C4B03AC5
:20A0E000240078162421C83A80C00044010007C420C095160140080428CBC83A88C8D83AE8
:20A0E8008962983A114A983A10C6D83A8804C03A290AB03A28A2B03A0021883A003FA20665
:20A0F0002090B03A40018E261007883A2023883A888001CC103F9E1E1804977A8822D0FA62
:20A0F8001810D0FA9100004C1444B03A00C1FFC480C0282601400434297FFFC480E0703A37
:20A10000414A703A003FA8060080630E480030260101FFC4813F8C262940203401000E0487
:20A108002080A90E298CB03A3012C03A0005883A4C53883A4C63803A10C7883A88C7883ACA
:20A110004823883A1880202C1000D026840000440081FFC48080FE2600BFE03410BFFFC483
:20A118001886703A880AD07A180497FA8900004C2922B03A1806D07A1462B03A3825883A65
:20A12000003F71062984B03A103F682639C03FCC003F67064086B03A1801522600C004340C
:20A128004140023418FFFFC428CA703A003F7E0610BFFFC41000491E898FC83A89E3803ADE
:20A130001947C83A1C47C83A3823883A003F9B062988B03A203F5C2610BFFFC41000931E7C
:20A13800898D883A3463803A1947883A88C7883A3023883A003FD3061000541E80800044B8
:20A140001081FFCC010000442080A20E8989C83A8905803A1967C83A98A7C83A9880202C8B
:20A14800100063263463C83A28C7C83A344D803A19A7C83A3825883A983F861E8809883AEA
:20A150000028E6C010800804113FFE0400C007C4193F850E10BFF6048884983A0023883A31
:20A15800243F880E00FFE03418FFFFC48121C83A10C6703A003F34069100004C000B883ABA
:20A160000005883A003F4806298CB03A300CC03A0005883A003F640610009A1E8240004478
:20A168004881FFCC028000445080670E0081FFC44880AF26898D883A1945883A3447803A2A
:20A170001887883A182297FA300CD07A1806D07A4821883A89A2B03A003F1B060101FFC450
:20A17800813F441E003F1806843FF844014008041408D83A194050260140100428C7C83AB9
:20A1800010C4983A88A2B03A8822C03A2462B03A0007883A0021883A003F6D0611FFF80487
:20A188000100080429CED83A11004526010010042089C83A2904983A118CB03A300CC03AA9
:20A19000398CB03A0005883A003F370680002A260101FFC4490066260085C83A18C02034A0
:20A1980001000E0420807E16010007C42080E716010008042089C83A1914983A8890D83A16
:20A1A0008908983A1884D83A5222B03A2006C03A88E2B03A3463C83A2885C83A344D803A39
:20A1A8001187C83A4821883A3825883A003F230624D0B03A40001B1E0005883A0009883A62
:20A1B0000021883A003F4906010007C420803A16010008042089C83A2912983A3090D83ACB
:20A1B8003108983A2884D83A4A12B03A2008C03A4912B03A003F4E061C48B03A20003C26AE
:20A1C0000084303A1000381E3463C83A28C5C83A344D803A1187C83A4821883A3825883A84
:20A1C800003F06062023883A003F09060101FFC4813F3A1E003EC4060005883A003FB10637
:20A1D0000005883A003FBC061C44B03A80008E1E1000C8262984B03A103EBB268989883A99
:20A1D8001945883A2447803A1887883A1880202C2023883A103F162600BFE03410BFFFC4E8
:20A1E0005021883A1886703A003EAF063825883A003F0F061C44B03A8000251E1000661EDD
:20A1E8002990B03A400096262807883A3023883A3825883A003EA406127FF8040100080411
:20A1F0002A52D83A11008C26010010042085C83A2884983A118CB03A300CC03A4992B03A42
:20A1F8000005883A003F12060101FFC4493F9C1E2807883A3023883A4821883A3825883AD2
:20A20000003E910680001F1E1C48B03A20005A260084303A1000561E89A3883A1945883A3E
:20A20800898D803A3087883A4821883A003F050610002B1E2984B03A100080262807883AE1
:20A210003023883A3825883A0401FFC4003E7E063809883A0011883A0005883A003EE306AC
:20A218001C62B03A8822C03A0005883A003F89063809883A4821883A0011883A0005883ABD
:20A22000003EDA060101FFC449003B260085C83A18C0203401000E0420806E16010007C4DB
:20A2280020807716010008042089C83A1914983A8890D83A8908983A1884D83A5222B03A99
:20A230002006C03A88E2B03A89A3883A1145883A898D803A3087883A4821883A003ED90603
:20A238002984B03A100042261808D0FA8822D0FA1806977A2080022C1C62B03A10000826F6
:20A240002812D0FA4880022C1000051E300CD0FA2804977A4809883A3825883A11A2B03ABF
:20A248008806D77A200890FA882290FA0401FFC41906B03A003E44062984B03A103E42268B
:20A250008989C83A8911803A1945C83A1205C83A1200202C403E9A263463C83A28C5C83AE9
:20A25800344D803A1187C83A3825883A003E36060101FFC4493FC71E2807883A3023883A40
:20A260004821883A003E3006100036262984B03A100017261808D0FA8822D0FA1806977A62
:20A268002080022C1C62B03A100007262812D0FA4880022C1000041E300CD0FA2804977AF4
:20A270004809883A11A2B03A8806D77A200890FA882290FA3825883A1906B03A0401FFC469
:20A27800003E1906000B883A0005883A003E2E060401FFC4003E14060005883A003F7506C2
:20A280000005883A0009883A003E7806123FF804010008041A10D83A110025260100100469
:20A288002085C83A1884983A1444B03A1004C03A40A2B03A0005883A003F16060200043429
:20A290000009883A423FFFC400BFFFC40401FFC4003E66061C62B03A8822C03A0005883AD8
:20A29800003F99062807883A3023883A0401FFC4003DF5062807883A3023883A003DF20687
:20A2A000123FF804010008041A10D83A11000A26010010042085C83A1884983A1444B03A5B
:20A2A8001004C03A40A2B03A0005883A003F86060005883A003FDC060005883A003FF7063F
:20A2B000280CD53A00C0043418FFFFC43181FFCC01C0FF8428C6703A280AD7FA3980120E44
:20A2B8000081074411800C1600810CC41185C83A01C007C418C0043438800D1631BEFB4479
:20A2C0002084D83A1986983A1884B03A280007260085C83AF800283A00A0003410BFFFC435
:20A2C8002885883AF800283A0005883AF800283A008104C41185C83A1884D83A003FF306C5
:20A2D000DEFFFD04DFC00215DC400115DC00001520002B262023883A2020D7FA20002D16CD
:20A2D8008809883A0028E6C001410784288BC83A01010CC42149C83A00C007C41900160EBD
:20A2E00000C104C41947C83A88C6983A0080043410BFFFC41886703A2941FFCC800D883A3D
:20A2E8000005883A280A953A31803FCC01000434300C97FA213FFFC41906703A1946B03A97
:20A2F0001986B03ADFC00217DC400117DC000017DEC00304F800283A00C002C41887C83AC0
:20A2F80088C6D83A8904983A01000434213FFFC42941FFCC1906703A800D883A003FE906B0
:20A30000000D883A000B883A0007883A0005883A003FE4060123C83A003FD106DEFFFE04CD
:20A30800DC000015DFC001152021883A200022260028E6C0010107842089C83A01810CC4CC
:20A31000310DC83A00C007C41980120E00C104C41907C83A80CA983A0080043410BFFFC498
:20A318002101FFCC0021883A288A703A2008953A00C0043418FFFFC428C6703A8005883A51
:20A320001906B03ADFC00117DC000017DEC00204F800283A00C002C4188BC83A814AD83A64
:20A3280000C0043418FFFFC481A0983A2101FFCC28CA703A003FED060009883A000B883AFD
:20A33000003FEA062810D53A01C0043439FFFFC429CE703A4201FFCC380E90FA200CD77AA7
:20A33800424000444A41FFCC00C00044280AD7FA31CEB03A200490FA1A40230E40FF20045D
:20A3400001803F8430C0151600C0380E200C91BA380E90FA1004D77A300CC03A31CCB03ACF
:20A34800308CB03A308001CC10000426308003CC0100010411000126318001043081002C48
:20A350001000162618C0004400803FC418800326300C91BA300CD27A0000020600FFFFC468
:20A35800000D883A18C03FCC180895FA00C02034280A97FA18FFFFC430C6703A1906B03A2A
:20A360001944B03AF800283A40000B1E388CB03A0007883A300004260180014400803FC4B9
:20A36800300CD0FA18800A260080203410BFFFC4308C703A003FEB063888B03A203FE726F5
:20A37000380C90FA00C03FC431808034003FD506303FE226008020343180103410BFFFC4EB
:20A3780000FFFFC4308C703A003FDE06013FFA4419000E160100078420C9C83A018007C4FC
:20A3800039C0203431000B16423F2084120C983A3A0E983A1104D83A300CC03A31CEB03AA9
:20A38800388CB03A0007883A003FBE060007883A003FD90601BFFF8430CDC83A00C0080446
:20A39000398CD83A20C00726423F28843A0E983A3884B03A1004C03A118CB03A0007883A7E
:20A39800003FB006000F883A003FF90600BFFFD41100053600803FC411000F36008008045E
:20A3A0000007883A000005060080403410BFFFC411000C2E0080020400C0060420C8D83AAE
:20A3A80000C000F418EAE4841909883A20C0000310C5C83AF800283A0080060400C002042F
:20A3B000003FF606008004041007883A003FF306D0A00B1710000926DEFFFF04DFC0001554
:20A3B800103EE83A00C0160410C0001500BFFFC4DFC00017DEC00104F800283AD0A3C104E9
:20A3C00000C0160410C0001500BFFFC4F800283A0080008411000436008800042880011549
:20A3C8000005883AF800283A00BFFFC4F800283ADEFFFB04DC800215D4A3D117DCC0031516
:20A3D000D4E3D017DFC00415DC400115DC00001590003A262021883A2823883A9809883A91
:20A3D800900B883A00261A40D0E3C817010003F4900B883A1885883A211090048080001568
:20A3E00000261A40980D883A000F883A1009883A000B883A0024D140018003F41009883A75
:20A3E80031909004000F883A180B883A0025AE80D0E3C917010003F4211090041885883A48
:20A3F000808001158080011710000A0E80C0001700C0031680000015800001150000110685
:20A3F80018FFFFC41105883A80C0001580800115003FF406010003F4017FFC7421108FC483
:20A40000296F7004808001172080060E80C000171145883A8080011518C0004480C000156E
:20A40800003FF80688000726D0A3CA1788800015D0A3CB17888001150000020600BFDE8435
:20A41000000001060005883ADFC00417DCC00317DC800217DC400117DC000017DEC00504AB
:20A41800F800283A00290F010009303A00BFFF842084703A1001703A00C00044D0A3CC1779
:20A42000194A983A288AB03AD163CC15D0A3CC17100170FA2001703A0005883AF800283A79
:20A428000009303A00BFFF842084703A1001703A00FFFF84D0A3CC17194A183A288A703A6D
:20A43000D163CC15D0A3CC17100170FA2001703A0005883AF800283A000730FA0080004445
:20A438001144983A10C4703A1004C03AF800283A00C007C419401616DEFFFE04DFC0011553
:20A44000DC0000150021303A00FFFF8480C6703A1801703A280490FA00C000F418F71304BB
:20A448001885883A1180001511C0011530000226002906800000010600290A008001703A9C
:20A45000DFC00117DC000017DEC00204F800283A00BFFA84F800283A008000841105403A19
:20A45800F800283ADEFFFF04010000F4014000F4DFC00015212B2504296ED2042140061E65
:20A46000010000340140003421000804294008042140121E00000B0600C000F418EED2045E
:20A468001907C83A0005883A10FFF526114F883A39C00017110D883A1080010431C0001514
:20A47000003FF906010000F4014000F421258704296587042140101E00000B0600C00034E6
:20A4780018C060041907C83A0005883A10FFF526114F883A39C00017110D883A10800104CE
:20A4800031C00015003FF90600295980DFC00017DEC00104002959C100C000F418EB2504FA
:20A488001907C83A0005883A18BFF726114F883A39C00017110D883A1080010431C000152A
:20A49000003FF906D0A00B1710000926DEFFFF04DFC00015103EE83A00C0160410C00015DA
:20A4980000BFFFC4DFC00017DEC00104F800283AD0A3C10400C0160410C0001500BFFFC4F6
:20A4A000F800283ADEFFFF040009883ADFC0001500294E4000295040D1A3CD17D163CE1702
:20A4A800D123CF17DFC00017DEC0010400006741F800283AF800283AD0A00B171000092634
:20A4B000DEFFFF04DFC00015103EE83A00C0160410C0001500BFFFC4DFC00017DEC00104EE
:20A4B800F800283AD0A3C10400C0160410C0001500BFFFC4F800283A2000041E010000F420
:20A4C000000F883A212ED10400295081D0A00B1710000926DEFFFF04DFC00015103EE83AB8
:20A4C80000C0144410C0001500BFFFC4DFC00017DEC00104F800283AD0A3C10400C01444F2
:20A4D00010C0001500BFFFC4F800283A000B303A00BFFF842884703A1001703AD0A00D174F
:20A4D80000FFFF04108000C410C4703A00C00134D0A00D151109883A18FA00041900032ECD
:20A4E0002801703A00BFFFC4F800283AD1200D152801703AF800283A0007303A00BFFF84BA
:20A4E8001884703A1001703A2140011720800017114001152140011728800015210001154F
:20A4F000210000151801703AF800283AD0A3D017DEFFFB04DC000015D4200E1710800044E5
:20A4F800DC800215DC400115DFC00415DCC00315D0A3D015D4600E040480004484401A26C9
:20A500008080040384C0001710000326D0A3D0171000011E80000405D0E3D01780800217DB
:20A5080018800F368080040310000D1E8080031781000517103EE83A1000031E8009883A71
:20A51000002939800000060680C0021710C5883AD0E3D0178080021510C0012E8480040590
:20A518009821883A003FE506DFC00417DCC00317DC800217DC400117DC000017DEC00504CB
:20A52000F800283A0080004420800226008000842080041E010000F4000F883A212ED10485
:20A5280000295641D0A00B1710000926DEFFFF04DFC00015103EE83A00C0144410C0001581
:20A5300000BFFFC4DFC00017DEC00104F800283AD0A3C10400C0144410C0001500BFFFC41F
:20A53800F800283ADEFFFF04DFC0001500296140008000441001703ADFC00017DEC0010473
:20A54000F800283AF800283A21000017298D883A2805883A3A10000C11800B2E20C0003771
:20A548001A60000C4800032610C0000510800044003FF906114002261145C83AF800283AEA
:20A55000403FF52600000106117FFB1E39D0000C3800021E00BFFEC4F800283A00BFFD4459
:20A55800F800283A210000173005883A298D883A21C001042980072E38C0003718FFFFECED
:20A56000183FFC2628C0000720C0003529400044003FF806F800283AF800283AF800283A66
:20A56800213FFE84008003C411001636200890BA008000F410A571042089883A208000171B
:20A570001000683A0002960C0002960C0002960400029604000296040002960C00029604BD
:20A57800000296040002960C0002960C000296040002960C000296040002960400029604CB
:20A580000002960C0005883AF800283A00800044F800283A000170FAF800283A20656854D2
:20A588006920444925203A73000A20787469615720676E6961747327002774726F72724502
:20A590006F203A72646F63706F6E2065A1C376206F64696C000000007665754E706F206FBA
:20A5980065646F63766E65206F646169000000006F7272454F203A72646F6370783020657C
:20A5A0006E2058256620746F646E756F00000A2E6F72724549203A726C61766E6E20646980
:20A5A80065626D75666F2072677261206E656D75662073746F20726F646F637078302065C4
:20A5B000202E582565707845646574632C642520746F6720757A252000000A2E6F7272454B
:20A5B8004E203A726163206F61626C6C64206B636E696665662064656F20726F646F637022
:20A5C000783020650A2E5825000000006F72724555203A727075736E74726F706E206465FE
:20A5C80065626D75666F20727261702074656D612073726529642528726F662063706F204C
:20A5D0002065646F5825783000000A2E0000000100000008000000010000000400000002A6
:20A5D800000000010000000400000007000000010000000100000001000000010000000152
:20A5E000000000010000000100000009000000020000000200000003000000010000000543
:20A5E80000000001000000020000000800000001495353520000000071657246636E6575CD
:20A5F000755420796E696E6E000000676E69614700000000696C61437461726200000065C9
:20A5F80000005149646E614200000000747365540000000062616E454320656C6E6E616845
:20A6000000006C65706D6153676E696C0000000062616E450000656C0052494646465542E3
:20A60800000000000043414D6568744F00000072706F6F6C6B6361620000000000494E4934
:20A6100000495053736765520000000065746E496C616E720000000065776F500000007263
:20A618004B524F57444F4D2000000045204F4356656C657346207463004C49415F6C616347
:20A62000646165727373725F72203A69696461657220676E006973735F6C61636E6961671B
:20A628006C65735F69746365203A6E6F6461657220676E69697373720000000072206C6575
:20A63000206973732520736500000A64207079627920642570746E202520736100000A648A
:20A638007838302500000A204C49465B4E4920450A5D4F460000000065707974534D4C3DBA
:20A64000323030376E6F63207567696669746172000A6E6F737265763D6E6F6900000A3111
:20A648006572465B6E6575717365696300000A5D4E454743657266206E6575714D2079633A
:20A65000253D7A4800000A662052585371657266636E6575484D207966253D7A0000000A66
:20A658002054585371657266636E6575484D207966253D7A0000000A534D4C5B32303037E0
:20A660006765722065747369632073725D412E680000000A30257830303D7834343025780A
:20A6680000000A78534D4C5B323030376765722065747369632073725D422E680000000A86
:20A670006665525B6E657265632065636B636F6C000A5D734E454743666572206E657265B6
:20A67800662065637571657279636E657A484D200A66253D00000000205258536566657248
:20A68000636E657272662065657571652079636E3D7A484D000A66252054585365666572F9
:20A68800636E657272662065657571652079636E3D7A484D000A6625534D4C5B32303037A2
:20A690006765722065747369632073725D412E6800000000534D4C5B32303037676572208D
:20A6980065747369632073725D422E680000000030257830303D78343430257800000078C1
:20A6A00000000020000000210000002200000023000000240000002500000026000000277E
:20A6A80000000028000000290000002A0000002B0000002C0000002E0000002F00000081E2
:20A6B000000000820000008400000085000000860000008700000088000000890000008A57
:20A6B8000000008B0000008C0000008D0000009200000093000000940000009500000096FA
:20A6C0000000009700000098000000990000009A0000009B0000009C0000009D0000009EA6
:20A6C8000000009F000000A0000000A1000000A2000000A3000000A4000000A5000000A65E
:20A6D000000000A7000000A8000000AA000000AB000000AD000000AE000001000000010168
:20A6D80000000102000001030000010400000105000001060000010700000108000001092E
:20A6E0000000010A0000010B0000010C0000010D0000010E0000010F0000011000000111E6
:20A6E80000000112000001130000011400000115000001160000011700000118000001199E
:20A6F0000000011A0000011B0000011C0000011D0000011E0000011F000001200000012156
:20A6F800000001220000012300000124000001250000012600000200000002010000020280
:20A70000000002030000020400000205000002060000020700000208000002090000020AF5
:20A708000000020C0000024000000241000002420000024300000400000004010000040206
:20A71000000004030000040400000405000004060000040700000408000004090000040AD5
:20A718000000040B0000040C0000040E00000440000004410000044200000443000005C015
:20A72000000005C1000005C2000005C3000005C4000005C5000005C6000005C7000005C8CD
:20A72800000005C9000005CA000005CB000005CC00000600000006010000060200000603B5
:20A730000000060400000605000006060000064000000641000000006D315B1B31335B1B6D
:20A7380041465B6D5D4C41541B7325200A6D305B000000006D315B1B31335B1B52435B6D54
:20A7400043495449205D4C415B1B7325000A6D306D315B1B31335B1B52455B6D5D524F5274
:20A748001B7325200A6D305B000000006D315B1B33335B1B41575B6D4E494E5225205D47AC
:20A75000305B1B7300000A6D32335B1B4F4E5B6D454349547325205D6D305B1B0000000AC2
:20A75800464E495B25205D4F00000A734245445B205D4755000A73254152545B205D454313
:20A76000000A732569737372746E69200A6425200000000037534D4C656C735F755F7065E9
:20A768006C69746E656C203A3D2074666C6C252000000A64635F78746C5F6C613A706F6F5F
:20A77000696167206573206E7463656C006E6F69635F78746C5F6C613A706F6F6961672005
:20A778006573206E7463656C206E6F69656E6F647372202C765F697365756C616B30355FEF
:20A7800025203D2000000A646D616C4C20616461000A6425697373726C61765F203A6575B3
:20A78800000A6425697373726C61765F355F6575203A6B30000A6425756A6461203A7473E0
:20A79000000A64256D616C6C2061646100000032746174733020737525203A3000000A64E7
:20A798007461747330207375203A3030000A6425746174733020737525203A3100000A644E
:20A7A000687461706425203A0000000A006E694674617473203A7375000A6425204F435649
:20A7A800656C657346207463204C49416F74202D6968206F00006867204F4356656C6573A5
:20A7B00046207463204C49416F74202D6F6C206F00000077204F435600004B4F4154414489
:20A7B8003025203A000A7838FDFF20802010898005418680FDFF208000000384000003824F
:20A7C000D004888000008780D20488807010898001418680FE1E8B807E1F8B803E1F8B80B0
:20A7C8005E1F8B804E1F8B80461F8B804A1F8B80481F8B80561F8B805A1F8B80581F8B8095
:20A7D000501F8B8000FF2C8010002B8030002B8086002A8086002A8000002C8030002B80C7
:20A7D80038002B8086002A8086002A80FDFF2080FEFF2080FFFF20809F0E2180FF0F228049
:20A7E00050552380E4E42480E4E4278086002A80018082808D020084FF000C8455550B84A8
:20A7E800CD020084AAAA0B84ED02008400000580F001258008002380080023800A00268087
:20A7F00001022A8061622B8020212E8020212F805A552780555528800900238008632380ED
:20A7F800070224800A632380086323800100FFFF00000A809F0E2180FF0F228050552380A7
:20A80000E4E42480E4E4278084042A800180828000020A8000000580F0012580000023805E
:20A80800000023800A00268001022A8061622B8020212E8020212F805A552780555528803B
:20A81000010023800063238007022480026323800063238000020A8000000580F00125801C
:20A8180000002380000023800A00268001022A8061622B8020212E8020212F805A552780DA
:20A8200055552880010023800063238007022480026323800063238000020A800000058050
:20A82800F001258000002380000023800A00268001022A8061622B8020212E8020212F808A
:20A830005A55278055552880010023800063238007022480026323800063238000020A806F
:20A8380000000580F001258000002380000023800A00268001022A8061622B8020212E80E5
:20A8400020212F805A552780555528800100238000632380070224800263238000632380FB
:20A8480000020A8000000580F001258000002380000023800A00268001022A8061622B8038
:20A8500020212E8020212F805A552780555528800100238000632380070224800263238002
:20A858000063238000020A8000000580F001258000002380000023800A00268001022A8090
:20A8600061622B8020212E8020212F805A552780555528800100238000632380070224808C
:20A86800026323800063238000020A8000000580F001258000002380000023800A00268025
:20A8700001022A8061622B8020212E8020212F805A5527805555288001002380006323807C
:20A8780007022480026323800063238000020A8000000580F0012580000023800000238018
:20A880000A00268001022A8061622B8020212E8020212F805A5527805555288001002380C2
:20A888000063238007022480026323800063238000020A8000000580F001258000002380A5
:20A89000000023800A00268001022A8061622B8020212E8020212F805A55278055552880B3
:20A89800010023800063238007022480026323800063238000020A8000000580F001258094
:20A8A00000002380000023800A00268001022A8061622B8020212E8020212F805A55278052
:20A8A80055552880010023800063238007022480026323800063238000000580F0012580BE
:20A8B0000000238004002380000023800A00268001022A8061622B8020212E8020212F80F1
:20A8B8005A552780555528800100238000002380000024800022238002222380002223809C
:20A8C0000022238089002480002323800223238000232380FDFF20809F0E2180DF072280C0
:20A8C80059552380E4E42480E4E4278086002A800B8082808100008400000C84FEFF208055
:20A8D0008100008400000C84FDFF208000000A80FDFF208058552380DF0722801855238029
:20A8D8005855238050552380FDFF2080FDFF2080FDFF2080FDFF2080FDFF2080FDFF208020
:20A8E000FDFF2080FDFF2080FDFF2080FDFF2080FDFF2080FDFF2080FDFF2080FDFF208078
:20A8E800FDFF2080FDFF2080FDFF20800000418200004182000041820000418200004182AD
:20A8F000000041820000418200004182000041820000418200004182000041820000418230
:20A8F80000004182000041820000418200004182FDFF2080000108821001088230010882B7
:20A90000700108821111111111111111111111111111111111111111111111111111111160
:20A908001111111111111111111111111111111111111111010101110101010101010101BF
:20A91000010101011101010111111111010111110101010101010101010101010101010197
:20A918000101010101010101010101010101010101010101010101010101010101010101FF
:20A920000101010101010101010101010101010101010101010101010101010101010101F7
:20A928000101010101010101010101010101010101010101010101010101010101010101EF
:20A930000101010101010101010101010101010101010101010101010101010101010101E7
:20A938000101010101010101010101010101010101010101010101010101010101010101DF
:20A940000101010101010101010101011101010111111111111111111111111111110111D7
:20A948001111111111111111111111111111111111111111111111111111111111111111CF
:20A9500011111111111111110011111100776F70000000004330000000000000C330000070
:20A9580000000043646C2565000A000000020001000400030006000500080007000A000901
:20A96000000C000B000E000D0010000F00464E4900666E69004E414E006E616E333231308C
:20A96800373635344241393846454443000000003332313037363534626139386665646391
:20A97000000000006C756E280000296C30300030303030303030303030303030202030304B
:20A978002020202020202020202020202000202020202020202020202828282820202028B7
:20A9800020202020202020202020202088202020101010101010101010101010041010105B
:20A9880004040404040404041010100410101010414141410101414101010101010101018B
:20A9900001010101010101011010010110101010424242420202424202020202020202029D
:20A9980002020202020202021010020200201010000000000000000000000000000000002B
:20A9A000000000000000000000000000000000000000000000000000000000000000000097
:20A9A80000000000000000000000000000000000000000000000000000000000000000008F
:20A9B000000000000000000000000000000000000000000000000000000000000000000087
:20A9B80000000000000000000000000000000000000000000000000000000000000000007F
:20A9C000000000000000000000000000000000000000000000000000000000000000000077
:20A9C80000000000000000000000000000000000000000000000000000000000000000006F
:20A9D000000000000000000000000000000000000000000000000000000000000000000067
:20A9D800000000000000000000000000200000002020202020202020282828282020202817
:20A9E0002020202020202020202020208820202010101010101010101010101004101010FB
:20A9E80004040404040404041010100410101010414141410101414101010101010101012B
:20A9F00001010101010101011010010110101010424242420202424202020202020202023D
:20A9F8000202020202020202101002020020101000000000000000000000000000000000CB
:20AA0000000000000000000000000000000000000000000000000000000000000000000036
:20AA080000000000000000000000000000000000000000000000000000000000000000002E
:20AA1000000000000000000000000000000000000000000000000000000000000000000026
:20AA18000000000000000000000000000000000069666E497974696E00000000004E614ED7
:20AA200049534F50000000580000002E00000005000000190000007D97D889BC3C9CD2B2AA
:20AA2800D5A8A7333949F62344F4A73D32A50FFDCF8C979D255BBA0864AC6F430AC806288A
:20AA300037E080004341C379B5056E174693B8B5E93FF9F54D384F03F9301D325A8277482A
:20AA38007F73BF3C75154FDD000000003FF00000000000004024000000000000405900002F
:20AA400000000000408F40000000000040C388000000000040F86A0000000000412E848047
:20AA480000000000416312D0000000004197D7840000000041CDCD65200000004202A05F92
:20AA5000E800000042374876A2000000426D1A94E540000042A2309C1E90000042D6BCC4AD
:20AA580026340000430C6BF537E080004341C37985D8A00043763457674EC80043ABC16DA4
:20AA600060913D0043E158E478B58C404415AF1DD6E2EF50444B1AE4064DD5924480F0CF69
:20AA6800C7E14AF644B52D0279D99DB444EA78430000666E74696E690000007900006E6162
:20AA700000000034FFFFFBCE000003CB000000010000000000000035FFFFFBCE000003CB32
:20AA7800000000010000000097D889BC3C9CD2B2D5A8A7333949F62344F4A73D32A50FFDBC
:20AA8000CF8C979D255BBA0864AC6F43116806280001000A00030002000500040007000656
:20AA880000090008000B000A000D000C000F000E30300010303030303030303030303030A2
:20AA90002020303020202020202020202020202030302020303030303030303030303030A6
:20AA980020203030202020202020202020202020000020200000000000000000000000003E
:20AAA000000000000000000000000000000000000000000000000000000000000000000096
:20AAA800111000001514131219181716000000001A0000001E1D1C1B0000001F0000000016
:20AAB000000000000000000000000000000000001A0000001E1D1C1B0000001F00000000DB
:20AAB80000000000000000000000000000000000000000000000000000000000000000007E
:20AAC000000000000000000000000000000000000000000000000000000000000000000076
:20AAC80000000000000000000000000000000000000000000000000000000000000000006E
:20AAD000000000000000000000000000000000000000000000000000000000000000000066
:20AAD8000000000000000000000000000000000030300000303030303030303030303030BE
:20AAE0002020303020202020202020202020202001002020030302020404030304040404CD
:20AAE8000505040405050505050505050505050506060505060606060606060606060606A2
:20AAF000060606060606060606060606060606060707060607070707070707070707070778
:20AAF80007070707070707070707070707070707070707070707070707070707070707075E
:20AB0000070707070707070707070707070707070808070708080808080808080808080847
:20AB080008080808080808080808080808080808080808080808080808080808080808082D
:20AB1000080808080808080808080808080808080808080808080808080808080808080825
:20AB180008080808080808080808080808080808080808080808080808080808080808081D
:20AB2000080808080808080808080808080808080000080800000000000000000000000085
:20AB280000000000000000000000000000000000000000000000000000000000000000000D
:20AB3000000000000000000000000000000000000000000000000000000000000000000005
:20AB38000000000000000000000000000000000000000000000000000000000000000000FD
:20AB40000000000000000000000000000000000000000000000000000000000000000000F5
:20AB48000000000000000000000000000000000000000000000000000000000000000000ED
:20AB50000000000000000000000000000000000000000000000000000000000000000000E5
:20AB58000000000000000000000000000000000000000000000000000000000000000000DD
:20AB60000000000000000000000000000000000000000000000000000000000000000000D5
:20AB68000000000000000000000000000000000000000000000000000000000000000000CD
:20AB70000000000000000000000000000000000000000000000000000000000000000000C5
:20AB78000000000000000000000000000000000000000000000000000000000000000000BD
:20AB80000000000000000000000000000000000000000000000000000000000000000000B5
:20AB88000000000000000000000000000000000000000000000000000000000000000000AD
:20AB90000000000000000000000000000000000000000000000000000000000000000000A5
:20AB980000000000000000000000000000000000000000000000000000000000000000009D
:20ABA000000000000000000000000000000000000000000000000000000000000000000095
:20ABA80000000000000000000000000000000000000000000000000000000000000000008D
:20ABB000000000000000000000000000000000000000000000000000000000000000000085
:20ABB80000000000000000000000000000000000000000000000000000000000000000007D
:20ABC000000000000000000000000000000000000000000000000000000000000000000075
:20ABC80000000000000000000000000000000000000000000000000000000000000000006D
:20ABD000000000000000000000000000000000000000000000000000000000000000000065
:20ABD80000000000000000000000000000000000000000000000000000000000000000005D
:20ABE000000000000000000000000000000000000000000000000000000000000000000055
:20ABE80000000000000000000000000000000000000000000000000000000000000000004D
:20ABF000000000000000000000000000000000000000000000000000000000000000000045
:20ABF80000000000000000000000000000000000000000000000000000000000000000003D
:20AC0000000000000000000000000000000000000000000000000000000000000000000034
:20AC080000000000000000000000000000000000000000000000000000000000000000002C
:20AC1000000000000000000000000000000000000000000000000000000000000000000024
:20AC180000000000000000000000000000000000000000000000000000000000000000001C
:20AC2000000000000000000000000000000000000000000000000000000000000000000014
:20AC280000000000000000000000000000000000000000000000000000000000000000000C
:20AC3000000000000000000000000000000000000000000000000000000000000000000004
:20AC38000000000000000000000000000000000000000000000000000000000000000000FC
:20AC40000000000000000000000000000000000000000000000000000000000000000000F4
:20AC48000000000000000000000000000000000000000000000000000000000000000000EC
:20AC50000000000000000000000000000000000000000000000000000000000000000000E4
:20AC58000000000000000000000000000000000000000000000000000000000000000000DC
:20AC60000000000000000000000000000000000000000000000000000000000000000000D4
:20AC68000000000000000000000000000000000000000000000000000000000000000000CC
:20AC70000000000000000000000000000000000000000000000000000000000000000000C4
:20AC78000000000000000000000000000000000000000000000000000000000000000000BC
:20AC80000000000000000000000000000000000000000000000000000000000000000000B4
:20AC88000000000000000000000000000000000000000000000000000000000000000000AC
:20AC90000000000000000000000000000000000000000000000000000000000000000000A4
:20AC980000000000000000000000000000000000000000000000000000000000000000009C
:20ACA000000000000000000000000000000000000000000000000000000000000000000094
:20ACA80000000000000000000000000000000000000000000000000000000000000000008C
:20ACB000000000000000000000000000000000000000000000000000000000000000000084
:20ACB80000000000000000000000000000000000000000000000000000000000000000007C
:20ACC000000000000000000000000000000000000000000000000000000000000000000074
:20ACC80000000000000000000000000000000000000000000000000000000000000000006C
:20ACD000000000000000000000000000000000000000000000000000000000000000000064
:20ACD80000000000000000000000000000000000000000000000000000000000000000005C
:20ACE000000000000000000000000000000000000000000000000000000000000000000054
:20ACE80000000000000000000000000000000000000000000000000000000000000000004C
:20ACF000000000000000000000000000000000000000000000000000000000000000000044
:20ACF80000000000000000000000000000000000000000000000000000000000000000003C
:20AD0000000000000000000000000000000000000000000000000000000000000000000033
:20AD080000000000000000000000000000000000000000000000000000000000000000002B
:20AD1000000000000000000000000000000000000000000000000000000000000000000023
:20AD180000000000000000000000000000000000000000000000000000000000000000001B
:20AD2000000000000000000000000000000000000000000000000000000000000000000013
:20AD280000000000000000000000000000000000000000000000000000000000000000000B
:20AD3000000000000000000000000000000000000000000000000000000000000000000003
:20AD38000000000000000000000000000000000000000000000000000000000000000000FB
:20AD40000000000000000000000000000000000000000000000000000000000000000000F3
:20AD48000000000000000000000000000000000000000000000000000000000000000000EB
:20AD50000000000000000000000000000000000000000000000000000000000000000000E3
:20AD58000000000000000000000000000000000000000000000000000000000000000000DB
:20AD60000000000000000000000000000000000000000000000000000000000000000000D3
:20AD68000000000000000000000000000000000000000000000000000000000000000000CB
:20AD70000000000000000000000000000000000000000000000000000000000000000000C3
:20AD78000000000000000000000000000000000000000000000000000000000000000000BB
:20AD80000000000000000000000000000000000000000000000000000000000000000000B3
:20AD88000000000000000000000000000000000000000000000000000000000000000000AB
:20AD90000000000000000000000000000000000000000000000000000000000000000000A3
:20AD980000000000000000000000000000000000000000000000000000000000000000009B
:20ADA000000000000000000000000000000000000000000000000000000000000000000093
:20ADA80000000000000000000000000000000000000000000000000000000000000000008B
:20ADB000000000000000000000000000000000000000000000000000000000000000000083
:20ADB80000000000000000000000000000000000000000000000000000000000000000007B
:20ADC000000000000000000000000000000000000000000000000000000000000000000073
:20ADC80000000000000000000000000000000000000000000000000000000000000000006B
:20ADD000000000000000000000000000000000000000000000000000000000000000000063
:20ADD80000000000000000000000000000000000000000000000000000000000000000005B
:20ADE000000000000000000000000000000000000000000000000000000000000000000053
:20ADE80000000000000000000000000000000000000000000000000000000000000000004B
:20ADF000000000000000000000000000000000000000000000000000000000000000000043
:20ADF80000000000000000000000000000000000000000000000000000000000000000003B
:20AE0000000000000000000000000000000000000000000000000000000000000000000032
:20AE080000000000000000000000000000000000000000000000000000000000000000002A
:20AE1000000000000000000000000000000000000000000000000000000000000000000022
:20AE180000000000000000000000000000000000000000000000000000000000000000001A
:20AE2000000000000000000000000000000000000000000000000000000000000000000012
:20AE280000000000000000000000000000000000000000000000000000000000000000000A
:20AE3000000000000000000000000000000000000000000000000000000000000000000002
:20AE38000000000000000000000000000000000000000000000000000000000000000000FA
:20AE40000000000000000000000000000000000000000000000000000000000000000000F2
:20AE48000000000000000000000000000000000000000000000000000000000000000000EA
:20AE50000000000000000000000000000000000000000000000000000000000000000000E2
:20AE58000000000000000000000000000000000000000000000000000000000000000000DA
:20AE60000000000000000000000000000000000000000000000000000000000000000000D2
:20AE68000000000000000000000000000000000000000000000000000000000000000000CA
:20AE70000000000000000000000000000000000000000000000000000000000000000000C2
:20AE78000000000000000000000000000000000000000000000000000000000000000000BA
:20AE80000000000000000000000000000000000000000000000000000000000000000000B2
:20AE88000000000000000000000000000000000000000000000000000000000000000000AA
:20AE90000000000000000000000000000000000000000000000000000000000000000000A2
:20AE980000000000000000000000000000000000000000000000000000000000000000009A
:20AEA000000000000000000000000000000000000000000000000000000000000000000092
:20AEA80000000000000000000000000000000000000000000000000000000000000000008A
:20AEB000000000000000000000000000000000000000000000000000000000000000000082
:20AEB80000000000000000000000000000000000000000000000000000000000000000007A
:20AEC000000000000000000000000000000000000000000000000000000000000000000072
:20AEC80000000000000000000000000000000000000000000000000000000000000000006A
:20AED00000000000000000000002B2480002B1A80002B1940002B1440002B11C0002B10843
:20AED8000002B0B80002B02C0002B0180002B0040002AFF00002AFDC0002AFC80002AFB486
:20AEE0000002AFA00002AEEC0002AEC40002AE9C0002AE600002AE4C0002ADE80002ADD47F
:20AEE8000002ADAC0002AD0C0002ACF800000018000297B000000002000000000000C274F5
:20AEF00000000017000297B800000003000000000000E4B000000037000297B800000003B8
:20AEF800000000000000C05800000057000297CC00000003000000000000D12000000077FB
:20AF0000000297CC00000003000000000000D28800000097000297CC000000030000000070
:20AF08000000A408000000B7000297CC00000003000000000000A7D0000000D7000297CCAB
:20AF100000000003000000000000AA94000000F7000297CC00000003000000000000ADF4E0
:20AF180000000016000297D400000004000000000000D9FC00000036000297D40000000416
:20AF2000000000000000B62800000015000297E000000004000000000000CDE800000014D8
:20AF2800000297E400000003000000000000CD0400000034000297EC0000000300000000FC
:20AF30000000CDA800000054000297E400000003000000000000D09000000074000297E467
:20AF380000000003000000000000A2FC00000094000297F400000003000000000000A6B4DA
:20AF400000000013000297D400000004000000000000C34800000012000297D400000004DF
:20AF4800000000000000E6CC00000032000297D400000004000000000000E7C80000005293
:20AF5000000297D400000004000000000000C3B000000011000297E000000004000000006F
:20AF58000000E55800000031000297E000000004000000000000C10000000010000298047F
:20AF600000000003000000000000E400000000300002980400000003000000000000BFA8B2
:20AF68000000000F0002981000000003000000000000C5980000002F0002981000000003D4
:20AF7000000000000000E35C0000004F0002981000000003000000000000CE440000006F05
:20AF78000002981000000003000000000000CFD00000008F00029810000000030000000031
:20AF80000000D0DC000000AF0002981000000003000000000000BEF0000000CF0002981082
:20AF880000000003000000000000A29C000000EF000297EC00000003000000000000A3C48A
:20AF90000000010F0002981000000003000000000000A5EC0000000E000297B800000005EF
:20AF9800000000000000C9300000000D00029818000000060000000000003E9C0000000CF5
:20AFA000000297B800000004000000000000A1880000000B00029804000000040000000066
:20AFA800000015600000000A0002981000000004000000000000144C000000090002981049
:20AFB00000000003000000000000981800000008000297E0000000030000000000009F3C6F
:20AFB800000000070002981C000000020000000000009AE800000027000298240000000251
:20AFC0000000000000009F180000004700029824000000020000000000009944000000676F
:20AFC800000297F400000002000000000000E66800000087000297F4000000020000000076
:20AFD0000000C210000000A7000297F400000002000000000000B1BC000000C7000297F498
:20AFD80000000002000000000000D7180000000600029828000000020000000000009E7888
:20AFE000000000260002981C00000002000000000000ED14000000460002981C0000000274
:20AFE800000000000000ED60000000660002982800000002000000000000CCB80000000549
:20AFF00000029830000000040000000000009CF8000000040002983C000000020000000003
:20AFF80000009464000000240002983C0000000200000000000097200000000300029840B1
:20B00000000000020000000000006B3C0000002300029840000000020000000000006B8499
:20B00800000000430002984000000002000000000000931000000063000298400000000227
:20B0100000000000000099D40000000200029840000000030000000000006AE80000000181
:20B018000002984400000001000000000000934C000000210002984C000000010000000052
:20B0200000006AE4000000410002984400000001000000000000935400000061000298447C
:20B028000000000100000000000093E80000008100029858000000010000000000009A3846
:20B03000000000A100029858000000010000000000009B98000000C10002983000000001AD
:20B038000000000000009EC4000000E10002986000000001000000000000EDAC0000000021
:20B040000002984C000000010000000000006A60000000000002B5480002B5B00002B61809
:20B048000000000000000000000000000000000000000000000000000000000000000000E8
:20B05000000000000002A560000000000000000000000000000000000000000000000000D9
:20B058000000000000000000000000000000000000000000000000000000000000000000D8
:20B060000000000000000000000000000000000000000000000000000000000000000000D0
:20B0680000000000000000000000000000000000000000000000000100000000ABCD330E0E
:20B07000E66D12340005DEEC0000000B00000000000000000000000000000000000000004D
:20B078000000000000000000000000000000000000000000000000000000000000000000B8
:20B080000000000000000000000000000000000000000000000000000000000000000000B0
:20B088000000000000000000000000000000000000000000000000000000000000000000A8
:20B090000000000000000000000000000000000000000000000000000000000000000000A0
:20B09800000000000000000000000000000000000000000000000000000000000000000098
:20B0A000000000000000000000000000000000000000000000000000000000000000000090
:20B0A800000000000000000000000000000000000000000000000000000000000000000088
:20B0B000000000000000000000000000000000000000000000000000000000000000000080
:20B0B800000000000000000000000000000000000000000000000000000000000000000078
:20B0C000000000000000000000000000000000000000000000000000000000000000000070
:20B0C800000000000000000000000000000000000000000000000000000000000000000068
:20B0D000000000000000000000000000000000000000000000000000000000000000000060
:20B0D800000000000000000000000000000000000000000000000000000000000000000058
:20B0E000000000000000000000000000000000000000000000000000000000000000000050
:20B0E800000000000000000000000000000000000000000000000000000000000000000048
:20B0F000000000000000000000000000000000000000000000000000000000000000000040
:20B0F800000000000000000000000000000000000000000000000000000000000000000038
:20B1000000000000000000000000000000000000000000000000000000000000000000002F
:20B10800000000000000000000000000000000000000000000000000000000000000000027
:20B1100000000000000000000000000000000000000000000000000000000000000000001F
:20B11800000000000000000000000000000000000000000000000000000000000000000017
:20B1200000000000000000000000000000000000000000000000000000000000000000000F
:20B12800000000000000000000000000000000000000000000000000000000000000000007
:20B130000000000000000000000000000000000000000000000000000000000000000000FF
:20B138000000000000000000000000000000000000000000000000000000000000000000F7
:20B140000000000000000000000000000000000000000000000000000000000000000000EF
:20B14800000000000000000000000000000000000000000000000000000000000002B680AF
:20B150000002B6800002B6880002B6880002B6900002B6900002B6980002B6980002B6A09F
:20B158000002B6A00002B6A80002B6A80002B6B00002B6B00002B6B80002B6B80002B6C097
:20B160000002B6C00002B6C80002B6C80002B6D00002B6D00002B6D80002B6D80002B6E08F
:20B168000002B6E00002B6E80002B6E80002B6F00002B6F00002B6F80002B6F80002B70086
:20B170000002B7000002B7080002B7080002B7100002B7100002B7180002B7180002B72077
:20B178000002B7200002B7280002B7280002B7300002B7300002B7380002B7380002B7406F
:20B180000002B7400002B7480002B7480002B7500002B7500002B7580002B7580002B76067
:20B188000002B7600002B7680002B7680002B7700002B7700002B7780002B7780002B7805F
:20B190000002B7800002B7880002B7880002B7900002B7900002B7980002B7980002B7A057
:20B198000002B7A00002B7A80002B7A80002B7B00002B7B00002B7B80002B7B80002B7C04F
:20B1A0000002B7C00002B7C80002B7C80002B7D00002B7D00002B7D80002B7D80002B7E047
:20B1A8000002B7E00002B7E80002B7E80002B7F00002B7F00002B7F80002B7F80002B8003E
:20B1B0000002B8000002B8080002B8080002B8100002B8100002B8180002B8180002B8202F
:20B1B8000002B8200002B8280002B8280002B8300002B8300002B8380002B8380002B84027
:20B1C0000002B8400002B8480002B8480002B8500002B8500002B8580002B8580002B8601F
:20B1C8000002B8600002B8680002B8680002B8700002B8700002B8780002B8780002B88017
:20B1D0000002B8800002B8880002B8880002B8900002B8900002B8980002B8980002B8A00F
:20B1D8000002B8A00002B8A80002B8A80002B8B00002B8B00002B8B80002B8B80002B8C007
:20B1E0000002B8C00002B8C80002B8C80002B8D00002B8D00002B8D80002B8D80002B8E0FF
:20B1E8000002B8E00002B8E80002B8E80002B8F00002B8F00002B8F80002B8F80002B900F6
:20B1F0000002B9000002B9080002B9080002B9100002B9100002B9180002B9180002B920E7
:20B1F8000002B9200002B9280002B9280002B9300002B9300002B9380002B9380002B940DF
:20B200000002B9400002B9480002B9480002B9500002B9500002B9580002B9580002B960D6
:20B208000002B9600002B9680002B9680002B9700002B9700002B9780002B9780002B980CE
:20B210000002B9800002B9880002B9880002B9900002B9900002B9980002B9980002B9A0C6
:20B218000002B9A00002B9A80002B9A80002B9B00002B9B00002B9B80002B9B80002B9C0BE
:20B220000002B9C00002B9C80002B9C80002B9D00002B9D00002B9D80002B9D80002B9E0B6
:20B228000002B9E00002B9E80002B9E80002B9F00002B9F00002B9F80002B9F80002BA00AD
:20B230000002BA000002BA080002BA080002BA100002BA100002BA180002BA180002BA209E
:20B238000002BA200002BA280002BA280002BA300002BA300002BA380002BA380002BA4096
:20B240000002BA400002BA480002BA480002BA500002BA500002BA580002BA580002BA608E
:20B248000002BA600002BA680002BA680002BA700002BA700002BA780002BA7849435341A2
:20B25000000000490000000000000000000000000000000000000000000000004943534175
:20B25800000000490000000000000000000000000000000000000000000000000002A8885B
:20B260000002970800029708000297080002970800029708000297080002970800029708C6
:20B26800000297087F7F7F7F7F7F7F7F7F7F7F7F00007F7F0000A074000000050000000119
:20B270000002B25C0002B25CFFFFFFFF000200000002A76E0000000100019F2C00024C88E6
:20B2780000010EE0FFFFFFFF0002DD4C0002BB380002BB3800046060000460B000000000DE
:20B280000000000000000000000000000000000000000000000000000000000000000000AE
:20B288000000000000000000000000000000000000000000000000000000000000000000A6
:20B2900000000000000000000000000000000000000000000000000000000000000000009E
:20B29800000000000000000000000000000000000000000000000000000000000000000096
:20B2A00000000000000000000000000000000000000000000000000000000000000000008E
:20B2A800000000000000000000000000000000000000000000000000000000000000000086
:20B2B00000000000000000000000000000000000000000000000000000000000000000007E
:20B2B800000000000000000000000000000000000000000000000000000000000000000076
:20B2C00000000000000000000000000000000000000000000000000000000000000000006E
:20B2C800000000000000000000000000000000000000000000000000000000000000000066
:20B2D00000000000000000000000000000000000000000000000000000000000000000005E
:20B2D800000000000000000000000000000000000000000000000000000000000000000056
:20B2E00000000000000000000000000000000000000000000000000000000000000000004E
:20B2E800000000000000000000000000000000000000000000000000000000000000000046
:20B2F00000000000000000000000000000000000000000000000000000000000000000003E
:20B2F800000000000000000000000000000000000000000000000000000000000000000036
:20B3000000000000000000000000000000000000000000000000000000000000000000002D
:20B30800000000000000000000000000000000000000000000000000000000000000000025
:20B3100000000000000000000000000000000000000000000000000000000000000000001D
:20B31800000000000000000000000000000000000000000000000000000000000000000015
:20B3200000000000000000000000000000000000000000000000000000000000000000000D
:20B32800000000000000000000000000000000000000000000000000000000000000000005
:20B330000000000000000000000000000000000000000000000000000000000000000000FD
:20B338000000000000000000000000000000000000000000000000000000000000000000F5
:20B340000000000000000000000000000000000000000000000000000000000000000000ED
:20B348000000000000000000000000000000000000000000000000000000000000000000E5
:20B350000000000000000000000000000000000000000000000000000000000000000000DD
:20B358000000000000000000000000000000000000000000000000000000000000000000D5
:20B360000000000000000000000000000000000000000000000000000000000000000000CD
:20B368000000000000000000000000000000000000000000000000000000000000000000C5
:20B370000000000000000000000000000000000000000000000000000000000000000000BD
:20B378000000000000000000000000000000000000000000000000000000000000000000B5
:20B380000000000000000000000000000000000000000000000000000000000000000000AD
:20B388000000000000000000000000000000000000000000000000000000000000000000A5
:20B3900000000000000000000000000000000000000000000000000000000000000000009D
:20B39800000000000000000000000000000000000000000000000000000000000000000095
:20B3A00000000000000000000000000000000000000000000000000000000000000000008D
:20B3A800000000000000000000000000000000000000000000000000000000000000000085
:20B3B00000000000000000000000000000000000000000000000000000000000000000007D
:20B3B800000000000000000000000000000000000000000000000000000000000000000075
:20B3C00000000000000000000000000000000000000000000000000000000000000000006D
:20B3C800000000000000000000000000000000000000000000000000000000000000000065
:20B3D00000000000000000000000000000000000000000000000000000000000000000005D
:20B3D800000000000000000000000000000000000000000000000000000000000000000055
:20B3E00000000000000000000000000000000000000000000000000000000000000000004D
:20B3E800000000000000000000000000000000000000000000000000000000000000000045
:20B3F00000000000000000000000000000000000000000000000000000000000000000003D
:20B3F800000000000000000000000000000000000000000000000000000000000000000035
:20B4000000000000000000000000000000000000000000000000000000000000000000002C
:20B40800000000000000000000000000000000000000000000000000000000000000000024
:20B4100000000000000000000000000000000000000000000000000000000000000000001C
:20B41800000000000000000000000000000000000000000000000000000000000000000014
:20B4200000000000000000000000000000000000000000000000000000000000000000000C
:20B42800000000000000000000000000000000000000000000000000000000000000000004
:20B430000000000000000000000000000000000000000000000000000000000000000000FC
:20B438000000000000000000000000000000000000000000000000000000000000000000F4
:20B440000000000000000000000000000000000000000000000000000000000000000000EC
:20B448000000000000000000000000000000000000000000000000000000000000000000E4
:20B450000000000000000000000000000000000000000000000000000000000000000000DC
:20B458000000000000000000000000000000000000000000000000000000000000000000D4
:20B460000000000000000000000000000000000000000000000000000000000000000000CC
:20B468000000000000000000000000000000000000000000000000000000000000000000C4
:20B470000000000000000000000000000000000000000000000000000000000000000000BC
:20B478000000000000000000000000000000000000000000000000000000000000000000B4
:20B480000000000000000000000000000000000000000000000000000000000000000000AC
:20B488000000000000000000000000000000000000000000000000000000000000000000A4
:20B4900000000000000000000000000000000000000000000000000000000000000000009C
:20B49800000000000000000000000000000000000000000000000000000000000000000094
:20B4A00000000000000000000000000000000000000000000000000000000000000000008C
:20B4A800000000000000000000000000000000000000000000000000000000000000000084
:20B4B00000000000000000000000000000000000000000000000000000000000000000007C
:20B4B800000000000000000000000000000000000000000000000000000000000000000074
:20B4C00000000000000000000000000000000000000000000000000000000000000000006C
:20B4C800000000000000000000000000000000000000000000000000000000000000000064
:20B4D00000000000000000000000000000000000000000000000000000000000000000005C
:20B4D800000000000000000000000000000000000000000000000000000000000000000054
:20B4E00000000000000000000000000000000000000000000000000000000000000000004C
:20B4E800000000000000000000000000000000000000000000000000000000000000000044
:20B4F00000000000000000000000000000000000000000000000000000000000000000003C
:20B4F800000000000000000000000000000000000000000000000000000000000000000034
:20B5000000000000000000000000000000000000000000000000000000000000000000002B
:20B50800000000000000000000000000000000000000000000000000000000000000000023
:20B5100000000000000000000000000000000000000000000000000000000000000000001B
:20B51800000000000000000000000000000000000000000000000000000000000000000013
:20B5200000000000000000000000000000000000000000000000000000000000000000000B
:20B52800000000000000000000000000000000000000000000000000000000000000000003
:20B530000000000000000000000000000000000000000000000000000000000000000000FB
:20B538000000000000000000000000000000000000000000000000000000000000000000F3
:20B540000000000000000000000000000000000000000000000000000000000000000000EB
:20B548000000000000000000000000000000000000000000000000000000000000000000E3
:20B550000000000000000000000000000000000000000000000000000000000000000000DB
:20B558000000000000000000000000000000000000000000000000000000000000000000D3
:20B560000000000000000000000000000000000000000000000000000000000000000000CB
:20B568000000000000000000000000000000000000000000000000000000000000000000C3
:20B570000000000000000000000000000000000000000000000000000000000000000000BB
:20B578000000000000000000000000000000000000000000000000000000000000000000B3
:20B580000000000000000000000000000000000000000000000000000000000000000000AB
:20B588000000000000000000000000000000000000000000000000000000000000000000A3
:20B5900000000000000000000000000000000000000000000000000000000000000000009B
:20B59800000000000000000000000000000000000000000000000000000000000000000093
:20B5A00000000000000000000000000000000000000000000000000000000000000000008B
:20B5A800000000000000000000000000000000000000000000000000000000000000000083
:20B5B00000000000000000000000000000000000000000000000000000000000000000007B
:20B5B800000000000000000000000000000000000000000000000000000000000000000073
:20B5C00000000000000000000000000000000000000000000000000000000000000000006B
:20B5C800000000000000000000000000000000000000000000000000000000000000000063
:20B5D00000000000000000000000000000000000000000000000000000000000000000005B
:20B5D800000000000000000000000000000000000000000000000000000000000000000053
:20B5E00000000000000000000000000000000000000000000000000000000000000000004B
:20B5E800000000000000000000000000000000000000000000000000000000000000000043
:20B5F00000000000000000000000000000000000000000000000000000000000000000003B
:20B5F800000000000000000000000000000000000000000000000000000000000000000033
:20B6000000000000000000000000000000000000000000000000000000000000000000002A
:20B60800000000000000000000000000000000000000000000000000000000000000000022
:20B6100000000000000000000000000000000000000000000000000000000000000000001A
:20B61800000000000000000000000000000000000000000000000000000000000000000012
:20B6200000000000000000000000000000000000000000000000000000000000000000000A
:20B62800000000000000000000000000000000000000000000000000000000000000000002
:20B630000000000000000000000000000000000000000000000000000000000000000000FA
:20B638000000000000000000000000000000000000000000000000000000000000000000F2
:20B640000000000000000000000000000000000000000000000000000000000000000000EA
:20B648000000000000000000000000000000000000000000000000000000000000000000E2
:20B650000000000000000000000000000000000000000000000000000000000000000000DA
:20B658000000000000000000000000000000000000000000000000000000000000000000D2
:20B660000000000000000000000000000000000000000000000000000000000000000000CA
:20B668000000000000000000000000000000000000000000000000000000000000000000C2
:20B670000000000000000000000000000000000000000000000000000000000000000000BA
:20B678000000000000000000000000000000000000000000000000000000000000000000B2
:20B680000000000000000000000000000000000000000000000000000000000000000000AA
:20B688000000000000000000000000000000000000000000000000000000000000000000A2
:20B6900000000000000000000000000000000000000000000000000000000000000000009A
:20B69800000000000000000000000000000000000000000000000000000000000000000092
:20B6A00000000000000000000000000000000000000000000000000000000000000000008A
:20B6A800000000000000000000000000000000000000000000000000000000000000000082
:20B6B00000000000000000000000000000000000000000000000000000000000000000007A
:20B6B800000000000000000000000000000000000000000000000000000000000000000072
:20B6C00000000000000000000000000000000000000000000000000000000000000000006A
:20B6C800000000000000000000000000000000000000000000000000000000000000000062
:20B6D00000000000000000000000000000000000000000000000000000000000000000005A
:20B6D800000000000000000000000000000000000000000000000000000000000000000052
:20B6E00000000000000000000000000000000000000000000000000000000000000000004A
:20B6E800000000000000000000000000000000000000000000000000000000000000000042
:20B6F00000000000000000000000000000000000000000000000000000000000000000003A
:20B6F800000000000000000000000000000000000000000000000000000000000000000032
:20B70000000000000000000000000000000000000000000000000000000000000000000029
:20B70800000000000000000000000000000000000000000000000000000000000000000021
:20B71000000000000000000000000000000000000000000000000000000000000000000019
:20B71800000000000000000000000000000000000000000000000000000000000000000011
:20B72000000000000000000000000000000000000000000000000000000000000000000009
:20B72800000000000000000000000000000000000000000000000000000000000000000001
:20B730000000000000000000000000000000000000000000000000000000000000000000F9
:20B738000000000000000000000000000000000000000000000000000000000000000000F1
:20B740000000000000000000000000000000000000000000000000000000000000000000E9
:20B748000000000000000000000000000000000000000000000000000000000000000000E1
:20B750000000000000000000000000000000000000000000000000000000000000000000D9
:20B758000000000000000000000000000000000000000000000000000000000000000000D1
:20B760000000000000000000000000000000000000000000000000000000000000000000C9
:20B768000000000000000000000000000000000000000000000000000000000000000000C1
:20B770000000000000000000000000000000000000000000000000000000000000000000B9
:20B778000000000000000000000000000000000000000000000000000000000000000000B1
:20B780000000000000000000000000000000000000000000000000000000000000000000A9
:20B788000000000000000000000000000000000000000000000000000000000000000000A1
:20B79000000000000000000000000000000000000000000000000000000000000000000099
:20B79800000000000000000000000000000000000000000000000000000000000000000091
:20B7A000000000000000000000000000000000000000000000000000000000000000000089
:20B7A800000000000000000000000000000000000000000000000000000000000000000081
:20B7B000000000000000000000000000000000000000000000000000000000000000000079
:20B7B800000000000000000000000000000000000000000000000000000000000000000071
:20B7C000000000000000000000000000000000000000000000000000000000000000000069
:20B7C800000000000000000000000000000000000000000000000000000000000000000061
:20B7D000000000000000000000000000000000000000000000000000000000000000000059
:20B7D800000000000000000000000000000000000000000000000000000000000000000051
:20B7E000000000000000000000000000000000000000000000000000000000000000000049
:20B7E800000000000000000000000000000000000000000000000000000000000000000041
:20B7F000000000000000000000000000000000000000000000000000000000000000000039
:20B7F800000000000000000000000000000000000000000000000000000000000000000031
:20B80000000000000000000000000000000000000000000000000000000000000000000028
:20B80800000000000000000000000000000000000000000000000000000000000000000020
:20B81000000000000000000000000000000000000000000000000000000000000000000018
:20B81800000000000000000000000000000000000000000000000000000000000000000010
:20B82000000000000000000000000000000000000000000000000000000000000000000008
:20B82800000000000000000000000000000000000000000000000000000000000000000000
:20B830000000000000000000000000000000000000000000000000000000000000000000F8
:20B838000000000000000000000000000000000000000000000000000000000000000000F0
:20B840000000000000000000000000000000000000000000000000000000000000000000E8
:20B848000000000000000000000000000000000000000000000000000000000000000000E0
:20B850000000000000000000000000000000000000000000000000000000000000000000D8
:20B858000000000000000000000000000000000000000000000000000000000000000000D0
:20B860000000000000000000000000000000000000000000000000000000000000000000C8
:20B868000000000000000000000000000000000000000000000000000000000000000000C0
:20B870000000000000000000000000000000000000000000000000000000000000000000B8
:20B878000000000000000000000000000000000000000000000000000000000000000000B0
:20B880000000000000000000000000000000000000000000000000000000000000000000A8
:20B888000000000000000000000000000000000000000000000000000000000000000000A0
:20B89000000000000000000000000000000000000000000000000000000000000000000098
:20B89800000000000000000000000000000000000000000000000000000000000000000090
:20B8A000000000000000000000000000000000000000000000000000000000000000000088
:20B8A800000000000000000000000000000000000000000000000000000000000000000080
:20B8B000000000000000000000000000000000000000000000000000000000000000000078
:20B8B800000000000000000000000000000000000000000000000000000000000000000070
:20B8C000000000000000000000000000000000000000000000000000000000000000000068
:20B8C800000000000000000000000000000000000000000000000000000000000000000060
:20B8D000000000000000000000000000000000000000000000000000000000000000000058
:20B8D800000000000000000000000000000000000000000000000000000000000000000050
:20B8E000000000000000000000000000000000000000000000000000000000000000000048
:20B8E800000000000000000000000000000000000000000000000000000000000000000040
:20B8F000000000000000000000000000000000000000000000000000000000000000000038
:20B8F800000000000000000000000000000000000000000000000000000000000000000030
:20B90000000000000000000000000000000000000000000000000000000000000000000027
:20B9080000000000000000000000000000000000000000000000000000000000000000001F
:20B91000000000000000000000000000000000000000000000000000000000000000000017
:20B9180000000000000000000000000000000000000000000000000000000000000000000F
:20B92000000000000000000000000000000000000000000000000000000000000000000007
:20B928000000000000000000000000000000000000000000000000000000000000000000FF
:20B930000000000000000000000000000000000000000000000000000000000000000000F7
:20B938000000000000000000000000000000000000000000000000000000000000000000EF
:20B940000000000000000000000000000000000000000000000000000000000000000000E7
:20B948000000000000000000000000000000000000000000000000000000000000000000DF
:20B950000000000000000000000000000000000000000000000000000000000000000000D7
:20B958000000000000000000000000000000000000000000000000000000000000000000CF
:20B960000000000000000000000000000000000000000000000000000000000000000000C7
:20B968000000000000000000000000000000000000000000000000000000000000000000BF
:20B970000000000000000000000000000000000000000000000000000000000000000000B7
:20B978000000000000000000000000000000000000000000000000000000000000000000AF
:20B980000000000000000000000000000000000000000000000000000000000000000000A7
:20B9880000000000000000000000000000000000000000000000000000000000000000009F
:20B99000000000000000000000000000000000000000000000000000000000000000000097
:20B9980000000000000000000000000000000000000000000000000000000000000000008F
:20B9A000000000000000000000000000000000000000000000000000000000000000000087
:20B9A80000000000000000000000000000000000000000000000000000000000000000007F
:20B9B000000000000000000000000000000000000000000000000000000000000000000077
:20B9B80000000000000000000000000000000000000000000000000000000000000000006F
:20B9C000000000000000000000000000000000000000000000000000000000000000000067
:20B9C80000000000000000000000000000000000000000000000000000000000000000005F
:20B9D000000000000000000000000000000000000000000000000000000000000000000057
:20B9D80000000000000000000000000000000000000000000000000000000000000000004F
:20B9E000000000000000000000000000000000000000000000000000000000000000000047
:20B9E80000000000000000000000000000000000000000000000000000000000000000003F
:20B9F000000000000000000000000000000000000000000000000000000000000000000037
:20B9F80000000000000000000000000000000000000000000000000000000000000000002F
:20BA0000000000000000000000000000000000000000000000000000000000000000000026
:20BA080000000000000000000000000000000000000000000000000000000000000000001E
:20BA1000000000000000000000000000000000000000000000000000000000000000000016
:20BA180000000000000000000000000000000000000000000000000000000000000000000E
:20BA2000000000000000000000000000000000000000000000000000000000000000000006
:20BA28000000000000000000000000000000000000000000000000000000000000000000FE
:20BA30000000000000000000000000000000000000000000000000000000000000000000F6
:20BA38000000000000000000000000000000000000000000000000000000000000000000EE
:20BA40000000000000000000000000000000000000000000000000000000000000000000E6
:20BA48000000000000000000000000000000000000000000000000000000000000000000DE
:20BA50000000000000000000000000000000000000000000000000000000000000000000D6
:20BA58000000000000000000000000000000000000000000000000000000000000000000CE
:20BA60000000000000000000000000000000000000000000000000000000000000000000C6
:20BA68000000000000000000000000000000000000000000000000000000000000000000BE
:20BA70000000000000000000000000000000000000000000000000000000000000000000B6
:20BA78000000000000000000000000000000000000000000000000000000000000000000AE
:20BA80000000000000000000000000000000000000000000000000000000000000000000A6
:20BA880000000000000000000000000000000000000000000000000000000000000000009E
:20BA9000000000000000000000000000000000000000000000000000000000000000000096
:20BA980000000000000000000000000000000000000000000000000000000000000000008E
:20BAA000000000000000000000000000000000000000000000000000000000000000000086
:20BAA80000000000000000000000000000000000000000000000000000000000000000007E
:20BAB000000000000000000000000000000000000000000000000000000000000000000076
:20BAB80000000000000000000000000000000000000000000000000000000000000000006E
:20BAC000000000000000000000000000000000000000000000000000000000000000000066
:20BAC80000000000000000000000000000000000000000000000000000000000000000005E
:20BAD000000000000000000000000000000000000000000000000000000000000000000056
:20BAD80000000000000000000000000000000000000000000000000000000000000000004E
:20BAE000000000000000000000000000000000000000000000000000000000000000000046
:20BAE80000000000000000000000000000000000000000000000000000000000000000003E
:20BAF000000000000000000000000000000000000000000000000000000000000000000036
:20BAF80000000000000000000000000000000000000000000000000000000000000000002E
:20BB0000000000000000000000000000000000000000000000000000000000000000000025
:20BB080000000000000000000000000000000000000000000000000000000000000000001D
:20BB1000000000000000000000000000000000000000000000000000000000000000000015
:20BB180000000000000000000000000000000000000000000000000000000000000000000D
:20BB2000000000000000000000000000000000000000000000000000000000000000000005
:20BB28000000000000000000000000000000000000000000000000000000000000000000FD
:20BB30000000000000000000000000000000000000000000000000000000000000000000F5
:20BB38000000000000000000000000000000000000000000000000000000000000000000ED
:20BB40000000000000000000000000000000000000000000000000000000000000000000E5
:20BB48000000000000000000000000000000000000000000000000000000000000000000DD
:20BB50000000000000000000000000000000000000000000000000000000000000000000D5
:20BB58000000000000000000000000000000000000000000000000000000000000000000CD
:20BB60000000000000000000000000000000000000000000000000000000000000000000C5
:20BB68000000000000000000000000000000000000000000000000000000000000000000BD
:20BB70000000000000000000000000000000000000000000000000000000000000000000B5
:20BB78000000000000000000000000000000000000000000000000000000000000000000AD
:20BB80000000000000000000000000000000000000000000000000000000000000000000A5
:20BB880000000000000000000000000000000000000000000000000000000000000000009D
:20BB9000000000000000000000000000000000000000000000000000000000000000000095
:20BB980000000000000000000000000000000000000000000000000000000000000000008D
:20BBA000000000000000000000000000000000000000000000000000000000000000000085
:20BBA80000000000000000000000000000000000000000000000000000000000000000007D
:20BBB000000000000000000000000000000000000000000000000000000000000000000075
:20BBB80000000000000000000000000000000000000000000000000000000000000000006D
:20BBC000000000000000000000000000000000000000000000000000000000000000000065
:20BBC80000000000000000000000000000000000000000000000000000000000000000005D
:20BBD000000000000000000000000000000000000000000000000000000000000000000055
:20BBD80000000000000000000000000000000000000000000000000000000000000000004D
:20BBE000000000000000000000000000000000000000000000000000000000000000000045
:20BBE80000000000000000000000000000000000000000000000000000000000000000003D
:20BBF000000000000000000000000000000000000000000000000000000000000000000035
:20BBF80000000000000000000000000000000000000000000000000000000000000000002D
:20BC0000000000000000000000000000000000000000000000000000000000000000000024
:20BC080000000000000000000000000000000000000000000000000000000000000000001C
:20BC1000000000000000000000000000000000000000000000000000000000000000000014
:20BC180000000000000000000000000000000000000000000000000000000000000000000C
:20BC2000000000000000000000000000000000000000000000000000000000000000000004
:20BC28000000000000000000000000000000000000000000000000000000000000000000FC
:20BC30000000000000000000000000000000000000000000000000000000000000000000F4
:20BC38000000000000000000000000000000000000000000000000000000000000000000EC
:20BC40000000000000000000000000000000000000000000000000000000000000000000E4
:20BC48000000000000000000000000000000000000000000000000000000000000000000DC
:20BC50000000000000000000000000000000000000000000000000000000000000000000D4
:20BC58000000000000000000000000000000000000000000000000000000000000000000CC
:20BC60000000000000000000000000000000000000000000000000000000000000000000C4
:20BC68000000000000000000000000000000000000000000000000000000000000000000BC
:20BC70000000000000000000000000000000000000000000000000000000000000000000B4
:20BC78000000000000000000000000000000000000000000000000000000000000000000AC
:20BC80000000000000000000000000000000000000000000000000000000000000000000A4
:20BC880000000000000000000000000000000000000000000000000000000000000000009C
:20BC9000000000000000000000000000000000000000000000000000000000000000000094
:20BC980000000000000000000000000000000000000000000000000000000000000000008C
:20BCA000000000000000000000000000000000000000000000000000000000000000000084
:20BCA80000000000000000000000000000000000000000000000000000000000000000007C
:20BCB000000000000000000000000000000000000000000000000000000000000000000074
:20BCB80000000000000000000000000000000000000000000000000000000000000000006C
:20BCC000000000000000000000000000000000000000000000000000000000000000000064
:20BCC80000000000000000000000000000000000000000000000000000000000000000005C
:20BCD000000000000000000000000000000000000000000000000000000000000000000054
:20BCD80000000000000000000000000000000000000000000000000000000000000000004C
:20BCE000000000000000000000000000000000000000000000000000000000000000000044
:20BCE80000000000000000000000000000000000000000000000000000000000000000003C
:20BCF000000000000000000000000000000000000000000000000000000000000000000034
:20BCF80000000000000000000000000000000000000000000000000000000000000000002C
:20BD0000000000000000000000000000000000000000000000000000000000000000000023
:20BD080000000000000000000000000000000000000000000000000000000000000000001B
:20BD1000000000000000000000000000000000000000000000000000000000000000000013
:20BD180000000000000000000000000000000000000000000000000000000000000000000B
:20BD2000000000000000000000000000000000000000000000000000000000000000000003
:20BD28000000000000000000000000000000000000000000000000000000000000000000FB
:20BD30000000000000000000000000000000000000000000000000000000000000000000F3
:20BD38000000000000000000000000000000000000000000000000000000000000000000EB
:20BD40000000000000000000000000000000000000000000000000000000000000000000E3
:20BD48000000000000000000000000000000000000000000000000000000000000000000DB
:20BD50000000000000000000000000000000000000000000000000000000000000000000D3
:20BD58000000000000000000000000000000000000000000000000000000000000000000CB
:20BD60000000000000000000000000000000000000000000000000000000000000000000C3
:20BD68000000000000000000000000000000000000000000000000000000000000000000BB
:20BD70000000000000000000000000000000000000000000000000000000000000000000B3
:20BD78000000000000000000000000000000000000000000000000000000000000000000AB
:20BD80000000000000000000000000000000000000000000000000000000000000000000A3
:20BD880000000000000000000000000000000000000000000000000000000000000000009B
:20BD9000000000000000000000000000000000000000000000000000000000000000000093
:20BD980000000000000000000000000000000000000000000000000000000000000000008B
:20BDA000000000000000000000000000000000000000000000000000000000000000000083
:20BDA80000000000000000000000000000000000000000000000000000000000000000007B
:20BDB000000000000000000000000000000000000000000000000000000000000000000073
:20BDB80000000000000000000000000000000000000000000000000000000000000000006B
:20BDC000000000000000000000000000000000000000000000000000000000000000000063
:20BDC80000000000000000000000000000000000000000000000000000000000000000005B
:20BDD000000000000000000000000000000000000000000000000000000000000000000053
:20BDD80000000000000000000000000000000000000000000000000000000000000000004B
:20BDE000000000000000000000000000000000000000000000000000000000000000000043
:20BDE80000000000000000000000000000000000000000000000000000000000000000003B
:20BDF000000000000000000000000000000000000000000000000000000000000000000033
:20BDF80000000000000000000000000000000000000000000000000000000000000000002B
:20BE0000000000000000000000000000000000000000000000000000000000000000000022
:20BE080000000000000000000000000000000000000000000000000000000000000000001A
:20BE1000000000000000000000000000000000000000000000000000000000000000000012
:20BE180000000000000000000000000000000000000000000000000000000000000000000A
:20BE2000000000000000000000000000000000000000000000000000000000000000000002
:20BE28000000000000000000000000000000000000000000000000000000000000000000FA
:20BE30000000000000000000000000000000000000000000000000000000000000000000F2
:20BE38000000000000000000000000000000000000000000000000000000000000000000EA
:20BE40000000000000000000000000000000000000000000000000000000000000000000E2
:20BE48000000000000000000000000000000000000000000000000000000000000000000DA
:20BE50000000000000000000000000000000000000000000000000000000000000000000D2
:20BE58000000000000000000000000000000000000000000000000000000000000000000CA
:20BE60000000000000000000000000000000000000000000000000000000000000000000C2
:20BE68000000000000000000000000000000000000000000000000000000000000000000BA
:20BE70000000000000000000000000000000000000000000000000000000000000000000B2
:20BE78000000000000000000000000000000000000000000000000000000000000000000AA
:20BE80000000000000000000000000000000000000000000000000000000000000000000A2
:20BE880000000000000000000000000000000000000000000000000000000000000000009A
:20BE9000000000000000000000000000000000000000000000000000000000000000000092
:20BE980000000000000000000000000000000000000000000000000000000000000000008A
:20BEA000000000000000000000000000000000000000000000000000000000000000000082
:20BEA80000000000000000000000000000000000000000000000000000000000000000007A
:20BEB000000000000000000000000000000000000000000000000000000000000000000072
:20BEB80000000000000000000000000000000000000000000000000000000000000000006A
:20BEC000000000000000000000000000000000000000000000000000000000000000000062
:20BEC80000000000000000000000000000000000000000000000000000000000000000005A
:20BED000000000000000000000000000000000000000000000000000000000000000000052
:20BED80000000000000000000000000000000000000000000000000000000000000000004A
:20BEE000000000000000000000000000000000000000000000000000000000000000000042
:20BEE80000000000000000000000000000000000000000000000000000000000000000003A
:20BEF000000000000000000000000000000000000000000000000000000000000000000032
:20BEF80000000000000000000000000000000000000000000000000000000000000000002A
:20BF0000000000000000000000000000000000000000000000000000000000000000000021
:20BF0800000000000000000000000000000000000000000000000000000000000000000019
:20BF1000000000000000000000000000000000000000000000000000000000000000000011
:20BF1800000000000000000000000000000000000000000000000000000000000000000009
:20BF2000000000000000000000000000000000000000000000000000000000000000000001
:20BF28000000000000000000000000000000000000000000000000000000000000000000F9
:20BF30000000000000000000000000000000000000000000000000000000000000000000F1
:20BF38000000000000000000000000000000000000000000000000000000000000000000E9
:20BF40000000000000000000000000000000000000000000000000000000000000000000E1
:20BF48000000000000000000000000000000000000000000000000000000000000000000D9
:20BF50000000000000000000000000000000000000000000000000000000000000000000D1
:20BF58000000000000000000000000000000000000000000000000000000000000000000C9
:20BF60000000000000000000000000000000000000000000000000000000000000000000C1
:20BF68000000000000000000000000000000000000000000000000000000000000000000B9
:20BF70000000000000000000000000000000000000000000000000000000000000000000B1
:20BF78000000000000000000000000000000000000000000000000000000000000000000A9
:20BF80000000000000000000000000000000000000000000000000000000000000000000A1
:20BF8800000000000000000000000000000000000000000000000000000000000000000099
:20BF9000000000000000000000000000000000000000000000000000000000000000000091
:20BF9800000000000000000000000000000000000000000000000000000000000000000089
:20BFA000000000000000000000000000000000000000000000000000000000000000000081
:20BFA800000000000000000000000000000000000000000000000000000000000000000079
:20BFB000000000000000000000000000000000000000000000000000000000000000000071
:20BFB800000000000000000000000000000000000000000000000000000000000000000069
:20BFC000000000000000000000000000000000000000000000000000000000000000000061
:20BFC800000000000000000000000000000000000000000000000000000000000000000059
:20BFD000000000000000000000000000000000000000000000000000000000000000000051
:20BFD800000000000000000000000000000000000000000000000000000000000000000049
:20BFE000000000000000000000000000000000000000000000000000000000000000000041
:20BFE800000000000000000000000000000000000000000000000000000000000000000039
:20BFF000000000000000000000000000000000000000000000000000000000000000000031
:20BFF800000000000000000000000000000000000000000000000000000000000000000029
:20C00000000000000000000000000000000000000000000000000000000000000000000020
:20C00800000000000000000000000000000000000000000000000000000000000000000018
:20C01000000000000000000000000000000000000000000000000000000000000000000010
:20C01800000000000000000000000000000000000000000000000000000000000000000008
:20C02000000000000000000000000000000000000000000000000000000000000000000000
:20C028000000000000000000000000000000000000000000000000000000000000000000F8
:20C030000000000000000000000000000000000000000000000000000000000000000000F0
:20C038000000000000000000000000000000000000000000000000000000000000000000E8
:20C040000000000000000000000000000000000000000000000000000000000000000000E0
:20C048000000000000000000000000000000000000000000000000000000000000000000D8
:20C050000000000000000000000000000000000000000000000000000000000000000000D0
:20C058000000000000000000000000000000000000000000000000000000000000000000C8
:20C060000000000000000000000000000000000000000000000000000000000000000000C0
:20C068000000000000000000000000000000000000000000000000000000000000000000B8
:20C070000000000000000000000000000000000000000000000000000000000000000000B0
:20C078000000000000000000000000000000000000000000000000000000000000000000A8
:20C080000000000000000000000000000000000000000000000000000000000000000000A0
:20C08800000000000000000000000000000000000000000000000000000000000000000098
:20C09000000000000000000000000000000000000000000000000000000000000000000090
:20C09800000000000000000000000000000000000000000000000000000000000000000088
:20C0A000000000000000000000000000000000000000000000000000000000000000000080
:20C0A800000000000000000000000000000000000000000000000000000000000000000078
:20C0B000000000000000000000000000000000000000000000000000000000000000000070
:20C0B800000000000000000000000000000000000000000000000000000000000000000068
:20C0C000000000000000000000000000000000000000000000000000000000000000000060
:20C0C800000000000000000000000000000000000000000000000000000000000000000058
:20C0D000000000000000000000000000000000000000000000000000000000000000000050
:20C0D800000000000000000000000000000000000000000000000000000000000000000048
:20C0E000000000000000000000000000000000000000000000000000000000000000000040
:20C0E800000000000000000000000000000000000000000000000000000000000000000038
:20C0F000000000000000000000000000000000000000000000000000000000000000000030
:20C0F800000000000000000000000000000000000000000000000000000000000000000028
:20C1000000000000000000000000000000000000000000000000000000000000000000001F
:20C10800000000000000000000000000000000000000000000000000000000000000000017
:20C1100000000000000000000000000000000000000000000000000000000000000000000F
:20C11800000000000000000000000000000000000000000000000000000000000000000007
:20C120000000000000000000000000000000000000000000000000000000000000000000FF
:20C128000000000000000000000000000000000000000000000000000000000000000000F7
:20C130000000000000000000000000000000000000000000000000000000000000000000EF
:20C138000000000000000000000000000000000000000000000000000000000000000000E7
:20C140000000000000000000000000000000000000000000000000000000000000000000DF
:20C148000000000000000000000000000000000000000000000000000000000000000000D7
:20C150000000000000000000000000000000000000000000000000000000000000000000CF
:20C158000000000000000000000000000000000000000000000000000000000000000000C7
:20C160000000000000000000000000000000000000000000000000000000000000000000BF
:20C168000000000000000000000000000000000000000000000000000000000000000000B7
:20C170000000000000000000000000000000000000000000000000000000000000000000AF
:20C178000000000000000000000000000000000000000000000000000000000000000000A7
:20C1800000000000000000000000000000000000000000000000000000000000000000009F
:20C18800000000000000000000000000000000000000000000000000000000000000000097
:20C1900000000000000000000000000000000000000000000000000000000000000000008F
:20C19800000000000000000000000000000000000000000000000000000000000000000087
:20C1A00000000000000000000000000000000000000000000000000000000000000000007F
:20C1A800000000000000000000000000000000000000000000000000000000000000000077
:20C1B00000000000000000000000000000000000000000000000000000000000000000006F
:20C1B800000000000000000000000000000000000000000000000000000000000000000067
:20C1C00000000000000000000000000000000000000000000000000000000000000000005F
:20C1C800000000000000000000000000000000000000000000000000000000000000000057
:20C1D00000000000000000000000000000000000000000000000000000000000000000004F
:20C1D800000000000000000000000000000000000000000000000000000000000000000047
:20C1E00000000000000000000000000000000000000000000000000000000000000000003F
:20C1E800000000000000000000000000000000000000000000000000000000000000000037
:20C1F00000000000000000000000000000000000000000000000000000000000000000002F
:20C1F800000000000000000000000000000000000000000000000000000000000000000027
:20C2000000000000000000000000000000000000000000000000000000000000000000001E
:20C20800000000000000000000000000000000000000000000000000000000000000000016
:20C2100000000000000000000000000000000000000000000000000000000000000000000E
:20C21800000000000000000000000000000000000000000000000000000000000000000006
:20C220000000000000000000000000000000000000000000000000000000000000000000FE
:20C228000000000000000000000000000000000000000000000000000000000000000000F6
:20C230000000000000000000000000000000000000000000000000000000000000000000EE
:20C238000000000000000000000000000000000000000000000000000000000000000000E6
:20C240000000000000000000000000000000000000000000000000000000000000000000DE
:20C248000000000000000000000000000000000000000000000000000000000000000000D6
:20C250000000000000000000000000000000000000000000000000000000000000000000CE
:20C258000000000000000000000000000000000000000000000000000000000000000000C6
:20C260000000000000000000000000000000000000000000000000000000000000000000BE
:20C268000000000000000000000000000000000000000000000000000000000000000000B6
:20C270000000000000000000000000000000000000000000000000000000000000000000AE
:20C278000000000000000000000000000000000000000000000000000000000000000000A6
:20C2800000000000000000000000000000000000000000000000000000000000000000009E
:20C28800000000000000000000000000000000000000000000000000000000000000000096
:20C2900000000000000000000000000000000000000000000000000000000000000000008E
:20C29800000000000000000000000000000000000000000000000000000000000000000086
:20C2A00000000000000000000000000000000000000000000000000000000000000000007E
:20C2A800000000000000000000000000000000000000000000000000000000000000000076
:20C2B00000000000000000000000000000000000000000000000000000000000000000006E
:20C2B800000000000000000000000000000000000000000000000000000000000000000066
:20C2C00000000000000000000000000000000000000000000000000000000000000000005E
:20C2C800000000000000000000000000000000000000000000000000000000000000000056
:20C2D00000000000000000000000000000000000000000000000000000000000000000004E
:20C2D800000000000000000000000000000000000000000000000000000000000000000046
:20C2E00000000000000000000000000000000000000000000000000000000000000000003E
:20C2E800000000000000000000000000000000000000000000000000000000000000000036
:20C2F00000000000000000000000000000000000000000000000000000000000000000002E
:20C2F800000000000000000000000000000000000000000000000000000000000000000026
:20C3000000000000000000000000000000000000000000000000000000000000000000001D
:20C30800000000000000000000000000000000000000000000000000000000000000000015
:20C3100000000000000000000000000000000000000000000000000000000000000000000D
:20C31800000000000000000000000000000000000000000000000000000000000000000005
:20C320000000000000000000000000000000000000000000000000000000000000000000FD
:20C328000000000000000000000000000000000000000000000000000000000000000000F5
:20C330000000000000000000000000000000000000000000000000000000000000000000ED
:20C338000000000000000000000000000000000000000000000000000000000000000000E5
:20C340000000000000000000000000000000000000000000000000000000000000000000DD
:20C348000000000000000000000000000000000000000000000000000000000000000000D5
:20C350000000000000000000000000000000000000000000000000000000000000000000CD
:20C358000000000000000000000000000000000000000000000000000000000000000000C5
:20C360000000000000000000000000000000000000000000000000000000000000000000BD
:20C368000000000000000000000000000000000000000000000000000000000000000000B5
:20C370000000000000000000000000000000000000000000000000000000000000000000AD
:20C378000000000000000000000000000000000000000000000000000000000000000000A5
:20C3800000000000000000000000000000000000000000000000000000000000000000009D
:20C38800000000000000000000000000000000000000000000000000000000000000000095
:20C3900000000000000000000000000000000000000000000000000000000000000000008D
:20C39800000000000000000000000000000000000000000000000000000000000000000085
:20C3A00000000000000000000000000000000000000000000000000000000000000000007D
:20C3A800000000000000000000000000000000000000000000000000000000000000000075
:20C3B00000000000000000000000000000000000000000000000000000000000000000006D
:20C3B800000000000000000000000000000000000000000000000000000000000000000065
:20C3C00000000000000000000000000000000000000000000000000000000000000000005D
:20C3C800000000000000000000000000000000000000000000000000000000000000000055
:20C3D00000000000000000000000000000000000000000000000000000000000000000004D
:20C3D800000000000000000000000000000000000000000000000000000000000000000045
:20C3E00000000000000000000000000000000000000000000000000000000000000000003D
:20C3E800000000000000000000000000000000000000000000000000000000000000000035
:20C3F00000000000000000000000000000000000000000000000000000000000000000002D
:20C3F800000000000000000000000000000000000000000000000000000000000000000025
:20C4000000000000000000000000000000000000000000000000000000000000000000001C
:20C40800000000000000000000000000000000000000000000000000000000000000000014
:20C4100000000000000000000000000000000000000000000000000000000000000000000C
:20C41800000000000000000000000000000000000000000000000000000000000000000004
:20C420000000000000000000000000000000000000000000000000000000000000000000FC
:20C428000000000000000000000000000000000000000000000000000000000000000000F4
:20C430000000000000000000000000000000000000000000000000000000000000000000EC
:20C438000000000000000000000000000000000000000000000000000000000000000000E4
:20C440000000000000000000000000000000000000000000000000000000000000000000DC
:20C448000000000000000000000000000000000000000000000000000000000000000000D4
:20C450000000000000000000000000000000000000000000000000000000000000000000CC
:20C458000000000000000000000000000000000000000000000000000000000000000000C4
:20C460000000000000000000000000000000000000000000000000000000000000000000BC
:20C468000000000000000000000000000000000000000000000000000000000000000000B4
:20C470000000000000000000000000000000000000000000000000000000000000000000AC
:20C478000000000000000000000000000000000000000000000000000000000000000000A4
:20C4800000000000000000000000000000000000000000000000000000000000000000009C
:20C48800000000000000000000000000000000000000000000000000000000000000000094
:20C4900000000000000000000000000000000000000000000000000000000000000000008C
:20C49800000000000000000000000000000000000000000000000000000000000000000084
:20C4A00000000000000000000000000000000000000000000000000000000000000000007C
:20C4A800000000000000000000000000000000000000000000000000000000000000000074
:20C4B00000000000000000000000000000000000000000000000000000000000000000006C
:20C4B800000000000000000000000000000000000000000000000000000000000000000064
:20C4C00000000000000000000000000000000000000000000000000000000000000000005C
:20C4C800000000000000000000000000000000000000000000000000000000000000000054
:20C4D00000000000000000000000000000000000000000000000000000000000000000004C
:20C4D800000000000000000000000000000000000000000000000000000000000000000044
:20C4E00000000000000000000000000000000000000000000000000000000000000000003C
:20C4E800000000000000000000000000000000000000000000000000000000000000000034
:20C4F00000000000000000000000000000000000000000000000000000000000000000002C
:20C4F800000000000000000000000000000000000000000000000000000000000000000024
:20C5000000000000000000000000000000000000000000000000000000000000000000001B
:20C50800000000000000000000000000000000000000000000000000000000000000000013
:20C5100000000000000000000000000000000000000000000000000000000000000000000B
:20C51800000000000000000000000000000000000000000000000000000000000000000003
:20C520000000000000000000000000000000000000000000000000000000000000000000FB
:20C528000000000000000000000000000000000000000000000000000000000000000000F3
:20C530000000000000000000000000000000000000000000000000000000000000000000EB
:20C538000000000000000000000000000000000000000000000000000000000000000000E3
:20C540000000000000000000000000000000000000000000000000000000000000000000DB
:20C548000000000000000000000000000000000000000000000000000000000000000000D3
:20C550000000000000000000000000000000000000000000000000000000000000000000CB
:20C558000000000000000000000000000000000000000000000000000000000000000000C3
:20C560000000000000000000000000000000000000000000000000000000000000000000BB
:20C568000000000000000000000000000000000000000000000000000000000000000000B3
:20C570000000000000000000000000000000000000000000000000000000000000000000AB
:20C578000000000000000000000000000000000000000000000000000000000000000000A3
:20C5800000000000000000000000000000000000000000000000000000000000000000009B
:20C58800000000000000000000000000000000000000000000000000000000000000000093
:20C5900000000000000000000000000000000000000000000000000000000000000000008B
:20C59800000000000000000000000000000000000000000000000000000000000000000083
:20C5A00000000000000000000000000000000000000000000000000000000000000000007B
:20C5A800000000000000000000000000000000000000000000000000000000000000000073
:20C5B00000000000000000000000000000000000000000000000000000000000000000006B
:20C5B800000000000000000000000000000000000000000000000000000000000000000063
:20C5C00000000000000000000000000000000000000000000000000000000000000000005B
:20C5C800000000000000000000000000000000000000000000000000000000000000000053
:20C5D00000000000000000000000000000000000000000000000000000000000000000004B
:20C5D800000000000000000000000000000000000000000000000000000000000000000043
:20C5E00000000000000000000000000000000000000000000000000000000000000000003B
:20C5E800000000000000000000000000000000000000000000000000000000000000000033
:20C5F00000000000000000000000000000000000000000000000000000000000000000002B
:20C5F800000000000000000000000000000000000000000000000000000000000000000023
:20C6000000000000000000000000000000000000000000000000000000000000000000001A
:20C60800000000000000000000000000000000000000000000000000000000000000000012
:20C6100000000000000000000000000000000000000000000000000000000000000000000A
:20C61800000000000000000000000000000000000000000000000000000000000000000002
:20C620000000000000000000000000000000000000000000000000000000000000000000FA
:20C628000000000000000000000000000000000000000000000000000000000000000000F2
:20C630000000000000000000000000000000000000000000000000000000000000000000EA
:20C638000000000000000000000000000000000000000000000000000000000000000000E2
:20C640000000000000000000000000000000000000000000000000000000000000000000DA
:20C648000000000000000000000000000000000000000000000000000000000000000000D2
:20C650000000000000000000000000000000000000000000000000000000000000000000CA
:20C658000000000000000000000000000000000000000000000000000000000000000000C2
:20C660000000000000000000000000000000000000000000000000000000000000000000BA
:20C668000000000000000000000000000000000000000000000000000000000000000000B2
:20C670000000000000000000000000000000000000000000000000000000000000000000AA
:20C678000000000000000000000000000000000000000000000000000000000000000000A2
:20C6800000000000000000000000000000000000000000000000000000000000000000009A
:20C68800000000000000000000000000000000000000000000000000000000000000000092
:20C6900000000000000000000000000000000000000000000000000000000000000000008A
:20C69800000000000000000000000000000000000000000000000000000000000000000082
:20C6A00000000000000000000000000000000000000000000000000000000000000000007A
:20C6A800000000000000000000000000000000000000000000000000000000000000000072
:20C6B00000000000000000000000000000000000000000000000000000000000000000006A
:20C6B800000000000000000000000000000000000000000000000000000000000000000062
:20C6C00000000000000000000000000000000000000000000000000000000000000000005A
:20C6C800000000000000000000000000000000000000000000000000000000000000000052
:20C6D00000000000000000000000000000000000000000000000000000000000000000004A
:20C6D800000000000000000000000000000000000000000000000000000000000000000042
:20C6E00000000000000000000000000000000000000000000000000000000000000000003A
:20C6E800000000000000000000000000000000000000000000000000000000000000000032
:20C6F00000000000000000000000000000000000000000000000000000000000000000002A
:20C6F800000000000000000000000000000000000000000000000000000000000000000022
:20C70000000000000000000000000000000000000000000000000000000000000000000019
:20C70800000000000000000000000000000000000000000000000000000000000000000011
:20C71000000000000000000000000000000000000000000000000000000000000000000009
:20C71800000000000000000000000000000000000000000000000000000000000000000001
:20C720000000000000000000000000000000000000000000000000000000000000000000F9
:20C728000000000000000000000000000000000000000000000000000000000000000000F1
:20C730000000000000000000000000000000000000000000000000000000000000000000E9
:20C738000000000000000000000000000000000000000000000000000000000000000000E1
:20C740000000000000000000000000000000000000000000000000000000000000000000D9
:20C748000000000000000000000000000000000000000000000000000000000000000000D1
:20C750000000000000000000000000000000000000000000000000000000000000000000C9
:20C758000000000000000000000000000000000000000000000000000000000000000000C1
:20C760000000000000000000000000000000000000000000000000000000000000000000B9
:20C768000000000000000000000000000000000000000000000000000000000000000000B1
:20C770000000000000000000000000000000000000000000000000000000000000000000A9
:20C778000000000000000000000000000000000000000000000000000000000000000000A1
:20C78000000000000000000000000000000000000000000000000000000000000000000099
:20C78800000000000000000000000000000000000000000000000000000000000000000091
:20C79000000000000000000000000000000000000000000000000000000000000000000089
:20C79800000000000000000000000000000000000000000000000000000000000000000081
:20C7A000000000000000000000000000000000000000000000000000000000000000000079
:20C7A800000000000000000000000000000000000000000000000000000000000000000071
:20C7B000000000000000000000000000000000000000000000000000000000000000000069
:20C7B800000000000000000000000000000000000000000000000000000000000000000061
:20C7C000000000000000000000000000000000000000000000000000000000000000000059
:20C7C800000000000000000000000000000000000000000000000000000000000000000051
:20C7D000000000000000000000000000000000000000000000000000000000000000000049
:20C7D800000000000000000000000000000000000000000000000000000000000000000041
:20C7E000000000000000000000000000000000000000000000000000000000000000000039
:20C7E800000000000000000000000000000000000000000000000000000000000000000031
:20C7F000000000000000000000000000000000000000000000000000000000000000000029
:20C7F800000000000000000000000000000000000000000000000000000000000000000021
:20C80000000000000000000000000000000000000000000000000000000000000000000018
:20C80800000000000000000000000000000000000000000000000000000000000000000010
:20C81000000000000000000000000000000000000000000000000000000000000000000008
:20C81800000000000000000000000000000000000000000000000000000000000000000000
:20C820000000000000000000000000000000000000000000000000000000000000000000F8
:20C828000000000000000000000000000000000000000000000000000000000000000000F0
:20C830000000000000000000000000000000000000000000000000000000000000000000E8
:20C838000000000000000000000000000000000000000000000000000000000000000000E0
:20C840000000000000000000000000000000000000000000000000000000000000000000D8
:20C848000000000000000000000000000000000000000000000000000000000000000000D0
:20C850000000000000000000000000000000000000000000000000000000000000000000C8
:20C858000000000000000000000000000000000000000000000000000000000000000000C0
:20C860000000000000000000000000000000000000000000000000000000000000000000B8
:20C868000000000000000000000000000000000000000000000000000000000000000000B0
:20C870000000000000000000000000000000000000000000000000000000000000000000A8
:20C878000000000000000000000000000000000000000000000000000000000000000000A0
:20C88000000000000000000000000000000000000000000000000000000000000000000098
:20C88800000000000000000000000000000000000000000000000000000000000000000090
:20C89000000000000000000000000000000000000000000000000000000000000000000088
:20C89800000000000000000000000000000000000000000000000000000000000000000080
:20C8A000000000000000000000000000000000000000000000000000000000000000000078
:20C8A800000000000000000000000000000000000000000000000000000000000000000070
:20C8B000000000000000000000000000000000000000000000000000000000000000000068
:20C8B800000000000000000000000000000000000000000000000000000000000000000060
:20C8C000000000000000000000000000000000000000000000000000000000000000000058
:20C8C800000000000000000000000000000000000000000000000000000000000000000050
:20C8D000000000000000000000000000000000000000000000000000000000000000000048
:20C8D800000000000000000000000000000000000000000000000000000000000000000040
:20C8E000000000000000000000000000000000000000000000000000000000000000000038
:20C8E800000000000000000000000000000000000000000000000000000000000000000030
:20C8F000000000000000000000000000000000000000000000000000000000000000000028
:20C8F800000000000000000000000000000000000000000000000000000000000000000020
:20C90000000000000000000000000000000000000000000000000000000000000000000017
:20C9080000000000000000000000000000000000000000000000000000000000000000000F
:20C91000000000000000000000000000000000000000000000000000000000000000000007
:20C918000000000000000000000000000000000000000000000000000000000000000000FF
:20C920000000000000000000000000000000000000000000000000000000000000000000F7
:20C928000000000000000000000000000000000000000000000000000000000000000000EF
:20C930000000000000000000000000000000000000000000000000000000000000000000E7
:20C938000000000000000000000000000000000000000000000000000000000000000000DF
:20C940000000000000000000000000000000000000000000000000000000000000000000D7
:20C948000000000000000000000000000000000000000000000000000000000000000000CF
:20C950000000000000000000000000000000000000000000000000000000000000000000C7
:20C958000000000000000000000000000000000000000000000000000000000000000000BF
:20C960000000000000000000000000000000000000000000000000000000000000000000B7
:20C968000000000000000000000000000000000000000000000000000000000000000000AF
:20C970000000000000000000000000000000000000000000000000000000000000000000A7
:20C9780000000000000000000000000000000000000000000000000000000000000000009F
:20C98000000000000000000000000000000000000000000000000000000000000000000097
:20C9880000000000000000000000000000000000000000000000000000000000000000008F
:20C99000000000000000000000000000000000000000000000000000000000000000000087
:20C9980000000000000000000000000000000000000000000000000000000000000000007F
:20C9A000000000000000000000000000000000000000000000000000000000000000000077
:20C9A80000000000000000000000000000000000000000000000000000000000000000006F
:20C9B000000000000000000000000000000000000000000000000000000000000000000067
:20C9B80000000000000000000000000000000000000000000000000000000000000000005F
:20C9C000000000000000000000000000000000000000000000000000000000000000000057
:20C9C80000000000000000000000000000000000000000000000000000000000000000004F
:20C9D000000000000000000000000000000000000000000000000000000000000000000047
:20C9D80000000000000000000000000000000000000000000000000000000000000000003F
:20C9E000000000000000000000000000000000000000000000000000000000000000000037
:20C9E80000000000000000000000000000000000000000000000000000000000000000002F
:20C9F000000000000000000000000000000000000000000000000000000000000000000027
:20C9F80000000000000000000000000000000000000000000000000000000000000000001F
:20CA0000000000000000000000000000000000000000000000000000000000000000000016
:20CA080000000000000000000000000000000000000000000000000000000000000000000E
:20CA1000000000000000000000000000000000000000000000000000000000000000000006
:20CA18000000000000000000000000000000000000000000000000000000000000000000FE
:20CA20000000000000000000000000000000000000000000000000000000000000000000F6
:20CA28000000000000000000000000000000000000000000000000000000000000000000EE
:20CA30000000000000000000000000000000000000000000000000000000000000000000E6
:20CA38000000000000000000000000000000000000000000000000000000000000000000DE
:20CA40000000000000000000000000000000000000000000000000000000000000000000D6
:20CA48000000000000000000000000000000000000000000000000000000000000000000CE
:20CA50000000000000000000000000000000000000000000000000000000000000000000C6
:20CA58000000000000000000000000000000000000000000000000000000000000000000BE
:20CA60000000000000000000000000000000000000000000000000000000000000000000B6
:20CA68000000000000000000000000000000000000000000000000000000000000000000AE
:20CA70000000000000000000000000000000000000000000000000000000000000000000A6
:20CA780000000000000000000000000000000000000000000000000000000000000000009E
:20CA8000000000000000000000000000000000000000000000000000000000000000000096
:20CA880000000000000000000000000000000000000000000000000000000000000000008E
:20CA9000000000000000000000000000000000000000000000000000000000000000000086
:20CA980000000000000000000000000000000000000000000000000000000000000000007E
:20CAA000000000000000000000000000000000000000000000000000000000000000000076
:20CAA80000000000000000000000000000000000000000000000000000000000000000006E
:20CAB000000000000000000000000000000000000000000000000000000000000000000066
:20CAB80000000000000000000000000000000000000000000000000000000000000000005E
:20CAC000000000000000000000000000000000000000000000000000000000000000000056
:20CAC80000000000000000000000000000000000000000000000000000000000000000004E
:20CAD000000000000000000000000000000000000000000000000000000000000000000046
:20CAD80000000000000000000000000000000000000000000000000000000000000000003E
:20CAE000000000000000000000000000000000000000000000000000000000000000000036
:20CAE80000000000000000000000000000000000000000000000000000000000000000002E
:20CAF000000000000000000000000000000000000000000000000000000000000000000026
:20CAF80000000000000000000000000000000000000000000000000000000000000000001E
:20CB0000000000000000000000000000000000000000000000000000000000000000000015
:20CB080000000000000000000000000000000000000000000000000000000000000000000D
:20CB1000000000000000000000000000000000000000000000000000000000000000000005
:20CB18000000000000000000000000000000000000000000000000000000000000000000FD
:20CB20000000000000000000000000000000000000000000000000000000000000000000F5
:20CB28000000000000000000000000000000000000000000000000000000000000000000ED
:20CB30000000000000000000000000000000000000000000000000000000000000000000E5
:20CB38000000000000000000000000000000000000000000000000000000000000000000DD
:20CB40000000000000000000000000000000000000000000000000000000000000000000D5
:20CB48000000000000000000000000000000000000000000000000000000000000000000CD
:20CB50000000000000000000000000000000000000000000000000000000000000000000C5
:20CB58000000000000000000000000000000000000000000000000000000000000000000BD
:20CB60000000000000000000000000000000000000000000000000000000000000000000B5
:20CB68000000000000000000000000000000000000000000000000000000000000000000AD
:20CB70000000000000000000000000000000000000000000000000000000000000000000A5
:20CB780000000000000000000000000000000000000000000000000000000000000000009D
:20CB8000000000000000000000000000000000000000000000000000000000000000000095
:20CB880000000000000000000000000000000000000000000000000000000000000000008D
:20CB9000000000000000000000000000000000000000000000000000000000000000000085
:20CB980000000000000000000000000000000000000000000000000000000000000000007D
:20CBA000000000000000000000000000000000000000000000000000000000000000000075
:20CBA80000000000000000000000000000000000000000000000000000000000000000006D
:20CBB000000000000000000000000000000000000000000000000000000000000000000065
:20CBB80000000000000000000000000000000000000000000000000000000000000000005D
:20CBC000000000000000000000000000000000000000000000000000000000000000000055
:20CBC80000000000000000000000000000000000000000000000000000000000000000004D
:20CBD000000000000000000000000000000000000000000000000000000000000000000045
:20CBD80000000000000000000000000000000000000000000000000000000000000000003D
:20CBE000000000000000000000000000000000000000000000000000000000000000000035
:20CBE80000000000000000000000000000000000000000000000000000000000000000002D
:20CBF000000000000000000000000000000000000000000000000000000000000000000025
:20CBF80000000000000000000000000000000000000000000000000000000000000000001D
:20CC0000000000000000000000000000000000000000000000000000000000000000000014
:20CC080000000000000000000000000000000000000000000000000000000000000000000C
:20CC1000000000000000000000000000000000000000000000000000000000000000000004
:20CC18000000000000000000000000000000000000000000000000000000000000000000FC
:20CC20000000000000000000000000000000000000000000000000000000000000000000F4
:20CC28000000000000000000000000000000000000000000000000000000000000000000EC
:20CC30000000000000000000000000000000000000000000000000000000000000000000E4
:20CC38000000000000000000000000000000000000000000000000000000000000000000DC
:20CC40000000000000000000000000000000000000000000000000000000000000000000D4
:20CC48000000000000000000000000000000000000000000000000000000000000000000CC
:20CC50000000000000000000000000000000000000000000000000000000000000000000C4
:20CC58000000000000000000000000000000000000000000000000000000000000000000BC
:20CC60000000000000000000000000000000000000000000000000000000000000000000B4
:20CC68000000000000000000000000000000000000000000000000000000000000000000AC
:20CC70000000000000000000000000000000000000000000000000000000000000000000A4
:20CC780000000000000000000000000000000000000000000000000000000000000000009C
:20CC8000000000000000000000000000000000000000000000000000000000000000000094
:20CC880000000000000000000000000000000000000000000000000000000000000000008C
:20CC9000000000000000000000000000000000000000000000000000000000000000000084
:20CC980000000000000000000000000000000000000000000000000000000000000000007C
:20CCA000000000000000000000000000000000000000000000000000000000000000000074
:20CCA80000000000000000000000000000000000000000000000000000000000000000006C
:20CCB000000000000000000000000000000000000000000000000000000000000000000064
:20CCB80000000000000000000000000000000000000000000000000000000000000000005C
:20CCC000000000000000000000000000000000000000000000000000000000000000000054
:20CCC80000000000000000000000000000000000000000000000000000000000000000004C
:20CCD000000000000000000000000000000000000000000000000000000000000000000044
:20CCD80000000000000000000000000000000000000000000000000000000000000000003C
:20CCE000000000000000000000000000000000000000000000000000000000000000000034
:20CCE80000000000000000000000000000000000000000000000000000000000000000002C
:20CCF000000000000000000000000000000000000000000000000000000000000000000024
:20CCF80000000000000000000000000000000000000000000000000000000000000000001C
:20CD0000000000000000000000000000000000000000000000000000000000000000000013
:20CD080000000000000000000000000000000000000000000000000000000000000000000B
:20CD1000000000000000000000000000000000000000000000000000000000000000000003
:20CD18000000000000000000000000000000000000000000000000000000000000000000FB
:20CD20000000000000000000000000000000000000000000000000000000000000000000F3
:20CD28000000000000000000000000000000000000000000000000000000000000000000EB
:20CD30000000000000000000000000000000000000000000000000000000000000000000E3
:20CD38000000000000000000000000000000000000000000000000000000000000000000DB
:20CD40000000000000000000000000000000000000000000000000000000000000000000D3
:20CD48000000000000000000000000000000000000000000000000000000000000000000CB
:20CD50000000000000000000000000000000000000000000000000000000000000000000C3
:20CD58000000000000000000000000000000000000000000000000000000000000000000BB
:20CD60000000000000000000000000000000000000000000000000000000000000000000B3
:20CD68000000000000000000000000000000000000000000000000000000000000000000AB
:20CD70000000000000000000000000000000000000000000000000000000000000000000A3
:20CD780000000000000000000000000000000000000000000000000000000000000000009B
:20CD8000000000000000000000000000000000000000000000000000000000000000000093
:20CD880000000000000000000000000000000000000000000000000000000000000000008B
:20CD9000000000000000000000000000000000000000000000000000000000000000000083
:20CD980000000000000000000000000000000000000000000000000000000000000000007B
:20CDA000000000000000000000000000000000000000000000000000000000000000000073
:20CDA80000000000000000000000000000000000000000000000000000000000000000006B
:20CDB000000000000000000000000000000000000000000000000000000000000000000063
:20CDB80000000000000000000000000000000000000000000000000000000000000000005B
:20CDC000000000000000000000000000000000000000000000000000000000000000000053
:20CDC80000000000000000000000000000000000000000000000000000000000000000004B
:20CDD000000000000000000000000000000000000000000000000000000000000000000043
:20CDD80000000000000000000000000000000000000000000000000000000000000000003B
:20CDE000000000000000000000000000000000000000000000000000000000000000000033
:20CDE80000000000000000000000000000000000000000000000000000000000000000002B
:20CDF000000000000000000000000000000000000000000000000000000000000000000023
:20CDF80000000000000000000000000000000000000000000000000000000000000000001B
:20CE0000000000000000000000000000000000000000000000000000000000000000000012
:20CE080000000000000000000000000000000000000000000000000000000000000000000A
:20CE1000000000000000000000000000000000000000000000000000000000000000000002
:20CE18000000000000000000000000000000000000000000000000000000000000000000FA
:20CE20000000000000000000000000000000000000000000000000000000000000000000F2
:20CE28000000000000000000000000000000000000000000000000000000000000000000EA
:20CE30000000000000000000000000000000000000000000000000000000000000000000E2
:20CE38000000000000000000000000000000000000000000000000000000000000000000DA
:20CE40000000000000000000000000000000000000000000000000000000000000000000D2
:20CE48000000000000000000000000000000000000000000000000000000000000000000CA
:20CE50000000000000000000000000000000000000000000000000000000000000000000C2
:20CE58000000000000000000000000000000000000000000000000000000000000000000BA
:20CE60000000000000000000000000000000000000000000000000000000000000000000B2
:20CE68000000000000000000000000000000000000000000000000000000000000000000AA
:20CE70000000000000000000000000000000000000000000000000000000000000000000A2
:20CE780000000000000000000000000000000000000000000000000000000000000000009A
:20CE8000000000000000000000000000000000000000000000000000000000000000000092
:20CE880000000000000000000000000000000000000000000000000000000000000000008A
:20CE9000000000000000000000000000000000000000000000000000000000000000000082
:20CE980000000000000000000000000000000000000000000000000000000000000000007A
:20CEA000000000000000000000000000000000000000000000000000000000000000000072
:20CEA80000000000000000000000000000000000000000000000000000000000000000006A
:20CEB000000000000000000000000000000000000000000000000000000000000000000062
:20CEB80000000000000000000000000000000000000000000000000000000000000000005A
:20CEC000000000000000000000000000000000000000000000000000000000000000000052
:20CEC80000000000000000000000000000000000000000000000000000000000000000004A
:20CED000000000000000000000000000000000000000000000000000000000000000000042
:20CED80000000000000000000000000000000000000000000000000000000000000000003A
:20CEE000000000000000000000000000000000000000000000000000000000000000000032
:20CEE80000000000000000000000000000000000000000000000000000000000000000002A
:20CEF000000000000000000000000000000000000000000000000000000000000000000022
:20CEF80000000000000000000000000000000000000000000000000000000000000000001A
:20CF0000000000000000000000000000000000000000000000000000000000000000000011
:20CF0800000000000000000000000000000000000000000000000000000000000000000009
:20CF1000000000000000000000000000000000000000000000000000000000000000000001
:20CF18000000000000000000000000000000000000000000000000000000000000000000F9
:20CF20000000000000000000000000000000000000000000000000000000000000000000F1
:20CF28000000000000000000000000000000000000000000000000000000000000000000E9
:20CF30000000000000000000000000000000000000000000000000000000000000000000E1
:20CF38000000000000000000000000000000000000000000000000000000000000000000D9
:20CF40000000000000000000000000000000000000000000000000000000000000000000D1
:20CF48000000000000000000000000000000000000000000000000000000000000000000C9
:20CF50000000000000000000000000000000000000000000000000000000000000000000C1
:20CF58000000000000000000000000000000000000000000000000000000000000000000B9
:20CF60000000000000000000000000000000000000000000000000000000000000000000B1
:20CF68000000000000000000000000000000000000000000000000000000000000000000A9
:20CF70000000000000000000000000000000000000000000000000000000000000000000A1
:20CF7800000000000000000000000000000000000000000000000000000000000000000099
:20CF8000000000000000000000000000000000000000000000000000000000000000000091
:20CF8800000000000000000000000000000000000000000000000000000000000000000089
:20CF9000000000000000000000000000000000000000000000000000000000000000000081
:20CF9800000000000000000000000000000000000000000000000000000000000000000079
:20CFA000000000000000000000000000000000000000000000000000000000000000000071
:20CFA800000000000000000000000000000000000000000000000000000000000000000069
:20CFB000000000000000000000000000000000000000000000000000000000000000000061
:20CFB800000000000000000000000000000000000000000000000000000000000000000059
:20CFC000000000000000000000000000000000000000000000000000000000000000000051
:20CFC800000000000000000000000000000000000000000000000000000000000000000049
:20CFD000000000000000000000000000000000000000000000000000000000000000000041
:20CFD800000000000000000000000000000000000000000000000000000000000000000039
:20CFE000000000000000000000000000000000000000000000000000000000000000000031
:20CFE800000000000000000000000000000000000000000000000000000000000000000029
:20CFF000000000000000000000000000000000000000000000000000000000000000000021
:20CFF800000000000000000000000000000000000000000000000000000000000000000019
:20D00000000000000000000000000000000000000000000000000000000000000000000010
:20D00800000000000000000000000000000000000000000000000000000000000000000008
:20D01000000000000000000000000000000000000000000000000000000000000000000000
:20D018000000000000000000000000000000000000000000000000000000000000000000F8
:20D020000000000000000000000000000000000000000000000000000000000000000000F0
:20D028000000000000000000000000000000000000000000000000000000000000000000E8
:20D030000000000000000000000000000000000000000000000000000000000000000000E0
:20D038000000000000000000000000000000000000000000000000000000000000000000D8
:20D040000000000000000000000000000000000000000000000000000000000000000000D0
:20D048000000000000000000000000000000000000000000000000000000000000000000C8
:20D050000000000000000000000000000000000000000000000000000000000000000000C0
:20D058000000000000000000000000000000000000000000000000000000000000000000B8
:20D060000000000000000000000000000000000000000000000000000000000000000000B0
:20D068000000000000000000000000000000000000000000000000000000000000000000A8
:20D070000000000000000000000000000000000000000000000000000000000000000000A0
:20D07800000000000000000000000000000000000000000000000000000000000000000098
:20D08000000000000000000000000000000000000000000000000000000000000000000090
:20D08800000000000000000000000000000000000000000000000000000000000000000088
:20D09000000000000000000000000000000000000000000000000000000000000000000080
:20D09800000000000000000000000000000000000000000000000000000000000000000078
:20D0A000000000000000000000000000000000000000000000000000000000000000000070
:20D0A800000000000000000000000000000000000000000000000000000000000000000068
:20D0B000000000000000000000000000000000000000000000000000000000000000000060
:20D0B800000000000000000000000000000000000000000000000000000000000000000058
:20D0C000000000000000000000000000000000000000000000000000000000000000000050
:20D0C800000000000000000000000000000000000000000000000000000000000000000048
:20D0D000000000000000000000000000000000000000000000000000000000000000000040
:20D0D800000000000000000000000000000000000000000000000000000000000000000038
:20D0E000000000000000000000000000000000000000000000000000000000000000000030
:20D0E800000000000000000000000000000000000000000000000000000000000000000028
:20D0F000000000000000000000000000000000000000000000000000000000000000000020
:20D0F800000000000000000000000000000000000000000000000000000000000000000018
:20D1000000000000000000000000000000000000000000000000000000000000000000000F
:20D10800000000000000000000000000000000000000000000000000000000000000000007
:20D110000000000000000000000000000000000000000000000000000000000000000000FF
:20D118000000000000000000000000000000000000000000000000000000000000000000F7
:20D120000000000000000000000000000000000000000000000000000000000000000000EF
:20D128000000000000000000000000000000000000000000000000000000000000000000E7
:20D130000000000000000000000000000000000000000000000000000000000000000000DF
:20D138000000000000000000000000000000000000000000000000000000000000000000D7
:20D140000000000000000000000000000000000000000000000000000000000000000000CF
:20D148000000000000000000000000000000000000000000000000000000000000000000C7
:20D150000000000000000000000000000000000000000000000000000000000000000000BF
:20D158000000000000000000000000000000000000000000000000000000000000000000B7
:20D160000000000000000000000000000000000000000000000000000000000000000000AF
:20D168000000000000000000000000000000000000000000000000000000000000000000A7
:20D1700000000000000000000000000000000000000000000000000000000000000000009F
:20D17800000000000000000000000000000000000000000000000000000000000000000097
:20D1800000000000000000000000000000000000000000000000000000000000000000008F
:20D18800000000000000000000000000000000000000000000000000000000000000000087
:20D1900000000000000000000000000000000000000000000000000000000000000000007F
:20D19800000000000000000000000000000000000000000000000000000000000000000077
:20D1A00000000000000000000000000000000000000000000000000000000000000000006F
:20D1A800000000000000000000000000000000000000000000000000000000000000000067
:20D1B00000000000000000000000000000000000000000000000000000000000000000005F
:20D1B800000000000000000000000000000000000000000000000000000000000000000057
:20D1C00000000000000000000000000000000000000000000000000000000000000000004F
:20D1C800000000000000000000000000000000000000000000000000000000000000000047
:20D1D00000000000000000000000000000000000000000000000000000000000000000003F
:20D1D800000000000000000000000000000000000000000000000000000000000000000037
:20D1E00000000000000000000000000000000000000000000000000000000000000000002F
:20D1E800000000000000000000000000000000000000000000000000000000000000000027
:20D1F00000000000000000000000000000000000000000000000000000000000000000001F
:20D1F800000000000000000000000000000000000000000000000000000000000000000017
:20D2000000000000000000000000000000000000000000000000000000000000000000000E
:20D20800000000000000000000000000000000000000000000000000000000000000000006
:20D210000000000000000000000000000000000000000000000000000000000000000000FE
:20D218000000000000000000000000000000000000000000000000000000000000000000F6
:20D220000000000000000000000000000000000000000000000000000000000000000000EE
:20D228000000000000000000000000000000000000000000000000000000000000000000E6
:20D230000000000000000000000000000000000000000000000000000000000000000000DE
:20D238000000000000000000000000000000000000000000000000000000000000000000D6
:20D240000000000000000000000000000000000000000000000000000000000000000000CE
:20D248000000000000000000000000000000000000000000000000000000000000000000C6
:20D250000000000000000000000000000000000000000000000000000000000000000000BE
:20D258000000000000000000000000000000000000000000000000000000000000000000B6
:20D260000000000000000000000000000000000000000000000000000000000000000000AE
:20D268000000000000000000000000000000000000000000000000000000000000000000A6
:20D2700000000000000000000000000000000000000000000000000000000000000000009E
:20D27800000000000000000000000000000000000000000000000000000000000000000096
:20D2800000000000000000000000000000000000000000000000000000000000000000008E
:20D28800000000000000000000000000000000000000000000000000000000000000000086
:20D2900000000000000000000000000000000000000000000000000000000000000000007E
:20D29800000000000000000000000000000000000000000000000000000000000000000076
:20D2A00000000000000000000000000000000000000000000000000000000000000000006E
:20D2A800000000000000000000000000000000000000000000000000000000000000000066
:20D2B00000000000000000000000000000000000000000000000000000000000000000005E
:20D2B800000000000000000000000000000000000000000000000000000000000000000056
:20D2C00000000000000000000000000000000000000000000000000000000000000000004E
:20D2C800000000000000000000000000000000000000000000000000000000000000000046
:20D2D00000000000000000000000000000000000000000000000000000000000000000003E
:20D2D800000000000000000000000000000000000000000000000000000000000000000036
:20D2E00000000000000000000000000000000000000000000000000000000000000000002E
:20D2E800000000000000000000000000000000000000000000000000000000000000000026
:20D2F00000000000000000000000000000000000000000000000000000000000000000001E
:20D2F800000000000000000000000000000000000000000000000000000000000000000016
:20D3000000000000000000000000000000000000000000000000000000000000000000000D
:20D30800000000000000000000000000000000000000000000000000000000000000000005
:20D310000000000000000000000000000000000000000000000000000000000000000000FD
:20D318000000000000000000000000000000000000000000000000000000000000000000F5
:20D320000000000000000000000000000000000000000000000000000000000000000000ED
:20D328000000000000000000000000000000000000000000000000000000000000000000E5
:20D330000000000000000000000000000000000000000000000000000000000000000000DD
:20D338000000000000000000000000000000000000000000000000000000000000000000D5
:20D340000000000000000000000000000000000000000000000000000000000000000000CD
:20D348000000000000000000000000000000000000000000000000000000000000000000C5
:20D350000000000000000000000000000000000000000000000000000000000000000000BD
:20D358000000000000000000000000000000000000000000000000000000000000000000B5
:20D360000000000000000000000000000000000000000000000000000000000000000000AD
:20D368000000000000000000000000000000000000000000000000000000000000000000A5
:20D3700000000000000000000000000000000000000000000000000000000000000000009D
:20D37800000000000000000000000000000000000000000000000000000000000000000095
:20D3800000000000000000000000000000000000000000000000000000000000000000008D
:20D38800000000000000000000000000000000000000000000000000000000000000000085
:20D3900000000000000000000000000000000000000000000000000000000000000000007D
:20D39800000000000000000000000000000000000000000000000000000000000000000075
:20D3A00000000000000000000000000000000000000000000000000000000000000000006D
:20D3A800000000000000000000000000000000000000000000000000000000000000000065
:20D3B00000000000000000000000000000000000000000000000000000000000000000005D
:20D3B800000000000000000000000000000000000000000000000000000000000000000055
:20D3C00000000000000000000000000000000000000000000000000000000000000000004D
:20D3C800000000000000000000000000000000000000000000000000000000000000000045
:20D3D00000000000000000000000000000000000000000000000000000000000000000003D
:20D3D800000000000000000000000000000000000000000000000000000000000000000035
:20D3E00000000000000000000000000000000000000000000000000000000000000000002D
:20D3E800000000000000000000000000000000000000000000000000000000000000000025
:20D3F00000000000000000000000000000000000000000000000000000000000000000001D
:20D3F800000000000000000000000000000000000000000000000000000000000000000015
:20D4000000000000000000000000000000000000000000000000000000000000000000000C
:20D40800000000000000000000000000000000000000000000000000000000000000000004
:20D410000000000000000000000000000000000000000000000000000000000000000000FC
:20D418000000000000000000000000000000000000000000000000000000000000000000F4
:20D420000000000000000000000000000000000000000000000000000000000000000000EC
:20D428000000000000000000000000000000000000000000000000000000000000000000E4
:20D430000000000000000000000000000000000000000000000000000000000000000000DC
:20D438000000000000000000000000000000000000000000000000000000000000000000D4
:20D440000000000000000000000000000000000000000000000000000000000000000000CC
:20D448000000000000000000000000000000000000000000000000000000000000000000C4
:20D450000000000000000000000000000000000000000000000000000000000000000000BC
:20D458000000000000000000000000000000000000000000000000000000000000000000B4
:20D460000000000000000000000000000000000000000000000000000000000000000000AC
:20D468000000000000000000000000000000000000000000000000000000000000000000A4
:20D4700000000000000000000000000000000000000000000000000000000000000000009C
:20D47800000000000000000000000000000000000000000000000000000000000000000094
:20D4800000000000000000000000000000000000000000000000000000000000000000008C
:20D48800000000000000000000000000000000000000000000000000000000000000000084
:20D4900000000000000000000000000000000000000000000000000000000000000000007C
:20D49800000000000000000000000000000000000000000000000000000000000000000074
:20D4A00000000000000000000000000000000000000000000000000000000000000000006C
:20D4A800000000000000000000000000000000000000000000000000000000000000000064
:20D4B00000000000000000000000000000000000000000000000000000000000000000005C
:20D4B800000000000000000000000000000000000000000000000000000000000000000054
:20D4C00000000000000000000000000000000000000000000000000000000000000000004C
:20D4C800000000000000000000000000000000000000000000000000000000000000000044
:20D4D00000000000000000000000000000000000000000000000000000000000000000003C
:20D4D800000000000000000000000000000000000000000000000000000000000000000034
:20D4E00000000000000000000000000000000000000000000000000000000000000000002C
:20D4E800000000000000000000000000000000000000000000000000000000000000000024
:20D4F00000000000000000000000000000000000000000000000000000000000000000001C
:20D4F800000000000000000000000000000000000000000000000000000000000000000014
:20D5000000000000000000000000000000000000000000000000000000000000000000000B
:20D50800000000000000000000000000000000000000000000000000000000000000000003
:20D510000000000000000000000000000000000000000000000000000000000000000000FB
:20D518000000000000000000000000000000000000000000000000000000000000000000F3
:20D520000000000000000000000000000000000000000000000000000000000000000000EB
:20D528000000000000000000000000000000000000000000000000000000000000000000E3
:20D530000000000000000000000000000000000000000000000000000000000000000000DB
:20D538000000000000000000000000000000000000000000000000000000000000000000D3
:20D540000000000000000000000000000000000000000000000000000000000000000000CB
:20D548000000000000000000000000000000000000000000000000000000000000000000C3
:20D550000000000000000000000000000000000000000000000000000000000000000000BB
:20D558000000000000000000000000000000000000000000000000000000000000000000B3
:20D560000000000000000000000000000000000000000000000000000000000000000000AB
:20D568000000000000000000000000000000000000000000000000000000000000000000A3
:20D5700000000000000000000000000000000000000000000000000000000000000000009B
:20D57800000000000000000000000000000000000000000000000000000000000000000093
:20D5800000000000000000000000000000000000000000000000000000000000000000008B
:20D58800000000000000000000000000000000000000000000000000000000000000000083
:20D5900000000000000000000000000000000000000000000000000000000000000000007B
:20D59800000000000000000000000000000000000000000000000000000000000000000073
:20D5A00000000000000000000000000000000000000000000000000000000000000000006B
:20D5A800000000000000000000000000000000000000000000000000000000000000000063
:20D5B00000000000000000000000000000000000000000000000000000000000000000005B
:20D5B800000000000000000000000000000000000000000000000000000000000000000053
:20D5C00000000000000000000000000000000000000000000000000000000000000000004B
:20D5C800000000000000000000000000000000000000000000000000000000000000000043
:20D5D00000000000000000000000000000000000000000000000000000000000000000003B
:20D5D800000000000000000000000000000000000000000000000000000000000000000033
:20D5E00000000000000000000000000000000000000000000000000000000000000000002B
:20D5E800000000000000000000000000000000000000000000000000000000000000000023
:20D5F00000000000000000000000000000000000000000000000000000000000000000001B
:20D5F800000000000000000000000000000000000000000000000000000000000000000013
:20D6000000000000000000000000000000000000000000000000000000000000000000000A
:20D60800000000000000000000000000000000000000000000000000000000000000000002
:20D610000000000000000000000000000000000000000000000000000000000000000000FA
:20D618000000000000000000000000000000000000000000000000000000000000000000F2
:20D620000000000000000000000000000000000000000000000000000000000000000000EA
:20D628000000000000000000000000000000000000000000000000000000000000000000E2
:20D630000000000000000000000000000000000000000000000000000000000000000000DA
:20D638000000000000000000000000000000000000000000000000000000000000000000D2
:20D640000000000000000000000000000000000000000000000000000000000000000000CA
:20D648000000000000000000000000000000000000000000000000000000000000000000C2
:20D650000000000000000000000000000000000000000000000000000000000000000000BA
:20D658000000000000000000000000000000000000000000000000000000000000000000B2
:20D660000000000000000000000000000000000000000000000000000000000000000000AA
:20D668000000000000000000000000000000000000000000000000000000000000000000A2
:20D6700000000000000000000000000000000000000000000000000000000000000000009A
:20D67800000000000000000000000000000000000000000000000000000000000000000092
:20D6800000000000000000000000000000000000000000000000000000000000000000008A
:20D68800000000000000000000000000000000000000000000000000000000000000000082
:20D6900000000000000000000000000000000000000000000000000000000000000000007A
:20D69800000000000000000000000000000000000000000000000000000000000000000072
:20D6A00000000000000000000000000000000000000000000000000000000000000000006A
:20D6A800000000000000000000000000000000000000000000000000000000000000000062
:20D6B00000000000000000000000000000000000000000000000000000000000000000005A
:20D6B800000000000000000000000000000000000000000000000000000000000000000052
:20D6C00000000000000000000000000000000000000000000000000000000000000000004A
:20D6C800000000000000000000000000000000000000000000000000000000000000000042
:20D6D00000000000000000000000000000000000000000000000000000000000000000003A
:20D6D800000000000000000000000000000000000000000000000000000000000000000032
:20D6E00000000000000000000000000000000000000000000000000000000000000000002A
:20D6E800000000000000000000000000000000000000000000000000000000000000000022
:20D6F00000000000000000000000000000000000000000000000000000000000000000001A
:20D6F800000000000000000000000000000000000000000000000000000000000000000012
:20D70000000000000000000000000000000000000000000000000000000000000000000009
:20D70800000000000000000000000000000000000000000000000000000000000000000001
:20D710000000000000000000000000000000000000000000000000000000000000000000F9
:20D718000000000000000000000000000000000000000000000000000000000000000000F1
:20D720000000000000000000000000000000000000000000000000000000000000000000E9
:20D728000000000000000000000000000000000000000000000000000000000000000000E1
:20D730000000000000000000000000000000000000000000000000000000000000000000D9
:20D738000000000000000000000000000000000000000000000000000000000000000000D1
:20D740000000000000000000000000000000000000000000000000000000000000000000C9
:20D748000000000000000000000000000000000000000000000000000000000000000000C1
:20D750000000000000000000000000000000000000000000000000000000000000000000B9
:20D758000000000000000000000000000000000000000000000000000000000000000000B1
:20D760000000000000000000000000000000000000000000000000000000000000000000A9
:20D768000000000000000000000000000000000000000000000000000000000000000000A1
:20D77000000000000000000000000000000000000000000000000000000000000000000099
:20D77800000000000000000000000000000000000000000000000000000000000000000091
:20D78000000000000000000000000000000000000000000000000000000000000000000089
:20D78800000000000000000000000000000000000000000000000000000000000000000081
:20D79000000000000000000000000000000000000000000000000000000000000000000079
:20D79800000000000000000000000000000000000000000000000000000000000000000071
:20D7A000000000000000000000000000000000000000000000000000000000000000000069
:20D7A800000000000000000000000000000000000000000000000000000000000000000061
:20D7B000000000000000000000000000000000000000000000000000000000000000000059
:20D7B800000000000000000000000000000000000000000000000000000000000000000051
:20D7C000000000000000000000000000000000000000000000000000000000000000000049
:20D7C800000000000000000000000000000000000000000000000000000000000000000041
:20D7D000000000000000000000000000000000000000000000000000000000000000000039
:20D7D800000000000000000000000000000000000000000000000000000000000000000031
:20D7E000000000000000000000000000000000000000000000000000000000000000000029
:20D7E800000000000000000000000000000000000000000000000000000000000000000021
:20D7F000000000000000000000000000000000000000000000000000000000000000000019
:20D7F800000000000000000000000000000000000000000000000000000000000000000011
:20D80000000000000000000000000000000000000000000000000000000000000000000008
:20D80800000000000000000000000000000000000000000000000000000000000000000000
:20D810000000000000000000000000000000000000000000000000000000000000000000F8
:20D818000000000000000000000000000000000000000000000000000000000000000000F0
:20D820000000000000000000000000000000000000000000000000000000000000000000E8
:20D828000000000000000000000000000000000000000000000000000000000000000000E0
:20D830000000000000000000000000000000000000000000000000000000000000000000D8
:20D838000000000000000000000000000000000000000000000000000000000000000000D0
:20D840000000000000000000000000000000000000000000000000000000000000000000C8
:20D848000000000000000000000000000000000000000000000000000000000000000000C0
:20D850000000000000000000000000000000000000000000000000000000000000000000B8
:20D858000000000000000000000000000000000000000000000000000000000000000000B0
:20D860000000000000000000000000000000000000000000000000000000000000000000A8
:20D868000000000000000000000000000000000000000000000000000000000000000000A0
:20D87000000000000000000000000000000000000000000000000000000000000000000098
:20D87800000000000000000000000000000000000000000000000000000000000000000090
:20D88000000000000000000000000000000000000000000000000000000000000000000088
:20D88800000000000000000000000000000000000000000000000000000000000000000080
:20D89000000000000000000000000000000000000000000000000000000000000000000078
:20D89800000000000000000000000000000000000000000000000000000000000000000070
:20D8A000000000000000000000000000000000000000000000000000000000000000000068
:20D8A800000000000000000000000000000000000000000000000000000000000000000060
:20D8B000000000000000000000000000000000000000000000000000000000000000000058
:20D8B800000000000000000000000000000000000000000000000000000000000000000050
:20D8C000000000000000000000000000000000000000000000000000000000000000000048
:20D8C800000000000000000000000000000000000000000000000000000000000000000040
:20D8D000000000000000000000000000000000000000000000000000000000000000000038
:20D8D800000000000000000000000000000000000000000000000000000000000000000030
:20D8E000000000000000000000000000000000000000000000000000000000000000000028
:20D8E800000000000000000000000000000000000000000000000000000000000000000020
:20D8F000000000000000000000000000000000000000000000000000000000000000000018
:20D8F800000000000000000000000000000000000000000000000000000000000000000010
:20D90000000000000000000000000000000000000000000000000000000000000000000007
:20D908000000000000000000000000000000000000000000000000000000000000000000FF
:20D910000000000000000000000000000000000000000000000000000000000000000000F7
:20D918000000000000000000000000000000000000000000000000000000000000000000EF
:20D920000000000000000000000000000000000000000000000000000000000000000000E7
:20D928000000000000000000000000000000000000000000000000000000000000000000DF
:20D930000000000000000000000000000000000000000000000000000000000000000000D7
:20D938000000000000000000000000000000000000000000000000000000000000000000CF
:20D940000000000000000000000000000000000000000000000000000000000000000000C7
:20D948000000000000000000000000000000000000000000000000000000000000000000BF
:20D950000000000000000000000000000000000000000000000000000000000000000000B7
:20D958000000000000000000000000000000000000000000000000000000000000000000AF
:20D960000000000000000000000000000000000000000000000000000000000000000000A7
:20D9680000000000000000000000000000000000000000000000000000000000000000009F
:20D97000000000000000000000000000000000000000000000000000000000000000000097
:20D9780000000000000000000000000000000000000000000000000000000000000000008F
:20D98000000000000000000000000000000000000000000000000000000000000000000087
:20D9880000000000000000000000000000000000000000000000000000000000000000007F
:20D99000000000000000000000000000000000000000000000000000000000000000000077
:20D9980000000000000000000000000000000000000000000000000000000000000000006F
:20D9A000000000000000000000000000000000000000000000000000000000000000000067
:20D9A80000000000000000000000000000000000000000000000000000000000000000005F
:20D9B000000000000000000000000000000000000000000000000000000000000000000057
:20D9B80000000000000000000000000000000000000000000000000000000000000000004F
:20D9C000000000000000000000000000000000000000000000000000000000000000000047
:20D9C80000000000000000000000000000000000000000000000000000000000000000003F
:20D9D000000000000000000000000000000000000000000000000000000000000000000037
:20D9D80000000000000000000000000000000000000000000000000000000000000000002F
:20D9E000000000000000000000000000000000000000000000000000000000000000000027
:20D9E80000000000000000000000000000000000000000000000000000000000000000001F
:20D9F000000000000000000000000000000000000000000000000000000000000000000017
:20D9F80000000000000000000000000000000000000000000000000000000000000000000F
:20DA0000000000000000000000000000000000000000000000000000000000000000000006
:20DA08000000000000000000000000000000000000000000000000000000000000000000FE
:20DA10000000000000000000000000000000000000000000000000000000000000000000F6
:20DA18000000000000000000000000000000000000000000000000000000000000000000EE
:20DA20000000000000000000000000000000000000000000000000000000000000000000E6
:20DA28000000000000000000000000000000000000000000000000000000000000000000DE
:20DA30000000000000000000000000000000000000000000000000000000000000000000D6
:20DA38000000000000000000000000000000000000000000000000000000000000000000CE
:20DA40000000000000000000000000000000000000000000000000000000000000000000C6
:20DA48000000000000000000000000000000000000000000000000000000000000000000BE
:20DA50000000000000000000000000000000000000000000000000000000000000000000B6
:20DA58000000000000000000000000000000000000000000000000000000000000000000AE
:20DA60000000000000000000000000000000000000000000000000000000000000000000A6
:20DA680000000000000000000000000000000000000000000000000000000000000000009E
:20DA7000000000000000000000000000000000000000000000000000000000000000000096
:20DA780000000000000000000000000000000000000000000000000000000000000000008E
:20DA8000000000000000000000000000000000000000000000000000000000000000000086
:20DA880000000000000000000000000000000000000000000000000000000000000000007E
:20DA9000000000000000000000000000000000000000000000000000000000000000000076
:20DA980000000000000000000000000000000000000000000000000000000000000000006E
:20DAA000000000000000000000000000000000000000000000000000000000000000000066
:20DAA80000000000000000000000000000000000000000000000000000000000000000005E
:20DAB000000000000000000000000000000000000000000000000000000000000000000056
:20DAB80000000000000000000000000000000000000000000000000000000000000000004E
:20DAC000000000000000000000000000000000000000000000000000000000000000000046
:20DAC80000000000000000000000000000000000000000000000000000000000000000003E
:20DAD000000000000000000000000000000000000000000000000000000000000000000036
:20DAD80000000000000000000000000000000000000000000000000000000000000000002E
:20DAE000000000000000000000000000000000000000000000000000000000000000000026
:20DAE80000000000000000000000000000000000000000000000000000000000000000001E
:20DAF000000000000000000000000000000000000000000000000000000000000000000016
:20DAF80000000000000000000000000000000000000000000000000000000000000000000E
:20DB0000000000000000000000000000000000000000000000000000000000000000000005
:20DB08000000000000000000000000000000000000000000000000000000000000000000FD
:20DB10000000000000000000000000000000000000000000000000000000000000000000F5
:20DB18000000000000000000000000000000000000000000000000000000000000000000ED
:20DB20000000000000000000000000000000000000000000000000000000000000000000E5
:20DB28000000000000000000000000000000000000000000000000000000000000000000DD
:20DB30000000000000000000000000000000000000000000000000000000000000000000D5
:20DB38000000000000000000000000000000000000000000000000000000000000000000CD
:20DB40000000000000000000000000000000000000000000000000000000000000000000C5
:20DB48000000000000000000000000000000000000000000000000000000000000000000BD
:20DB50000000000000000000000000000000000000000000000000000000000000000000B5
:20DB58000000000000000000000000000000000000000000000000000000000000000000AD
:20DB60000000000000000000000000000000000000000000000000000000000000000000A5
:20DB680000000000000000000000000000000000000000000000000000000000000000009D
:20DB7000000000000000000000000000000000000000000000000000000000000000000095
:20DB780000000000000000000000000000000000000000000000000000000000000000008D
:20DB8000000000000000000000000000000000000000000000000000000000000000000085
:20DB880000000000000000000000000000000000000000000000000000000000000000007D
:20DB9000000000000000000000000000000000000000000000000000000000000000000075
:20DB980000000000000000000000000000000000000000000000000000000000000000006D
:20DBA000000000000000000000000000000000000000000000000000000000000000000065
:20DBA80000000000000000000000000000000000000000000000000000000000000000005D
:20DBB000000000000000000000000000000000000000000000000000000000000000000055
:20DBB80000000000000000000000000000000000000000000000000000000000000000004D
:20DBC000000000000000000000000000000000000000000000000000000000000000000045
:20DBC80000000000000000000000000000000000000000000000000000000000000000003D
:20DBD000000000000000000000000000000000000000000000000000000000000000000035
:20DBD80000000000000000000000000000000000000000000000000000000000000000002D
:20DBE000000000000000000000000000000000000000000000000000000000000000000025
:20DBE80000000000000000000000000000000000000000000000000000000000000000001D
:20DBF000000000000000000000000000000000000000000000000000000000000000000015
:20DBF80000000000000000000000000000000000000000000000000000000000000000000D
:20DC0000000000000000000000000000000000000000000000000000000000000000000004
:20DC08000000000000000000000000000000000000000000000000000000000000000000FC
:20DC10000000000000000000000000000000000000000000000000000000000000000000F4
:20DC18000000000000000000000000000000000000000000000000000000000000000000EC
:20DC20000000000000000000000000000000000000000000000000000000000000000000E4
:20DC28000000000000000000000000000000000000000000000000000000000000000000DC
:20DC30000000000000000000000000000000000000000000000000000000000000000000D4
:20DC38000000000000000000000000000000000000000000000000000000000000000000CC
:20DC40000000000000000000000000000000000000000000000000000000000000000000C4
:20DC48000000000000000000000000000000000000000000000000000000000000000000BC
:20DC50000000000000000000000000000000000000000000000000000000000000000000B4
:20DC58000000000000000000000000000000000000000000000000000000000000000000AC
:20DC60000000000000000000000000000000000000000000000000000000000000000000A4
:20DC680000000000000000000000000000000000000000000000000000000000000000009C
:20DC7000000000000000000000000000000000000000000000000000000000000000000094
:20DC780000000000000000000000000000000000000000000000000000000000000000008C
:20DC8000000000000000000000000000000000000000000000000000000000000000000084
:20DC880000000000000000000000000000000000000000000000000000000000000000007C
:20DC9000000000000000000000000000000000000000000000000000000000000000000074
:20DC980000000000000000000000000000000000000000000000000000000000000000006C
:20DCA000000000000000000000000000000000000000000000000000000000000000000064
:20DCA80000000000000000000000000000000000000000000000000000000000000000005C
:20DCB000000000000000000000000000000000000000000000000000000000000000000054
:20DCB80000000000000000000000000000000000000000000000000000000000000000004C
:20DCC000000000000000000000000000000000000000000000000000000000000000000044
:20DCC80000000000000000000000000000000000000000000000000000000000000000003C
:20DCD000000000000000000000000000000000000000000000000000000000000000000034
:20DCD80000000000000000000000000000000000000000000000000000000000000000002C
:20DCE000000000000000000000000000000000000000000000000000000000000000000024
:20DCE80000000000000000000000000000000000000000000000000000000000000000001C
:20DCF000000000000000000000000000000000000000000000000000000000000000000014
:20DCF80000000000000000000000000000000000000000000000000000000000000000000C
:20DD0000000000000000000000000000000000000000000000000000000000000000000003
:20DD08000000000000000000000000000000000000000000000000000000000000000000FB
:20DD10000000000000000000000000000000000000000000000000000000000000000000F3
:20DD18000000000000000000000000000000000000000000000000000000000000000000EB
:20DD20000000000000000000000000000000000000000000000000000000000000000000E3
:20DD28000000000000000000000000000000000000000000000000000000000000000000DB
:20DD30000000000000000000000000000000000000000000000000000000000000000000D3
:20DD38000000000000000000000000000000000000000000000000000000000000000000CB
:20DD40000000000000000000000000000000000000000000000000000000000000000000C3
:20DD48000000000000000000000000000000000000000000000000000000000000000000BB
:20DD50000000000000000000000000000000000000000000000000000000000000000000B3
:20DD58000000000000000000000000000000000000000000000000000000000000000000AB
:20DD60000000000000000000000000000000000000000000000000000000000000000000A3
:20DD680000000000000000000000000000000000000000000000000000000000000000009B
:20DD7000000000000000000000000000000000000000000000000000000000000000000093
:20DD780000000000000000000000000000000000000000000000000000000000000000008B
:20DD8000000000000000000000000000000000000000000000000000000000000000000083
:20DD880000000000000000000000000000000000000000000000000000000000000000007B
:20DD9000000000000000000000000000000000000000000000000000000000000000000073
:20DD980000000000000000000000000000000000000000000000000000000000000000006B
:20DDA000000000000000000000000000000000000000000000000000000000000000000063
:20DDA80000000000000000000000000000000000000000000000000000000000000000005B
:20DDB000000000000000000000000000000000000000000000000000000000000000000053
:20DDB80000000000000000000000000000000000000000000000000000000000000000004B
:20DDC000000000000000000000000000000000000000000000000000000000000000000043
:20DDC80000000000000000000000000000000000000000000000000000000000000000003B
:20DDD000000000000000000000000000000000000000000000000000000000000000000033
:20DDD80000000000000000000000000000000000000000000000000000000000000000002B
:20DDE000000000000000000000000000000000000000000000000000000000000000000023
:20DDE80000000000000000000000000000000000000000000000000000000000000000001B
:20DDF000000000000000000000000000000000000000000000000000000000000000000013
:20DDF80000000000000000000000000000000000000000000000000000000000000000000B
:20DE0000000000000000000000000000000000000000000000000000000000000000000002
:20DE08000000000000000000000000000000000000000000000000000000000000000000FA
:20DE10000000000000000000000000000000000000000000000000000000000000000000F2
:20DE18000000000000000000000000000000000000000000000000000000000000000000EA
:20DE20000000000000000000000000000000000000000000000000000000000000000000E2
:20DE28000000000000000000000000000000000000000000000000000000000000000000DA
:20DE30000000000000000000000000000000000000000000000000000000000000000000D2
:20DE38000000000000000000000000000000000000000000000000000000000000000000CA
:20DE40000000000000000000000000000000000000000000000000000000000000000000C2
:20DE48000000000000000000000000000000000000000000000000000000000000000000BA
:20DE50000000000000000000000000000000000000000000000000000000000000000000B2
:20DE58000000000000000000000000000000000000000000000000000000000000000000AA
:20DE60000000000000000000000000000000000000000000000000000000000000000000A2
:20DE680000000000000000000000000000000000000000000000000000000000000000009A
:20DE7000000000000000000000000000000000000000000000000000000000000000000092
:20DE780000000000000000000000000000000000000000000000000000000000000000008A
:20DE8000000000000000000000000000000000000000000000000000000000000000000082
:20DE880000000000000000000000000000000000000000000000000000000000000000007A
:20DE9000000000000000000000000000000000000000000000000000000000000000000072
:20DE980000000000000000000000000000000000000000000000000000000000000000006A
:20DEA000000000000000000000000000000000000000000000000000000000000000000062
:20DEA80000000000000000000000000000000000000000000000000000000000000000005A
:20DEB000000000000000000000000000000000000000000000000000000000000000000052
:20DEB80000000000000000000000000000000000000000000000000000000000000000004A
:20DEC000000000000000000000000000000000000000000000000000000000000000000042
:20DEC80000000000000000000000000000000000000000000000000000000000000000003A
:20DED000000000000000000000000000000000000000000000000000000000000000000032
:20DED80000000000000000000000000000000000000000000000000000000000000000002A
:20DEE000000000000000000000000000000000000000000000000000000000000000000022
:20DEE80000000000000000000000000000000000000000000000000000000000000000001A
:20DEF000000000000000000000000000000000000000000000000000000000000000000012
:20DEF80000000000000000000000000000000000000000000000000000000000000000000A
:20DF0000000000000000000000000000000000000000000000000000000000000000000001
:20DF08000000000000000000000000000000000000000000000000000000000000000000F9
:20DF10000000000000000000000000000000000000000000000000000000000000000000F1
:20DF18000000000000000000000000000000000000000000000000000000000000000000E9
:20DF20000000000000000000000000000000000000000000000000000000000000000000E1
:20DF28000000000000000000000000000000000000000000000000000000000000000000D9
:20DF30000000000000000000000000000000000000000000000000000000000000000000D1
:20DF38000000000000000000000000000000000000000000000000000000000000000000C9
:20DF40000000000000000000000000000000000000000000000000000000000000000000C1
:20DF48000000000000000000000000000000000000000000000000000000000000000000B9
:20DF50000000000000000000000000000000000000000000000000000000000000000000B1
:20DF58000000000000000000000000000000000000000000000000000000000000000000A9
:20DF60000000000000000000000000000000000000000000000000000000000000000000A1
:20DF6800000000000000000000000000000000000000000000000000000000000000000099
:20DF7000000000000000000000000000000000000000000000000000000000000000000091
:20DF7800000000000000000000000000000000000000000000000000000000000000000089
:20DF8000000000000000000000000000000000000000000000000000000000000000000081
:20DF8800000000000000000000000000000000000000000000000000000000000000000079
:20DF9000000000000000000000000000000000000000000000000000000000000000000071
:20DF9800000000000000000000000000000000000000000000000000000000000000000069
:20DFA000000000000000000000000000000000000000000000000000000000000000000061
:20DFA800000000000000000000000000000000000000000000000000000000000000000059
:20DFB000000000000000000000000000000000000000000000000000000000000000000051
:20DFB800000000000000000000000000000000000000000000000000000000000000000049
:20DFC000000000000000000000000000000000000000000000000000000000000000000041
:20DFC800000000000000000000000000000000000000000000000000000000000000000039
:20DFD000000000000000000000000000000000000000000000000000000000000000000031
:20DFD800000000000000000000000000000000000000000000000000000000000000000029
:20DFE000000000000000000000000000000000000000000000000000000000000000000021
:20DFE800000000000000000000000000000000000000000000000000000000000000000019
:20DFF000000000000000000000000000000000000000000000000000000000000000000011
:20DFF800000000000000000000000000000000000000000000000000000000000000000009
:20E00000000000000000000000000000000000000000000000000000000000000000000000
:20E008000000000000000000000000000000000000000000000000000000000000000000F8
:20E010000000000000000000000000000000000000000000000000000000000000000000F0
:20E018000000000000000000000000000000000000000000000000000000000000000000E8
:20E020000000000000000000000000000000000000000000000000000000000000000000E0
:20E028000000000000000000000000000000000000000000000000000000000000000000D8
:20E030000000000000000000000000000000000000000000000000000000000000000000D0
:20E038000000000000000000000000000000000000000000000000000000000000000000C8
:20E040000000000000000000000000000000000000000000000000000000000000000000C0
:20E048000000000000000000000000000000000000000000000000000000000000000000B8
:20E050000000000000000000000000000000000000000000000000000000000000000000B0
:20E058000000000000000000000000000000000000000000000000000000000000000000A8
:20E060000000000000000000000000000000000000000000000000000000000000000000A0
:20E06800000000000000000000000000000000000000000000000000000000000000000098
:20E07000000000000000000000000000000000000000000000000000000000000000000090
:20E07800000000000000000000000000000000000000000000000000000000000000000088
:20E08000000000000000000000000000000000000000000000000000000000000000000080
:20E08800000000000000000000000000000000000000000000000000000000000000000078
:20E09000000000000000000000000000000000000000000000000000000000000000000070
:20E09800000000000000000000000000000000000000000000000000000000000000000068
:20E0A000000000000000000000000000000000000000000000000000000000000000000060
:20E0A800000000000000000000000000000000000000000000000000000000000000000058
:20E0B000000000000000000000000000000000000000000000000000000000000000000050
:20E0B800000000000000000000000000000000000000000000000000000000000000000048
:20E0C000000000000000000000000000000000000000000000000000000000000000000040
:20E0C800000000000000000000000000000000000000000000000000000000000000000038
:20E0D000000000000000000000000000000000000000000000000000000000000000000030
:20E0D800000000000000000000000000000000000000000000000000000000000000000028
:20E0E000000000000000000000000000000000000000000000000000000000000000000020
:20E0E800000000000000000000000000000000000000000000000000000000000000000018
:20E0F000000000000000000000000000000000000000000000000000000000000000000010
:20E0F800000000000000000000000000000000000000000000000000000000000000000008
:20E100000000000000000000000000000000000000000000000000000000000000000000FF
:20E108000000000000000000000000000000000000000000000000000000000000000000F7
:20E110000000000000000000000000000000000000000000000000000000000000000000EF
:20E118000000000000000000000000000000000000000000000000000000000000000000E7
:20E120000000000000000000000000000000000000000000000000000000000000000000DF
:20E128000000000000000000000000000000000000000000000000000000000000000000D7
:20E130000000000000000000000000000000000000000000000000000000000000000000CF
:20E138000000000000000000000000000000000000000000000000000000000000000000C7
:20E140000000000000000000000000000000000000000000000000000000000000000000BF
:20E148000000000000000000000000000000000000000000000000000000000000000000B7
:20E150000000000000000000000000000000000000000000000000000000000000000000AF
:20E158000000000000000000000000000000000000000000000000000000000000000000A7
:20E1600000000000000000000000000000000000000000000000000000000000000000009F
:20E16800000000000000000000000000000000000000000000000000000000000000000097
:20E1700000000000000000000000000000000000000000000000000000000000000000008F
:20E17800000000000000000000000000000000000000000000000000000000000000000087
:20E1800000000000000000000000000000000000000000000000000000000000000000007F
:20E18800000000000000000000000000000000000000000000000000000000000000000077
:20E1900000000000000000000000000000000000000000000000000000000000000000006F
:20E19800000000000000000000000000000000000000000000000000000000000000000067
:20E1A00000000000000000000000000000000000000000000000000000000000000000005F
:20E1A800000000000000000000000000000000000000000000000000000000000000000057
:20E1B00000000000000000000000000000000000000000000000000000000000000000004F
:20E1B800000000000000000000000000000000000000000000000000000000000000000047
:20E1C00000000000000000000000000000000000000000000000000000000000000000003F
:20E1C800000000000000000000000000000000000000000000000000000000000000000037
:20E1D00000000000000000000000000000000000000000000000000000000000000000002F
:20E1D800000000000000000000000000000000000000000000000000000000000000000027
:20E1E00000000000000000000000000000000000000000000000000000000000000000001F
:20E1E800000000000000000000000000000000000000000000000000000000000000000017
:20E1F00000000000000000000000000000000000000000000000000000000000000000000F
:20E1F800000000000000000000000000000000000000000000000000000000000000000007
:20E200000000000000000000000000000000000000000000000000000000000000000000FE
:20E208000000000000000000000000000000000000000000000000000000000000000000F6
:20E210000000000000000000000000000000000000000000000000000000000000000000EE
:20E218000000000000000000000000000000000000000000000000000000000000000000E6
:20E220000000000000000000000000000000000000000000000000000000000000000000DE
:20E228000000000000000000000000000000000000000000000000000000000000000000D6
:20E230000000000000000000000000000000000000000000000000000000000000000000CE
:20E238000000000000000000000000000000000000000000000000000000000000000000C6
:20E240000000000000000000000000000000000000000000000000000000000000000000BE
:20E248000000000000000000000000000000000000000000000000000000000000000000B6
:20E250000000000000000000000000000000000000000000000000000000000000000000AE
:20E258000000000000000000000000000000000000000000000000000000000000000000A6
:20E2600000000000000000000000000000000000000000000000000000000000000000009E
:20E26800000000000000000000000000000000000000000000000000000000000000000096
:20E2700000000000000000000000000000000000000000000000000000000000000000008E
:20E27800000000000000000000000000000000000000000000000000000000000000000086
:20E2800000000000000000000000000000000000000000000000000000000000000000007E
:20E28800000000000000000000000000000000000000000000000000000000000000000076
:20E2900000000000000000000000000000000000000000000000000000000000000000006E
:20E29800000000000000000000000000000000000000000000000000000000000000000066
:20E2A00000000000000000000000000000000000000000000000000000000000000000005E
:20E2A800000000000000000000000000000000000000000000000000000000000000000056
:20E2B00000000000000000000000000000000000000000000000000000000000000000004E
:20E2B800000000000000000000000000000000000000000000000000000000000000000046
:20E2C00000000000000000000000000000000000000000000000000000000000000000003E
:20E2C800000000000000000000000000000000000000000000000000000000000000000036
:20E2D00000000000000000000000000000000000000000000000000000000000000000002E
:20E2D800000000000000000000000000000000000000000000000000000000000000000026
:20E2E00000000000000000000000000000000000000000000000000000000000000000001E
:20E2E800000000000000000000000000000000000000000000000000000000000000000016
:20E2F00000000000000000000000000000000000000000000000000000000000000000000E
:20E2F800000000000000000000000000000000000000000000000000000000000000000006
:20E300000000000000000000000000000000000000000000000000000000000000000000FD
:20E308000000000000000000000000000000000000000000000000000000000000000000F5
:20E310000000000000000000000000000000000000000000000000000000000000000000ED
:20E318000000000000000000000000000000000000000000000000000000000000000000E5
:20E320000000000000000000000000000000000000000000000000000000000000000000DD
:20E328000000000000000000000000000000000000000000000000000000000000000000D5
:20E330000000000000000000000000000000000000000000000000000000000000000000CD
:20E338000000000000000000000000000000000000000000000000000000000000000000C5
:20E340000000000000000000000000000000000000000000000000000000000000000000BD
:20E348000000000000000000000000000000000000000000000000000000000000000000B5
:20E350000000000000000000000000000000000000000000000000000000000000000000AD
:20E358000000000000000000000000000000000000000000000000000000000000000000A5
:20E3600000000000000000000000000000000000000000000000000000000000000000009D
:20E36800000000000000000000000000000000000000000000000000000000000000000095
:20E3700000000000000000000000000000000000000000000000000000000000000000008D
:20E37800000000000000000000000000000000000000000000000000000000000000000085
:20E3800000000000000000000000000000000000000000000000000000000000000000007D
:20E38800000000000000000000000000000000000000000000000000000000000000000075
:20E3900000000000000000000000000000000000000000000000000000000000000000006D
:20E39800000000000000000000000000000000000000000000000000000000000000000065
:20E3A00000000000000000000000000000000000000000000000000000000000000000005D
:20E3A800000000000000000000000000000000000000000000000000000000000000000055
:20E3B00000000000000000000000000000000000000000000000000000000000000000004D
:20E3B800000000000000000000000000000000000000000000000000000000000000000045
:20E3C00000000000000000000000000000000000000000000000000000000000000000003D
:20E3C800000000000000000000000000000000000000000000000000000000000000000035
:20E3D00000000000000000000000000000000000000000000000000000000000000000002D
:20E3D800000000000000000000000000000000000000000000000000000000000000000025
:20E3E00000000000000000000000000000000000000000000000000000000000000000001D
:20E3E800000000000000000000000000000000000000000000000000000000000000000015
:20E3F00000000000000000000000000000000000000000000000000000000000000000000D
:20E3F800000000000000000000000000000000000000000000000000000000000000000005
:20E400000000000000000000000000000000000000000000000000000000000000000000FC
:20E408000000000000000000000000000000000000000000000000000000000000000000F4
:20E410000000000000000000000000000000000000000000000000000000000000000000EC
:20E418000000000000000000000000000000000000000000000000000000000000000000E4
:20E420000000000000000000000000000000000000000000000000000000000000000000DC
:20E428000000000000000000000000000000000000000000000000000000000000000000D4
:20E430000000000000000000000000000000000000000000000000000000000000000000CC
:20E438000000000000000000000000000000000000000000000000000000000000000000C4
:20E440000000000000000000000000000000000000000000000000000000000000000000BC
:20E448000000000000000000000000000000000000000000000000000000000000000000B4
:20E450000000000000000000000000000000000000000000000000000000000000000000AC
:20E458000000000000000000000000000000000000000000000000000000000000000000A4
:20E4600000000000000000000000000000000000000000000000000000000000000000009C
:20E46800000000000000000000000000000000000000000000000000000000000000000094
:20E4700000000000000000000000000000000000000000000000000000000000000000008C
:20E47800000000000000000000000000000000000000000000000000000000000000000084
:20E4800000000000000000000000000000000000000000000000000000000000000000007C
:20E48800000000000000000000000000000000000000000000000000000000000000000074
:20E4900000000000000000000000000000000000000000000000000000000000000000006C
:20E49800000000000000000000000000000000000000000000000000000000000000000064
:20E4A00000000000000000000000000000000000000000000000000000000000000000005C
:20E4A800000000000000000000000000000000000000000000000000000000000000000054
:20E4B00000000000000000000000000000000000000000000000000000000000000000004C
:20E4B800000000000000000000000000000000000000000000000000000000000000000044
:20E4C00000000000000000000000000000000000000000000000000000000000000000003C
:20E4C800000000000000000000000000000000000000000000000000000000000000000034
:20E4D00000000000000000000000000000000000000000000000000000000000000000002C
:20E4D800000000000000000000000000000000000000000000000000000000000000000024
:20E4E00000000000000000000000000000000000000000000000000000000000000000001C
:20E4E800000000000000000000000000000000000000000000000000000000000000000014
:20E4F00000000000000000000000000000000000000000000000000000000000000000000C
:20E4F800000000000000000000000000000000000000000000000000000000000000000004
:20E500000000000000000000000000000000000000000000000000000000000000000000FB
:20E508000000000000000000000000000000000000000000000000000000000000000000F3
:20E510000000000000000000000000000000000000000000000000000000000000000000EB
:20E518000000000000000000000000000000000000000000000000000000000000000000E3
:20E520000000000000000000000000000000000000000000000000000000000000000000DB
:20E528000000000000000000000000000000000000000000000000000000000000000000D3
:20E530000000000000000000000000000000000000000000000000000000000000000000CB
:20E538000000000000000000000000000000000000000000000000000000000000000000C3
:20E540000000000000000000000000000000000000000000000000000000000000000000BB
:20E548000000000000000000000000000000000000000000000000000000000000000000B3
:20E550000000000000000000000000000000000000000000000000000000000000000000AB
:20E558000000000000000000000000000000000000000000000000000000000000000000A3
:20E5600000000000000000000000000000000000000000000000000000000000000000009B
:20E56800000000000000000000000000000000000000000000000000000000000000000093
:20E5700000000000000000000000000000000000000000000000000000000000000000008B
:20E57800000000000000000000000000000000000000000000000000000000000000000083
:20E5800000000000000000000000000000000000000000000000000000000000000000007B
:20E58800000000000000000000000000000000000000000000000000000000000000000073
:20E5900000000000000000000000000000000000000000000000000000000000000000006B
:20E59800000000000000000000000000000000000000000000000000000000000000000063
:20E5A00000000000000000000000000000000000000000000000000000000000000000005B
:20E5A800000000000000000000000000000000000000000000000000000000000000000053
:20E5B00000000000000000000000000000000000000000000000000000000000000000004B
:20E5B800000000000000000000000000000000000000000000000000000000000000000043
:20E5C00000000000000000000000000000000000000000000000000000000000000000003B
:20E5C800000000000000000000000000000000000000000000000000000000000000000033
:20E5D00000000000000000000000000000000000000000000000000000000000000000002B
:20E5D800000000000000000000000000000000000000000000000000000000000000000023
:20E5E00000000000000000000000000000000000000000000000000000000000000000001B
:20E5E800000000000000000000000000000000000000000000000000000000000000000013
:20E5F00000000000000000000000000000000000000000000000000000000000000000000B
:20E5F800000000000000000000000000000000000000000000000000000000000000000003
:20E600000000000000000000000000000000000000000000000000000000000000000000FA
:20E608000000000000000000000000000000000000000000000000000000000000000000F2
:20E610000000000000000000000000000000000000000000000000000000000000000000EA
:20E618000000000000000000000000000000000000000000000000000000000000000000E2
:20E620000000000000000000000000000000000000000000000000000000000000000000DA
:20E628000000000000000000000000000000000000000000000000000000000000000000D2
:20E630000000000000000000000000000000000000000000000000000000000000000000CA
:20E638000000000000000000000000000000000000000000000000000000000000000000C2
:20E640000000000000000000000000000000000000000000000000000000000000000000BA
:20E648000000000000000000000000000000000000000000000000000000000000000000B2
:20E650000000000000000000000000000000000000000000000000000000000000000000AA
:20E658000000000000000000000000000000000000000000000000000000000000000000A2
:20E6600000000000000000000000000000000000000000000000000000000000000000009A
:20E66800000000000000000000000000000000000000000000000000000000000000000092
:20E6700000000000000000000000000000000000000000000000000000000000000000008A
:20E67800000000000000000000000000000000000000000000000000000000000000000082
:20E6800000000000000000000000000000000000000000000000000000000000000000007A
:20E68800000000000000000000000000000000000000000000000000000000000000000072
:20E6900000000000000000000000000000000000000000000000000000000000000000006A
:20E69800000000000000000000000000000000000000000000000000000000000000000062
:20E6A00000000000000000000000000000000000000000000000000000000000000000005A
:20E6A800000000000000000000000000000000000000000000000000000000000000000052
:20E6B00000000000000000000000000000000000000000000000000000000000000000004A
:20E6B800000000000000000000000000000000000000000000000000000000000000000042
:20E6C00000000000000000000000000000000000000000000000000000000000000000003A
:20E6C800000000000000000000000000000000000000000000000000000000000000000032
:20E6D00000000000000000000000000000000000000000000000000000000000000000002A
:20E6D800000000000000000000000000000000000000000000000000000000000000000022
:20E6E00000000000000000000000000000000000000000000000000000000000000000001A
:20E6E800000000000000000000000000000000000000000000000000000000000000000012
:20E6F00000000000000000000000000000000000000000000000000000000000000000000A
:20E6F800000000000000000000000000000000000000000000000000000000000000000002
:20E700000000000000000000000000000000000000000000000000000000000000000000F9
:20E708000000000000000000000000000000000000000000000000000000000000000000F1
:20E710000000000000000000000000000000000000000000000000000000000000000000E9
:20E718000000000000000000000000000000000000000000000000000000000000000000E1
:20E720000000000000000000000000000000000000000000000000000000000000000000D9
:20E728000000000000000000000000000000000000000000000000000000000000000000D1
:20E730000000000000000000000000000000000000000000000000000000000000000000C9
:20E738000000000000000000000000000000000000000000000000000000000000000000C1
:20E740000000000000000000000000000000000000000000000000000000000000000000B9
:20E748000000000000000000000000000000000000000000000000000000000000000000B1
:20E750000000000000000000000000000000000000000000000000000000000000000000A9
:20E758000000000000000000000000000000000000000000000000000000000000000000A1
:20E76000000000000000000000000000000000000000000000000000000000000000000099
:20E76800000000000000000000000000000000000000000000000000000000000000000091
:20E77000000000000000000000000000000000000000000000000000000000000000000089
:20E77800000000000000000000000000000000000000000000000000000000000000000081
:20E78000000000000000000000000000000000000000000000000000000000000000000079
:20E78800000000000000000000000000000000000000000000000000000000000000000071
:20E79000000000000000000000000000000000000000000000000000000000000000000069
:20E79800000000000000000000000000000000000000000000000000000000000000000061
:20E7A000000000000000000000000000000000000000000000000000000000000000000059
:20E7A800000000000000000000000000000000000000000000000000000000000000000051
:20E7B000000000000000000000000000000000000000000000000000000000000000000049
:20E7B800000000000000000000000000000000000000000000000000000000000000000041
:20E7C000000000000000000000000000000000000000000000000000000000000000000039
:20E7C800000000000000000000000000000000000000000000000000000000000000000031
:20E7D000000000000000000000000000000000000000000000000000000000000000000029
:20E7D800000000000000000000000000000000000000000000000000000000000000000021
:20E7E000000000000000000000000000000000000000000000000000000000000000000019
:20E7E800000000000000000000000000000000000000000000000000000000000000000011
:20E7F000000000000000000000000000000000000000000000000000000000000000000009
:20E7F800000000000000000000000000000000000000000000000000000000000000000001
:20E800000000000000000000000000000000000000000000000000000000000000000000F8
:20E808000000000000000000000000000000000000000000000000000000000000000000F0
:20E810000000000000000000000000000000000000000000000000000000000000000000E8
:20E818000000000000000000000000000000000000000000000000000000000000000000E0
:20E820000000000000000000000000000000000000000000000000000000000000000000D8
:20E828000000000000000000000000000000000000000000000000000000000000000000D0
:20E830000000000000000000000000000000000000000000000000000000000000000000C8
:20E838000000000000000000000000000000000000000000000000000000000000000000C0
:20E840000000000000000000000000000000000000000000000000000000000000000000B8
:20E848000000000000000000000000000000000000000000000000000000000000000000B0
:20E850000000000000000000000000000000000000000000000000000000000000000000A8
:20E858000000000000000000000000000000000000000000000000000000000000000000A0
:20E86000000000000000000000000000000000000000000000000000000000000000000098
:20E86800000000000000000000000000000000000000000000000000000000000000000090
:20E87000000000000000000000000000000000000000000000000000000000000000000088
:20E87800000000000000000000000000000000000000000000000000000000000000000080
:20E88000000000000000000000000000000000000000000000000000000000000000000078
:20E88800000000000000000000000000000000000000000000000000000000000000000070
:20E89000000000000000000000000000000000000000000000000000000000000000000068
:20E89800000000000000000000000000000000000000000000000000000000000000000060
:20E8A000000000000000000000000000000000000000000000000000000000000000000058
:20E8A800000000000000000000000000000000000000000000000000000000000000000050
:20E8B000000000000000000000000000000000000000000000000000000000000000000048
:20E8B800000000000000000000000000000000000000000000000000000000000000000040
:20E8C000000000000000000000000000000000000000000000000000000000000000000038
:20E8C800000000000000000000000000000000000000000000000000000000000000000030
:20E8D000000000000000000000000000000000000000000000000000000000000000000028
:20E8D800000000000000000000000000000000000000000000000000000000000000000020
:20E8E000000000000000000000000000000000000000000000000000000000000000000018
:20E8E800000000000000000000000000000000000000000000000000000000000000000010
:20E8F000000000000000000000000000000000000000000000000000000000000000000008
:20E8F800000000000000000000000000000000000000000000000000000000000000000000
:20E900000000000000000000000000000000000000000000000000000000000000000000F7
:20E908000000000000000000000000000000000000000000000000000000000000000000EF
:20E910000000000000000000000000000000000000000000000000000000000000000000E7
:20E918000000000000000000000000000000000000000000000000000000000000000000DF
:20E920000000000000000000000000000000000000000000000000000000000000000000D7
:20E928000000000000000000000000000000000000000000000000000000000000000000CF
:20E930000000000000000000000000000000000000000000000000000000000000000000C7
:20E938000000000000000000000000000000000000000000000000000000000000000000BF
:20E940000000000000000000000000000000000000000000000000000000000000000000B7
:20E948000000000000000000000000000000000000000000000000000000000000000000AF
:20E950000000000000000000000000000000000000000000000000000000000000000000A7
:20E9580000000000000000000000000000000000000000000000000000000000000000009F
:20E96000000000000000000000000000000000000000000000000000000000000000000097
:20E9680000000000000000000000000000000000000000000000000000000000000000008F
:20E97000000000000000000000000000000000000000000000000000000000000000000087
:20E9780000000000000000000000000000000000000000000000000000000000000000007F
:20E98000000000000000000000000000000000000000000000000000000000000000000077
:20E9880000000000000000000000000000000000000000000000000000000000000000006F
:20E99000000000000000000000000000000000000000000000000000000000000000000067
:20E9980000000000000000000000000000000000000000000000000000000000000000005F
:20E9A000000000000000000000000000000000000000000000000000000000000000000057
:20E9A80000000000000000000000000000000000000000000000000000000000000000004F
:20E9B000000000000000000000000000000000000000000000000000000000000000000047
:20E9B80000000000000000000000000000000000000000000000000000000000000000003F
:20E9C000000000000000000000000000000000000000000000000000000000000000000037
:20E9C80000000000000000000000000000000000000000000000000000000000000000002F
:20E9D000000000000000000000000000000000000000000000000000000000000000000027
:20E9D80000000000000000000000000000000000000000000000000000000000000000001F
:20E9E000000000000000000000000000000000000000000000000000000000000000000017
:20E9E80000000000000000000000000000000000000000000000000000000000000000000F
:20E9F000000000000000000000000000000000000000000000000000000000000000000007
:20E9F8000000000000000000000000000000000000000000000000000000000000000000FF
:20EA00000000000000000000000000000000000000000000000000000000000000000000F6
:20EA08000000000000000000000000000000000000000000000000000000000000000000EE
:20EA10000000000000000000000000000000000000000000000000000000000000000000E6
:20EA18000000000000000000000000000000000000000000000000000000000000000000DE
:20EA20000000000000000000000000000000000000000000000000000000000000000000D6
:20EA28000000000000000000000000000000000000000000000000000000000000000000CE
:20EA30000000000000000000000000000000000000000000000000000000000000000000C6
:20EA38000000000000000000000000000000000000000000000000000000000000000000BE
:20EA40000000000000000000000000000000000000000000000000000000000000000000B6
:20EA48000000000000000000000000000000000000000000000000000000000000000000AE
:20EA50000000000000000000000000000000000000000000000000000000000000000000A6
:20EA580000000000000000000000000000000000000000000000000000000000000000009E
:20EA6000000000000000000000000000000000000000000000000000000000000000000096
:20EA680000000000000000000000000000000000000000000000000000000000000000008E
:20EA7000000000000000000000000000000000000000000000000000000000000000000086
:20EA780000000000000000000000000000000000000000000000000000000000000000007E
:20EA8000000000000000000000000000000000000000000000000000000000000000000076
:20EA880000000000000000000000000000000000000000000000000000000000000000006E
:20EA9000000000000000000000000000000000000000000000000000000000000000000066
:20EA980000000000000000000000000000000000000000000000000000000000000000005E
:20EAA000000000000000000000000000000000000000000000000000000000000000000056
:20EAA80000000000000000000000000000000000000000000000000000000000000000004E
:20EAB000000000000000000000000000000000000000000000000000000000000000000046
:20EAB80000000000000000000000000000000000000000000000000000000000000000003E
:20EAC000000000000000000000000000000000000000000000000000000000000000000036
:20EAC80000000000000000000000000000000000000000000000000000000000000000002E
:20EAD000000000000000000000000000000000000000000000000000000000000000000026
:20EAD80000000000000000000000000000000000000000000000000000000000000000001E
:20EAE000000000000000000000000000000000000000000000000000000000000000000016
:20EAE80000000000000000000000000000000000000000000000000000000000000000000E
:20EAF000000000000000000000000000000000000000000000000000000000000000000006
:20EAF8000000000000000000000000000000000000000000000000000000000000000000FE
:20EB00000000000000000000000000000000000000000000000000000000000000000000F5
:20EB08000000000000000000000000000000000000000000000000000000000000000000ED
:20EB10000000000000000000000000000000000000000000000000000000000000000000E5
:20EB18000000000000000000000000000000000000000000000000000000000000000000DD
:20EB20000000000000000000000000000000000000000000000000000000000000000000D5
:20EB28000000000000000000000000000000000000000000000000000000000000000000CD
:20EB30000000000000000000000000000000000000000000000000000000000000000000C5
:20EB38000000000000000000000000000000000000000000000000000000000000000000BD
:20EB40000000000000000000000000000000000000000000000000000000000000000000B5
:20EB48000000000000000000000000000000000000000000000000000000000000000000AD
:20EB50000000000000000000000000000000000000000000000000000000000000000000A5
:20EB580000000000000000000000000000000000000000000000000000000000000000009D
:20EB6000000000000000000000000000000000000000000000000000000000000000000095
:20EB680000000000000000000000000000000000000000000000000000000000000000008D
:20EB7000000000000000000000000000000000000000000000000000000000000000000085
:20EB780000000000000000000000000000000000000000000000000000000000000000007D
:20EB8000000000000000000000000000000000000000000000000000000000000000000075
:20EB880000000000000000000000000000000000000000000000000000000000000000006D
:20EB9000000000000000000000000000000000000000000000000000000000000000000065
:20EB980000000000000000000000000000000000000000000000000000000000000000005D
:20EBA000000000000000000000000000000000000000000000000000000000000000000055
:20EBA80000000000000000000000000000000000000000000000000000000000000000004D
:20EBB000000000000000000000000000000000000000000000000000000000000000000045
:20EBB80000000000000000000000000000000000000000000000000000000000000000003D
:20EBC000000000000000000000000000000000000000000000000000000000000000000035
:20EBC80000000000000000000000000000000000000000000000000000000000000000002D
:20EBD000000000000000000000000000000000000000000000000000000000000000000025
:20EBD80000000000000000000000000000000000000000000000000000000000000000001D
:20EBE000000000000000000000000000000000000000000000000000000000000000000015
:20EBE80000000000000000000000000000000000000000000000000000000000000000000D
:20EBF000000000000000000000000000000000000000000000000000000000000000000005
:20EBF8000000000000000000000000000000000000000000000000000000000000000000FD
:20EC00000000000000000000000000000000000000000000000000000000000000000000F4
:20EC08000000000000000000000000000000000000000000000000000000000000000000EC
:20EC10000000000000000000000000000000000000000000000000000000000000000000E4
:20EC18000000000000000000000000000000000000000000000000000000000000000000DC
:20EC20000000000000000000000000000000000000000000000000000000000000000000D4
:20EC28000000000000000000000000000000000000000000000000000000000000000000CC
:20EC30000000000000000000000000000000000000000000000000000000000000000000C4
:20EC38000000000000000000000000000000000000000000000000000000000000000000BC
:20EC40000000000000000000000000000000000000000000000000000000000000000000B4
:20EC48000000000000000000000000000000000000000000000000000000000000000000AC
:20EC50000000000000000000000000000000000000000000000000000000000000000000A4
:20EC580000000000000000000000000000000000000000000000000000000000000000009C
:20EC6000000000000000000000000000000000000000000000000000000000000000000094
:20EC680000000000000000000000000000000000000000000000000000000000000000008C
:20EC7000000000000000000000000000000000000000000000000000000000000000000084
:20EC780000000000000000000000000000000000000000000000000000000000000000007C
:20EC8000000000000000000000000000000000000000000000000000000000000000000074
:20EC880000000000000000000000000000000000000000000000000000000000000000006C
:20EC9000000000000000000000000000000000000000000000000000000000000000000064
:20EC980000000000000000000000000000000000000000000000000000000000000000005C
:20ECA000000000000000000000000000000000000000000000000000000000000000000054
:20ECA80000000000000000000000000000000000000000000000000000000000000000004C
:20ECB000000000000000000000000000000000000000000000000000000000000000000044
:20ECB80000000000000000000000000000000000000000000000000000000000000000003C
:20ECC000000000000000000000000000000000000000000000000000000000000000000034
:20ECC80000000000000000000000000000000000000000000000000000000000000000002C
:20ECD000000000000000000000000000000000000000000000000000000000000000000024
:20ECD80000000000000000000000000000000000000000000000000000000000000000001C
:20ECE000000000000000000000000000000000000000000000000000000000000000000014
:20ECE80000000000000000000000000000000000000000000000000000000000000000000C
:20ECF000000000000000000000000000000000000000000000000000000000000000000004
:20ECF8000000000000000000000000000000000000000000000000000000000000000000FC
:20ED00000000000000000000000000000000000000000000000000000000000000000000F3
:20ED08000000000000000000000000000000000000000000000000000000000000000000EB
:20ED10000000000000000000000000000000000000000000000000000000000000000000E3
:20ED18000000000000000000000000000000000000000000000000000000000000000000DB
:20ED20000000000000000000000000000000000000000000000000000000000000000000D3
:20ED28000000000000000000000000000000000000000000000000000000000000000000CB
:20ED30000000000000000000000000000000000000000000000000000000000000000000C3
:20ED38000000000000000000000000000000000000000000000000000000000000000000BB
:20ED40000000000000000000000000000000000000000000000000000000000000000000B3
:20ED48000000000000000000000000000000000000000000000000000000000000000000AB
:20ED50000000000000000000000000000000000000000000000000000000000000000000A3
:20ED580000000000000000000000000000000000000000000000000000000000000000009B
:20ED6000000000000000000000000000000000000000000000000000000000000000000093
:20ED680000000000000000000000000000000000000000000000000000000000000000008B
:20ED7000000000000000000000000000000000000000000000000000000000000000000083
:20ED780000000000000000000000000000000000000000000000000000000000000000007B
:20ED8000000000000000000000000000000000000000000000000000000000000000000073
:20ED880000000000000000000000000000000000000000000000000000000000000000006B
:20ED9000000000000000000000000000000000000000000000000000000000000000000063
:20ED980000000000000000000000000000000000000000000000000000000000000000005B
:20EDA000000000000000000000000000000000000000000000000000000000000000000053
:20EDA80000000000000000000000000000000000000000000000000000000000000000004B
:20EDB000000000000000000000000000000000000000000000000000000000000000000043
:20EDB80000000000000000000000000000000000000000000000000000000000000000003B
:20EDC000000000000000000000000000000000000000000000000000000000000000000033
:20EDC80000000000000000000000000000000000000000000000000000000000000000002B
:20EDD000000000000000000000000000000000000000000000000000000000000000000023
:20EDD80000000000000000000000000000000000000000000000000000000000000000001B
:20EDE000000000000000000000000000000000000000000000000000000000000000000013
:20EDE80000000000000000000000000000000000000000000000000000000000000000000B
:20EDF000000000000000000000000000000000000000000000000000000000000000000003
:20EDF8000000000000000000000000000000000000000000000000000000000000000000FB
:20EE00000000000000000000000000000000000000000000000000000000000000000000F2
:20EE08000000000000000000000000000000000000000000000000000000000000000000EA
:20EE10000000000000000000000000000000000000000000000000000000000000000000E2
:20EE18000000000000000000000000000000000000000000000000000000000000000000DA
:20EE20000000000000000000000000000000000000000000000000000000000000000000D2
:20EE28000000000000000000000000000000000000000000000000000000000000000000CA
:20EE30000000000000000000000000000000000000000000000000000000000000000000C2
:20EE38000000000000000000000000000000000000000000000000000000000000000000BA
:20EE40000000000000000000000000000000000000000000000000000000000000000000B2
:20EE48000000000000000000000000000000000000000000000000000000000000000000AA
:20EE50000000000000000000000000000000000000000000000000000000000000000000A2
:20EE580000000000000000000000000000000000000000000000000000000000000000009A
:20EE6000000000000000000000000000000000000000000000000000000000000000000092
:20EE680000000000000000000000000000000000000000000000000000000000000000008A
:20EE7000000000000000000000000000000000000000000000000000000000000000000082
:20EE780000000000000000000000000000000000000000000000000000000000000000007A
:20EE8000000000000000000000000000000000000000000000000000000000000000000072
:20EE880000000000000000000000000000000000000000000000000000000000000000006A
:20EE9000000000000000000000000000000000000000000000000000000000000000000062
:20EE980000000000000000000000000000000000000000000000000000000000000000005A
:20EEA000000000000000000000000000000000000000000000000000000000000000000052
:20EEA80000000000000000000000000000000000000000000000000000000000000000004A
:20EEB000000000000000000000000000000000000000000000000000000000000000000042
:20EEB80000000000000000000000000000000000000000000000000000000000000000003A
:20EEC000000000000000000000000000000000000000000000000000000000000000000032
:20EEC80000000000000000000000000000000000000000000000000000000000000000002A
:20EED000000000000000000000000000000000000000000000000000000000000000000022
:20EED80000000000000000000000000000000000000000000000000000000000000000001A
:20EEE000000000000000000000000000000000000000000000000000000000000000000012
:20EEE80000000000000000000000000000000000000000000000000000000000000000000A
:20EEF000000000000000000000000000000000000000000000000000000000000000000002
:20EEF8000000000000000000000000000000000000000000000000000000000000000000FA
:20EF00000000000000000000000000000000000000000000000000000000000000000000F1
:20EF08000000000000000000000000000000000000000000000000000000000000000000E9
:20EF10000000000000000000000000000000000000000000000000000000000000000000E1
:20EF18000000000000000000000000000000000000000000000000000000000000000000D9
:20EF20000000000000000000000000000000000000000000000000000000000000000000D1
:20EF28000000000000000000000000000000000000000000000000000000000000000000C9
:20EF30000000000000000000000000000000000000000000000000000000000000000000C1
:20EF38000000000000000000000000000000000000000000000000000000000000000000B9
:20EF40000000000000000000000000000000000000000000000000000000000000000000B1
:20EF48000000000000000000000000000000000000000000000000000000000000000000A9
:20EF50000000000000000000000000000000000000000000000000000000000000000000A1
:20EF5800000000000000000000000000000000000000000000000000000000000000000099
:20EF6000000000000000000000000000000000000000000000000000000000000000000091
:20EF6800000000000000000000000000000000000000000000000000000000000000000089
:20EF7000000000000000000000000000000000000000000000000000000000000000000081
:20EF7800000000000000000000000000000000000000000000000000000000000000000079
:20EF8000000000000000000000000000000000000000000000000000000000000000000071
:20EF8800000000000000000000000000000000000000000000000000000000000000000069
:20EF9000000000000000000000000000000000000000000000000000000000000000000061
:20EF9800000000000000000000000000000000000000000000000000000000000000000059
:20EFA000000000000000000000000000000000000000000000000000000000000000000051
:20EFA800000000000000000000000000000000000000000000000000000000000000000049
:20EFB000000000000000000000000000000000000000000000000000000000000000000041
:20EFB800000000000000000000000000000000000000000000000000000000000000000039
:20EFC000000000000000000000000000000000000000000000000000000000000000000031
:20EFC800000000000000000000000000000000000000000000000000000000000000000029
:20EFD000000000000000000000000000000000000000000000000000000000000000000021
:20EFD800000000000000000000000000000000000000000000000000000000000000000019
:20EFE000000000000000000000000000000000000000000000000000000000000000000011
:20EFE800000000000000000000000000000000000000000000000000000000000000000009
:20EFF000000000000000000000000000000000000000000000000000000000000000000001
:20EFF8000000000000000000000000000000000000000000000000000000000000000000F9
:20F000000000000000000000000000000000000000000000000000000000000000000000F0
:20F008000000000000000000000000000000000000000000000000000000000000000000E8
:20F010000000000000000000000000000000000000000000000000000000000000000000E0
:20F018000000000000000000000000000000000000000000000000000000000000000000D8
:20F020000000000000000000000000000000000000000000000000000000000000000000D0
:20F028000000000000000000000000000000000000000000000000000000000000000000C8
:20F030000000000000000000000000000000000000000000000000000000000000000000C0
:20F038000000000000000000000000000000000000000000000000000000000000000000B8
:20F040000000000000000000000000000000000000000000000000000000000000000000B0
:20F048000000000000000000000000000000000000000000000000000000000000000000A8
:20F050000000000000000000000000000000000000000000000000000000000000000000A0
:20F05800000000000000000000000000000000000000000000000000000000000000000098
:20F06000000000000000000000000000000000000000000000000000000000000000000090
:20F06800000000000000000000000000000000000000000000000000000000000000000088
:20F07000000000000000000000000000000000000000000000000000000000000000000080
:20F07800000000000000000000000000000000000000000000000000000000000000000078
:20F08000000000000000000000000000000000000000000000000000000000000000000070
:20F08800000000000000000000000000000000000000000000000000000000000000000068
:20F09000000000000000000000000000000000000000000000000000000000000000000060
:20F09800000000000000000000000000000000000000000000000000000000000000000058
:20F0A000000000000000000000000000000000000000000000000000000000000000000050
:20F0A800000000000000000000000000000000000000000000000000000000000000000048
:20F0B000000000000000000000000000000000000000000000000000000000000000000040
:20F0B800000000000000000000000000000000000000000000000000000000000000000038
:20F0C000000000000000000000000000000000000000000000000000000000000000000030
:20F0C800000000000000000000000000000000000000000000000000000000000000000028
:20F0D000000000000000000000000000000000000000000000000000000000000000000020
:20F0D800000000000000000000000000000000000000000000000000000000000000000018
:20F0E000000000000000000000000000000000000000000000000000000000000000000010
:20F0E800000000000000000000000000000000000000000000000000000000000000000008
:20F0F000000000000000000000000000000000000000000000000000000000000000000000
:20F0F8000000000000000000000000000000000000000000000000000000000000000000F8
:20F100000000000000000000000000000000000000000000000000000000000000000000EF
:20F108000000000000000000000000000000000000000000000000000000000000000000E7
:20F110000000000000000000000000000000000000000000000000000000000000000000DF
:20F118000000000000000000000000000000000000000000000000000000000000000000D7
:20F120000000000000000000000000000000000000000000000000000000000000000000CF
:20F128000000000000000000000000000000000000000000000000000000000000000000C7
:20F130000000000000000000000000000000000000000000000000000000000000000000BF
:20F138000000000000000000000000000000000000000000000000000000000000000000B7
:20F140000000000000000000000000000000000000000000000000000000000000000000AF
:20F148000000000000000000000000000000000000000000000000000000000000000000A7
:20F1500000000000000000000000000000000000000000000000000000000000000000009F
:20F15800000000000000000000000000000000000000000000000000000000000000000097
:20F1600000000000000000000000000000000000000000000000000000000000000000008F
:20F16800000000000000000000000000000000000000000000000000000000000000000087
:20F1700000000000000000000000000000000000000000000000000000000000000000007F
:20F17800000000000000000000000000000000000000000000000000000000000000000077
:20F1800000000000000000000000000000000000000000000000000000000000000000006F
:20F18800000000000000000000000000000000000000000000000000000000000000000067
:20F1900000000000000000000000000000000000000000000000000000000000000000005F
:20F19800000000000000000000000000000000000000000000000000000000000000000057
:20F1A00000000000000000000000000000000000000000000000000000000000000000004F
:20F1A800000000000000000000000000000000000000000000000000000000000000000047
:20F1B00000000000000000000000000000000000000000000000000000000000000000003F
:20F1B800000000000000000000000000000000000000000000000000000000000000000037
:20F1C00000000000000000000000000000000000000000000000000000000000000000002F
:20F1C800000000000000000000000000000000000000000000000000000000000000000027
:20F1D00000000000000000000000000000000000000000000000000000000000000000001F
:20F1D800000000000000000000000000000000000000000000000000000000000000000017
:20F1E00000000000000000000000000000000000000000000000000000000000000000000F
:20F1E800000000000000000000000000000000000000000000000000000000000000000007
:20F1F0000000000000000000000000000000000000000000000000000000000000000000FF
:20F1F8000000000000000000000000000000000000000000000000000000000000000000F7
:20F200000000000000000000000000000000000000000000000000000000000000000000EE
:20F208000000000000000000000000000000000000000000000000000000000000000000E6
:20F210000000000000000000000000000000000000000000000000000000000000000000DE
:20F218000000000000000000000000000000000000000000000000000000000000000000D6
:20F220000000000000000000000000000000000000000000000000000000000000000000CE
:20F228000000000000000000000000000000000000000000000000000000000000000000C6
:20F230000000000000000000000000000000000000000000000000000000000000000000BE
:20F238000000000000000000000000000000000000000000000000000000000000000000B6
:20F240000000000000000000000000000000000000000000000000000000000000000000AE
:20F248000000000000000000000000000000000000000000000000000000000000000000A6
:20F2500000000000000000000000000000000000000000000000000000000000000000009E
:20F25800000000000000000000000000000000000000000000000000000000000000000096
:20F2600000000000000000000000000000000000000000000000000000000000000000008E
:20F26800000000000000000000000000000000000000000000000000000000000000000086
:20F2700000000000000000000000000000000000000000000000000000000000000000007E
:20F27800000000000000000000000000000000000000000000000000000000000000000076
:20F2800000000000000000000000000000000000000000000000000000000000000000006E
:20F28800000000000000000000000000000000000000000000000000000000000000000066
:20F2900000000000000000000000000000000000000000000000000000000000000000005E
:20F29800000000000000000000000000000000000000000000000000000000000000000056
:20F2A00000000000000000000000000000000000000000000000000000000000000000004E
:20F2A800000000000000000000000000000000000000000000000000000000000000000046
:20F2B00000000000000000000000000000000000000000000000000000000000000000003E
:20F2B800000000000000000000000000000000000000000000000000000000000000000036
:20F2C00000000000000000000000000000000000000000000000000000000000000000002E
:20F2C800000000000000000000000000000000000000000000000000000000000000000026
:20F2D00000000000000000000000000000000000000000000000000000000000000000001E
:20F2D800000000000000000000000000000000000000000000000000000000000000000016
:20F2E00000000000000000000000000000000000000000000000000000000000000000000E
:20F2E800000000000000000000000000000000000000000000000000000000000000000006
:20F2F0000000000000000000000000000000000000000000000000000000000000000000FE
:20F2F8000000000000000000000000000000000000000000000000000000000000000000F6
:20F300000000000000000000000000000000000000000000000000000000000000000000ED
:20F308000000000000000000000000000000000000000000000000000000000000000000E5
:20F310000000000000000000000000000000000000000000000000000000000000000000DD
:20F318000000000000000000000000000000000000000000000000000000000000000000D5
:20F320000000000000000000000000000000000000000000000000000000000000000000CD
:20F328000000000000000000000000000000000000000000000000000000000000000000C5
:20F330000000000000000000000000000000000000000000000000000000000000000000BD
:20F338000000000000000000000000000000000000000000000000000000000000000000B5
:20F340000000000000000000000000000000000000000000000000000000000000000000AD
:20F348000000000000000000000000000000000000000000000000000000000000000000A5
:20F3500000000000000000000000000000000000000000000000000000000000000000009D
:20F35800000000000000000000000000000000000000000000000000000000000000000095
:20F3600000000000000000000000000000000000000000000000000000000000000000008D
:20F36800000000000000000000000000000000000000000000000000000000000000000085
:20F3700000000000000000000000000000000000000000000000000000000000000000007D
:20F37800000000000000000000000000000000000000000000000000000000000000000075
:20F3800000000000000000000000000000000000000000000000000000000000000000006D
:20F38800000000000000000000000000000000000000000000000000000000000000000065
:20F3900000000000000000000000000000000000000000000000000000000000000000005D
:20F39800000000000000000000000000000000000000000000000000000000000000000055
:20F3A00000000000000000000000000000000000000000000000000000000000000000004D
:20F3A800000000000000000000000000000000000000000000000000000000000000000045
:20F3B00000000000000000000000000000000000000000000000000000000000000000003D
:20F3B800000000000000000000000000000000000000000000000000000000000000000035
:20F3C00000000000000000000000000000000000000000000000000000000000000000002D
:20F3C800000000000000000000000000000000000000000000000000000000000000000025
:20F3D00000000000000000000000000000000000000000000000000000000000000000001D
:20F3D800000000000000000000000000000000000000000000000000000000000000000015
:20F3E00000000000000000000000000000000000000000000000000000000000000000000D
:20F3E800000000000000000000000000000000000000000000000000000000000000000005
:20F3F0000000000000000000000000000000000000000000000000000000000000000000FD
:20F3F8000000000000000000000000000000000000000000000000000000000000000000F5
:20F400000000000000000000000000000000000000000000000000000000000000000000EC
:20F408000000000000000000000000000000000000000000000000000000000000000000E4
:20F410000000000000000000000000000000000000000000000000000000000000000000DC
:20F418000000000000000000000000000000000000000000000000000000000000000000D4
:20F420000000000000000000000000000000000000000000000000000000000000000000CC
:20F428000000000000000000000000000000000000000000000000000000000000000000C4
:20F430000000000000000000000000000000000000000000000000000000000000000000BC
:20F438000000000000000000000000000000000000000000000000000000000000000000B4
:20F440000000000000000000000000000000000000000000000000000000000000000000AC
:20F448000000000000000000000000000000000000000000000000000000000000000000A4
:20F4500000000000000000000000000000000000000000000000000000000000000000009C
:20F45800000000000000000000000000000000000000000000000000000000000000000094
:20F4600000000000000000000000000000000000000000000000000000000000000000008C
:20F46800000000000000000000000000000000000000000000000000000000000000000084
:20F4700000000000000000000000000000000000000000000000000000000000000000007C
:20F47800000000000000000000000000000000000000000000000000000000000000000074
:20F4800000000000000000000000000000000000000000000000000000000000000000006C
:20F48800000000000000000000000000000000000000000000000000000000000000000064
:20F4900000000000000000000000000000000000000000000000000000000000000000005C
:20F49800000000000000000000000000000000000000000000000000000000000000000054
:20F4A00000000000000000000000000000000000000000000000000000000000000000004C
:20F4A800000000000000000000000000000000000000000000000000000000000000000044
:20F4B00000000000000000000000000000000000000000000000000000000000000000003C
:20F4B800000000000000000000000000000000000000000000000000000000000000000034
:20F4C00000000000000000000000000000000000000000000000000000000000000000002C
:20F4C800000000000000000000000000000000000000000000000000000000000000000024
:20F4D00000000000000000000000000000000000000000000000000000000000000000001C
:20F4D800000000000000000000000000000000000000000000000000000000000000000014
:20F4E00000000000000000000000000000000000000000000000000000000000000000000C
:20F4E800000000000000000000000000000000000000000000000000000000000000000004
:20F4F0000000000000000000000000000000000000000000000000000000000000000000FC
:20F4F8000000000000000000000000000000000000000000000000000000000000000000F4
:20F500000000000000000000000000000000000000000000000000000000000000000000EB
:20F508000000000000000000000000000000000000000000000000000000000000000000E3
:20F510000000000000000000000000000000000000000000000000000000000000000000DB
:20F518000000000000000000000000000000000000000000000000000000000000000000D3
:20F520000000000000000000000000000000000000000000000000000000000000000000CB
:20F528000000000000000000000000000000000000000000000000000000000000000000C3
:20F530000000000000000000000000000000000000000000000000000000000000000000BB
:20F538000000000000000000000000000000000000000000000000000000000000000000B3
:20F540000000000000000000000000000000000000000000000000000000000000000000AB
:20F548000000000000000000000000000000000000000000000000000000000000000000A3
:20F5500000000000000000000000000000000000000000000000000000000000000000009B
:20F55800000000000000000000000000000000000000000000000000000000000000000093
:20F5600000000000000000000000000000000000000000000000000000000000000000008B
:20F56800000000000000000000000000000000000000000000000000000000000000000083
:20F5700000000000000000000000000000000000000000000000000000000000000000007B
:20F57800000000000000000000000000000000000000000000000000000000000000000073
:20F5800000000000000000000000000000000000000000000000000000000000000000006B
:20F58800000000000000000000000000000000000000000000000000000000000000000063
:20F5900000000000000000000000000000000000000000000000000000000000000000005B
:20F59800000000000000000000000000000000000000000000000000000000000000000053
:20F5A00000000000000000000000000000000000000000000000000000000000000000004B
:20F5A800000000000000000000000000000000000000000000000000000000000000000043
:20F5B00000000000000000000000000000000000000000000000000000000000000000003B
:20F5B800000000000000000000000000000000000000000000000000000000000000000033
:20F5C00000000000000000000000000000000000000000000000000000000000000000002B
:20F5C800000000000000000000000000000000000000000000000000000000000000000023
:20F5D00000000000000000000000000000000000000000000000000000000000000000001B
:20F5D800000000000000000000000000000000000000000000000000000000000000000013
:20F5E00000000000000000000000000000000000000000000000000000000000000000000B
:20F5E800000000000000000000000000000000000000000000000000000000000000000003
:20F5F0000000000000000000000000000000000000000000000000000000000000000000FB
:20F5F8000000000000000000000000000000000000000000000000000000000000000000F3
:20F600000000000000000000000000000000000000000000000000000000000000000000EA
:20F608000000000000000000000000000000000000000000000000000000000000000000E2
:20F610000000000000000000000000000000000000000000000000000000000000000000DA
:20F618000000000000000000000000000000000000000000000000000000000000000000D2
:20F620000000000000000000000000000000000000000000000000000000000000000000CA
:20F628000000000000000000000000000000000000000000000000000000000000000000C2
:20F630000000000000000000000000000000000000000000000000000000000000000000BA
:20F638000000000000000000000000000000000000000000000000000000000000000000B2
:20F640000000000000000000000000000000000000000000000000000000000000000000AA
:20F648000000000000000000000000000000000000000000000000000000000000000000A2
:20F6500000000000000000000000000000000000000000000000000000000000000000009A
:20F65800000000000000000000000000000000000000000000000000000000000000000092
:20F6600000000000000000000000000000000000000000000000000000000000000000008A
:20F66800000000000000000000000000000000000000000000000000000000000000000082
:20F6700000000000000000000000000000000000000000000000000000000000000000007A
:20F67800000000000000000000000000000000000000000000000000000000000000000072
:20F6800000000000000000000000000000000000000000000000000000000000000000006A
:20F68800000000000000000000000000000000000000000000000000000000000000000062
:20F6900000000000000000000000000000000000000000000000000000000000000000005A
:20F69800000000000000000000000000000000000000000000000000000000000000000052
:20F6A00000000000000000000000000000000000000000000000000000000000000000004A
:20F6A800000000000000000000000000000000000000000000000000000000000000000042
:20F6B00000000000000000000000000000000000000000000000000000000000000000003A
:20F6B800000000000000000000000000000000000000000000000000000000000000000032
:20F6C00000000000000000000000000000000000000000000000000000000000000000002A
:20F6C800000000000000000000000000000000000000000000000000000000000000000022
:20F6D00000000000000000000000000000000000000000000000000000000000000000001A
:20F6D800000000000000000000000000000000000000000000000000000000000000000012
:20F6E00000000000000000000000000000000000000000000000000000000000000000000A
:20F6E800000000000000000000000000000000000000000000000000000000000000000002
:20F6F0000000000000000000000000000000000000000000000000000000000000000000FA
:20F6F8000000000000000000000000000000000000000000000000000000000000000000F2
:20F700000000000000000000000000000000000000000000000000000000000000000000E9
:20F708000000000000000000000000000000000000000000000000000000000000000000E1
:20F710000000000000000000000000000000000000000000000000000000000000000000D9
:20F718000000000000000000000000000000000000000000000000000000000000000000D1
:20F720000000000000000000000000000000000000000000000000000000000000000000C9
:20F728000000000000000000000000000000000000000000000000000000000000000000C1
:20F730000000000000000000000000000000000000000000000000000000000000000000B9
:20F738000000000000000000000000000000000000000000000000000000000000000000B1
:20F740000000000000000000000000000000000000000000000000000000000000000000A9
:20F748000000000000000000000000000000000000000000000000000000000000000000A1
:20F75000000000000000000000000000000000000000000000000000000000000000000099
:20F75800000000000000000000000000000000000000000000000000000000000000000091
:20F76000000000000000000000000000000000000000000000000000000000000000000089
:20F76800000000000000000000000000000000000000000000000000000000000000000081
:20F77000000000000000000000000000000000000000000000000000000000000000000079
:20F77800000000000000000000000000000000000000000000000000000000000000000071
:20F78000000000000000000000000000000000000000000000000000000000000000000069
:20F78800000000000000000000000000000000000000000000000000000000000000000061
:20F79000000000000000000000000000000000000000000000000000000000000000000059
:20F79800000000000000000000000000000000000000000000000000000000000000000051
:20F7A000000000000000000000000000000000000000000000000000000000000000000049
:20F7A800000000000000000000000000000000000000000000000000000000000000000041
:20F7B000000000000000000000000000000000000000000000000000000000000000000039
:20F7B800000000000000000000000000000000000000000000000000000000000000000031
:20F7C000000000000000000000000000000000000000000000000000000000000000000029
:20F7C800000000000000000000000000000000000000000000000000000000000000000021
:20F7D000000000000000000000000000000000000000000000000000000000000000000019
:20F7D800000000000000000000000000000000000000000000000000000000000000000011
:20F7E000000000000000000000000000000000000000000000000000000000000000000009
:20F7E800000000000000000000000000000000000000000000000000000000000000000001
:20F7F0000000000000000000000000000000000000000000000000000000000000000000F9
:20F7F8000000000000000000000000000000000000000000000000000000000000000000F1
:20F800000000000000000000000000000000000000000000000000000000000000000000E8
:20F808000000000000000000000000000000000000000000000000000000000000000000E0
:20F810000000000000000000000000000000000000000000000000000000000000000000D8
:20F818000000000000000000000000000000000000000000000000000000000000000000D0
:20F820000000000000000000000000000000000000000000000000000000000000000000C8
:20F828000000000000000000000000000000000000000000000000000000000000000000C0
:20F830000000000000000000000000000000000000000000000000000000000000000000B8
:20F838000000000000000000000000000000000000000000000000000000000000000000B0
:20F840000000000000000000000000000000000000000000000000000000000000000000A8
:20F848000000000000000000000000000000000000000000000000000000000000000000A0
:20F85000000000000000000000000000000000000000000000000000000000000000000098
:20F85800000000000000000000000000000000000000000000000000000000000000000090
:20F86000000000000000000000000000000000000000000000000000000000000000000088
:20F86800000000000000000000000000000000000000000000000000000000000000000080
:20F87000000000000000000000000000000000000000000000000000000000000000000078
:20F87800000000000000000000000000000000000000000000000000000000000000000070
:20F88000000000000000000000000000000000000000000000000000000000000000000068
:20F88800000000000000000000000000000000000000000000000000000000000000000060
:20F89000000000000000000000000000000000000000000000000000000000000000000058
:20F89800000000000000000000000000000000000000000000000000000000000000000050
:20F8A000000000000000000000000000000000000000000000000000000000000000000048
:20F8A800000000000000000000000000000000000000000000000000000000000000000040
:20F8B000000000000000000000000000000000000000000000000000000000000000000038
:20F8B800000000000000000000000000000000000000000000000000000000000000000030
:20F8C000000000000000000000000000000000000000000000000000000000000000000028
:20F8C800000000000000000000000000000000000000000000000000000000000000000020
:20F8D000000000000000000000000000000000000000000000000000000000000000000018
:20F8D800000000000000000000000000000000000000000000000000000000000000000010
:20F8E000000000000000000000000000000000000000000000000000000000000000000008
:20F8E800000000000000000000000000000000000000000000000000000000000000000000
:20F8F0000000000000000000000000000000000000000000000000000000000000000000F8
:20F8F8000000000000000000000000000000000000000000000000000000000000000000F0
:20F900000000000000000000000000000000000000000000000000000000000000000000E7
:20F908000000000000000000000000000000000000000000000000000000000000000000DF
:20F910000000000000000000000000000000000000000000000000000000000000000000D7
:20F918000000000000000000000000000000000000000000000000000000000000000000CF
:20F920000000000000000000000000000000000000000000000000000000000000000000C7
:20F928000000000000000000000000000000000000000000000000000000000000000000BF
:20F930000000000000000000000000000000000000000000000000000000000000000000B7
:20F938000000000000000000000000000000000000000000000000000000000000000000AF
:20F940000000000000000000000000000000000000000000000000000000000000000000A7
:20F9480000000000000000000000000000000000000000000000000000000000000000009F
:20F95000000000000000000000000000000000000000000000000000000000000000000097
:20F9580000000000000000000000000000000000000000000000000000000000000000008F
:20F96000000000000000000000000000000000000000000000000000000000000000000087
:20F9680000000000000000000000000000000000000000000000000000000000000000007F
:20F97000000000000000000000000000000000000000000000000000000000000000000077
:20F9780000000000000000000000000000000000000000000000000000000000000000006F
:20F98000000000000000000000000000000000000000000000000000000000000000000067
:20F9880000000000000000000000000000000000000000000000000000000000000000005F
:20F99000000000000000000000000000000000000000000000000000000000000000000057
:20F9980000000000000000000000000000000000000000000000000000000000000000004F
:20F9A000000000000000000000000000000000000000000000000000000000000000000047
:20F9A80000000000000000000000000000000000000000000000000000000000000000003F
:20F9B000000000000000000000000000000000000000000000000000000000000000000037
:20F9B80000000000000000000000000000000000000000000000000000000000000000002F
:20F9C000000000000000000000000000000000000000000000000000000000000000000027
:20F9C80000000000000000000000000000000000000000000000000000000000000000001F
:20F9D000000000000000000000000000000000000000000000000000000000000000000017
:20F9D80000000000000000000000000000000000000000000000000000000000000000000F
:20F9E000000000000000000000000000000000000000000000000000000000000000000007
:20F9E8000000000000000000000000000000000000000000000000000000000000000000FF
:20F9F0000000000000000000000000000000000000000000000000000000000000000000F7
:20F9F8000000000000000000000000000000000000000000000000000000000000000000EF
:00000001FF
